ParticipantID,Visit,Condition,stance_pct,strain_mean,strain_sd,grf_bw,fmtu_bw,r_internal,R_external,ema_median,n_stances
GJ03,Pre,HEEL,0,-0.356906801551768,0.633862243672479,0.0373854067500467,-0.339526874333917,0.0375001552576739,-0.225661822666347,-0.0358502905410707,39
GJ03,Pre,HEEL,1,-0.334094943800242,0.637571558368348,0.0460276952517186,-0.317825862399007,0.0374663160738015,-0.253381868582444,-0.0385433492471354,39
GJ03,Pre,HEEL,2,-0.319594420940002,0.632702910563251,0.058772508630956,-0.304031456740333,0.0374241401620666,-0.2623578903973,-0.0416736892856473,39
GJ03,Pre,HEEL,3,-0.316240020488252,0.616786407708804,0.0761748765765862,-0.300840402112921,0.0373815266392809,-0.263786872719858,-0.0446982112839625,39
GJ03,Pre,HEEL,4,-0.325408615723138,0.589200323417254,0.0990104823497877,-0.309562523598415,0.0373381740469696,-0.260282889317294,-0.0482450127385318,39
GJ03,Pre,HEEL,5,-0.346521948039213,0.5514404539369,0.128113301712288,-0.329647721462066,0.0373010402261786,-0.254172382777522,-0.0580049046156848,39
GJ03,Pre,HEEL,6,-0.376513154869189,0.507505041333136,0.164199227128641,-0.35817847702125,0.0372654288066935,-0.24626527863808,-0.083629463824175,39
GJ03,Pre,HEEL,7,-0.409963921909481,0.462996382352349,0.207725367163673,-0.390000326108694,0.0372403833849338,-0.236756225369059,-0.0951688207187701,39
GJ03,Pre,HEEL,8,-0.439359875738293,0.424355291252561,0.258644769363492,-0.417964815096201,0.0372281413130474,-0.226627428366697,-0.130918826583862,39
GJ03,Pre,HEEL,9,-0.45596088669907,0.397993645870015,0.316292038640369,-0.433757423524477,0.0372328992938611,-0.215449134276593,-0.154186924763071,39
GJ03,Pre,HEEL,10,-0.451289726786031,0.390720653915852,0.37922814153688,-0.429313730330925,0.0372533336734752,-0.204273660326732,-0.160948675491124,39
GJ03,Pre,HEEL,11,-0.418307519393398,0.411095153334232,0.445331181352064,-0.397937623918928,0.0372966490163782,-0.192587138418894,-0.126967896664132,39
GJ03,Pre,HEEL,12,-0.353089271960064,0.467926655065921,0.511919041833802,-0.335895243094857,0.0373494868195193,-0.181216611278704,-0.121018346784999,39
GJ03,Pre,HEEL,13,-0.25573650949733,0.564526741602062,0.576088388099749,-0.24328316900988,0.0374242482307343,-0.16981072625687,-0.117155889132643,39
GJ03,Pre,HEEL,14,-0.130357145265797,0.69648236518345,0.635034134756632,-0.124009276054014,0.0375069108538667,-0.158874002041995,-0.114057581069753,39
GJ03,Pre,HEEL,15,0.0145811378023838,0.852129856601231,0.686480009786276,0.0138710949770382,0.0375988009850177,-0.148257517411579,-0.0989938471041911,39
GJ03,Pre,HEEL,16,0.167777793977,1.01697008519424,0.728895499040658,0.159607689525603,0.0377041605533231,-0.138248046927888,-0.101526449948338,39
GJ03,Pre,HEEL,17,0.317156599176984,1.17610779216043,0.761691005870356,0.301712347102238,0.0377981912539266,-0.128778044381756,-0.0992824765429883,39
GJ03,Pre,HEEL,18,0.44939718564708,1.31371504663,0.78519656768109,0.42751334834139,0.0379031271275666,-0.120045953334172,-0.10269978417969,39
GJ03,Pre,HEEL,19,0.554929833344146,1.41905576571669,0.800495360958986,0.527906980115791,0.0380025429006634,-0.112079172457354,-0.107437286914136,39
GJ03,Pre,HEEL,20,0.626433937869028,1.48330977239711,0.809177031890385,0.595929122047029,0.0380926393038441,-0.10499130296252,-0.112328609578442,39
GJ03,Pre,HEEL,21,0.660231586263403,1.50234559439975,0.813042890689862,0.628080960760348,0.0381842270898392,-0.0987838219387981,-0.117256000398306,39
GJ03,Pre,HEEL,22,0.658081789341108,1.47801273832886,0.813811194022063,0.626035850310489,0.038263468316389,-0.0934379251226818,-0.122452652057831,39
GJ03,Pre,HEEL,23,0.624311812097239,1.41528230345494,0.812867340079427,0.593910335273826,0.0383370646516088,-0.0889293776330391,-0.127572862879124,39
GJ03,Pre,HEEL,24,0.566964974107467,1.32350591003742,0.811145749078395,0.539356057879993,0.0384029145170144,-0.0850027239709603,-0.13307740746928,39
GJ03,Pre,HEEL,25,0.495417332356733,1.21415619076214,0.809036470068507,0.471292498810873,0.0384640124592354,-0.081663521959947,-0.138388542273193,39
GJ03,Pre,HEEL,26,0.419991828631472,1.09964485371433,0.806486615118004,0.399539914064503,0.038519032837041,-0.0785598024393217,-0.144139859592226,39
GJ03,Pre,HEEL,27,0.350170837757228,0.992282638240415,0.803062220526569,0.333118924911707,0.0385684836032488,-0.0756040486746148,-0.149711761926315,39
GJ03,Pre,HEEL,28,0.293739937780728,0.902141673235039,0.798161202304239,0.279435983030052,0.0386111039694449,-0.0725776453389034,-0.155660946158403,39
GJ03,Pre,HEEL,29,0.255747485535228,0.836371279417293,0.791136127545993,0.243293610558834,0.0386522941377073,-0.0694255213317906,-0.161551393285545,39
GJ03,Pre,HEEL,30,0.238650602094688,0.79843815638752,0.781510525540955,0.227029276648189,0.0386911909716498,-0.0659968348420423,-0.167695137061917,39
GJ03,Pre,HEEL,31,0.241935529972796,0.787929917289134,0.769009513385104,0.230154241737163,0.0387256441218154,-0.0623630150212258,-0.173899037664179,39
GJ03,Pre,HEEL,32,0.262648512291089,0.800692445717903,0.75368208581584,0.249858585039356,0.0387570835006924,-0.0584972221608008,-0.148890501362461,39
GJ03,Pre,HEEL,33,0.295821653625348,0.829702675758499,0.735853212703517,0.281416327677176,0.0387873990614948,-0.0544660658116195,-0.153482997050144,39
GJ03,Pre,HEEL,34,0.335699161754469,0.867306412715701,0.716085658315806,0.319351961384459,0.038815545578276,-0.0503960241199825,-0.158365809009417,39
GJ03,Pre,HEEL,35,0.376474199729075,0.905633029364563,0.695111843190817,0.358141418839942,0.0388402662611437,-0.0463236704676902,-0.163056094562393,39
GJ03,Pre,HEEL,36,0.412810753919015,0.938171433163697,0.673708561393636,0.392708528837664,0.0388630653475577,-0.0424302520390306,-0.167976541636966,39
GJ03,Pre,HEEL,37,0.4409314467427,0.960098039130793,0.652662488022194,0.419459856907116,0.0388850535757418,-0.0387594221132805,-0.172842582170514,39
GJ03,Pre,HEEL,38,0.458733783141127,0.969235739817451,0.632634482760776,0.436395291051041,0.0389033625910007,-0.0354298332271046,-0.175840033784904,39
GJ03,Pre,HEEL,39,0.465779317907401,0.965189367809391,0.614171236884824,0.443097736582489,0.0389206176448314,-0.0324557442498851,-0.180885800708151,39
GJ03,Pre,HEEL,40,0.463359338576214,0.949997461920505,0.59762668415744,0.440795600521483,0.0389352065590501,-0.0298575327085229,-0.186227382284251,39
GJ03,Pre,HEEL,41,0.453775957191201,0.926734846783044,0.583196549606205,0.431678891304802,0.0389523022651231,-0.0275812157139499,-0.191266630854449,39
GJ03,Pre,HEEL,42,0.44031198471142,0.899665941884597,0.570911973041557,0.418870560187819,0.0389676956698383,-0.0255742493246115,-0.196583881408077,39
GJ03,Pre,HEEL,43,0.426313477195161,0.872819692788907,0.560693206517923,0.405553723742925,0.0389817821984588,-0.0237304760818771,-0.201712705150204,39
GJ03,Pre,HEEL,44,0.414673657159221,0.849748959718445,0.552365337513916,0.394480716175042,0.0389963571637704,-0.0219896047521786,-0.20696654026678,39
GJ03,Pre,HEEL,45,0.407618027295221,0.832723670812123,0.54572638461315,0.387768667136565,0.0390142079277578,-0.0202463071989091,-0.212165809572319,39
GJ03,Pre,HEEL,46,0.406684208932136,0.823458124098755,0.540566259382832,0.386880321975769,0.0390309453083268,-0.0184637561900423,0.340202555883226,39
GJ03,Pre,HEEL,47,0.412225636250752,0.82222455481995,0.536697456650527,0.392151904048899,0.0390467768593331,-0.0166265002191946,0.336871348320478,39
GJ03,Pre,HEEL,48,0.423739175482097,0.828318740941493,0.533981857971712,0.403104780179988,0.039064565095252,-0.0147234378330814,0.33382785691336,39
GJ03,Pre,HEEL,49,0.44001743409955,0.840394896656393,0.532310482634932,0.418590353007271,0.0390822966744246,-0.012807337885306,0.330966876805423,39
GJ03,Pre,HEEL,50,0.459528814005675,0.85655340143752,0.531637957439126,0.437151607106844,0.0391037130370823,-0.0108795715216141,0.328154644673518,39
GJ03,Pre,HEEL,51,0.48050274794379,0.875053839058269,0.531918118678623,0.457104194733453,0.0391269485931633,-0.00905498664373794,0.325389925124127,39
GJ03,Pre,HEEL,52,0.501697075475596,0.894183369713586,0.533167315603798,0.47726644367126,0.0391502106849624,-0.00731017050194426,0.32267152415793,39
GJ03,Pre,HEEL,53,0.52192896334371,0.912804795113789,0.535382883861316,0.496513119890006,0.03917309067799,-0.00571851599189116,0.320110210546604,39
GJ03,Pre,HEEL,54,0.540479926511723,0.929932037947553,0.538588223820139,0.514160725687749,0.0391992083969063,-0.00427723469611628,0.317778384830041,39
GJ03,Pre,HEEL,55,0.557265176623075,0.945555559131767,0.542791096441822,0.530128601560223,0.0392254865434029,-0.00300656512669096,0.370077911583931,39
GJ03,Pre,HEEL,56,0.572526452798311,0.959987824158288,0.547998330365793,0.544646714904088,0.0392540960551987,-0.00189250447625273,0.362910390274409,39
GJ03,Pre,HEEL,57,0.586995053340705,0.974094134502338,0.554203407515301,0.558410752733533,0.039283118270366,-0.000903817126700422,0.356015576365206,39
GJ03,Pre,HEEL,58,0.601440590370259,0.988911822471215,0.561377533015638,0.572152850150547,0.03931286947276,-4.04539833097027e-05,0.349698341970555,39
GJ03,Pre,HEEL,59,0.616806040163642,1.00547452212127,0.569485179460982,0.586770064275914,0.0393432070147109,0.000745873731070982,0.343653262423192,39
GJ03,Pre,HEEL,60,0.633797145543458,1.02472320562878,0.57846195610885,0.602933771092386,0.0393753827525634,0.00146298547822285,0.337813923068933,39
GJ03,Pre,HEEL,61,0.653127975940036,1.04740392568936,0.588234396051766,0.621323267718096,0.0394077021178554,0.00214090786740859,0.332169996311706,39
GJ03,Pre,HEEL,62,0.675035597981833,1.07385320954392,0.598701959040627,0.642164076589207,0.0394421704411681,0.00277676850110695,0.326740339790723,39
GJ03,Pre,HEEL,63,0.699777379890616,1.10426110481808,0.609760569707631,0.665701033129168,0.0394762395430749,0.00338649085027438,0.32174799126379,39
GJ03,Pre,HEEL,64,0.727046014407398,1.1383400125953,0.621277914358627,0.691641794707773,0.0395112718751249,0.00394215579212378,0.316906150156172,39
GJ03,Pre,HEEL,65,0.756622038802791,1.17561318921682,0.63313395103026,0.719777585548775,0.0395466787021863,0.0044697144203971,0.312208111378694,39
GJ03,Pre,HEEL,66,0.787940679649991,1.21560772079036,0.645183586054865,0.749571134422049,0.0395825674692522,0.00491359694937413,0.497166894275419,39
GJ03,Pre,HEEL,67,0.820582327703869,1.25754972357062,0.657308788199563,0.780623265366753,0.0396191327632032,0.00531522834316345,0.49241528286197,39
GJ03,Pre,HEEL,68,0.854017247971117,1.30093953641964,0.669379725981253,0.812430039355328,0.0396558723306473,0.00561809842421477,0.487753744577419,39
GJ03,Pre,HEEL,69,0.887918593316917,1.34529862845959,0.681294193598583,0.844680525395183,0.0396922153795545,0.00583780913692459,0.483849361842506,39
GJ03,Pre,HEEL,70,0.921934703528634,1.39014582894954,0.692962442463292,0.877040187713097,0.0397293519603375,0.00596844106550963,0.480153624525308,39
GJ03,Pre,HEEL,71,0.955962175271977,1.43547161482327,0.704303729235303,0.909410658301699,0.0397657196619682,0.00597650569210181,0.476513837117034,39
GJ03,Pre,HEEL,72,0.990030243874336,1.48112836809987,0.715260476993946,0.941819748845395,0.0398011940798123,0.00591313507024242,0.472928738621097,39
GJ03,Pre,HEEL,73,1.02391710050851,1.5269793231338,0.725755061971077,0.974056451715663,0.0398369912464495,0.00571755637817085,0.469609544503976,39
GJ03,Pre,HEEL,74,1.05775231962726,1.57302976372839,0.735710935232997,1.00624403161004,0.0398714923273175,0.0054360168359179,0.466896108829641,39
GJ03,Pre,HEEL,75,1.09128573583022,1.61910924376278,0.745005748956944,1.038144505178,0.0399044832863266,0.00500918231451766,0.464213791017044,39
GJ03,Pre,HEEL,76,1.12416764355953,1.66455860574667,0.753484736360242,1.06942519611729,0.0399372419412952,0.00450460338592478,0.585129366083349,39
GJ03,Pre,HEEL,77,1.15578535638531,1.70882329343266,0.760913614153569,1.09950325336543,0.039967740280815,0.0038098447199139,0.580284337803053,39
GJ03,Pre,HEEL,78,1.18554518820645,1.75086989692113,0.767009921826441,1.12781390094906,0.0399937044688591,0.00301466041897555,0.576376549773365,39
GJ03,Pre,HEEL,79,1.21189120208342,1.78882796154529,0.771398413608331,1.15287696980601,0.0400180658133333,0.00202930598307491,0.573688801656287,39
GJ03,Pre,HEEL,80,1.23377064396904,1.82124072910058,0.7736538140192,1.17369097078133,0.0400345444823967,0.000856243027292508,0.571609442077684,39
GJ03,Pre,HEEL,81,1.24887608270188,1.8450480471988,0.773286318472887,1.1880608353401,0.0400474829220799,-0.000532778271369102,0.568435406537174,39
GJ03,Pre,HEEL,82,1.2551549369509,1.85750586820068,0.769773743277785,1.19403393461504,0.0400549830280442,-0.00219487525099023,0.564074350828252,39
GJ03,Pre,HEEL,83,1.25071519140764,1.85607729742032,0.762583311604364,1.18981038684125,0.0400525440460825,-0.00413244078539658,0.562738337591648,39
GJ03,Pre,HEEL,84,1.23300242955053,1.83730866874718,0.751184638143137,1.17296016531839,0.0400438771335409,-0.00642998253565374,0.561688556187588,39
GJ03,Pre,HEEL,85,1.20085710442988,1.79959940954972,0.735072238353518,1.14238018837424,0.0400224314726747,-0.00906228026117626,0.558055814417514,39
GJ03,Pre,HEEL,86,1.15287150076396,1.74112708252644,0.713793691463796,1.09673129080524,0.0399925506420516,-0.0121477926167214,0.559317665142546,39
GJ03,Pre,HEEL,87,1.08969728071312,1.66266367527087,0.686971050309907,1.03663340144285,0.0399479476229874,-0.0156014687128348,0.560279513104522,39
GJ03,Pre,HEEL,88,1.01222994073087,1.56543035189608,0.654322247430279,0.962938409661291,0.0398932562838641,-0.0195837737195211,0.444829887463768,39
GJ03,Pre,HEEL,89,0.923181356902013,1.45278440089157,0.615716319453795,0.878226134076128,0.0398277601641951,-0.023857042037527,0.444558862250621,39
GJ03,Pre,HEEL,90,0.826098063964388,1.32957975206557,0.571194848831186,0.785870407433091,0.0397476953032926,-0.0286864568704508,0.272247642843657,39
GJ03,Pre,HEEL,91,0.724447571899157,1.20012374626568,0.521066648658494,0.689169885909388,0.0396564324582256,-0.0336891552147264,0.271898064271459,39
GJ03,Pre,HEEL,92,0.621173188639858,1.06855629646416,0.465939627264017,0.590924550168129,0.0395517292158612,-0.0392346941491006,0.271549381836727,39
GJ03,Pre,HEEL,93,0.517726576936368,0.93696835411229,0.406779864264432,0.492515372815911,0.0394347931340639,-0.0449166296217528,0.271201592098028,39
GJ03,Pre,HEEL,94,0.413319923058618,0.805197979220112,0.344932998282415,0.393192903485963,0.0393080386936011,-0.0512720492898799,0.270854691631526,39
GJ03,Pre,HEEL,95,0.305366619327573,0.671006267724435,0.282096537905963,0.290496491900471,0.0391729091498352,-0.0582403396906142,0.22734466119284,39
GJ03,Pre,HEEL,96,0.190075615762047,0.531786277060236,0.220257626194339,0.180819696980254,0.0390278303729334,-0.0667081277441622,0.225661409584232,39
GJ03,Pre,HEEL,97,0.0637243258126908,0.388560535902192,0.16159332350641,0.0606212071839175,0.0388761011263434,-0.0784020762351019,0.224025036131179,39
GJ03,Pre,HEEL,98,-0.075304109305111,0.260495187822639,0.108322538724144,-0.0716371017467301,0.0387177977588631,-0.0979630255390954,-0.089439958439552,39
GJ03,Pre,HEEL,99,-0.225183487125401,0.225799207695006,0.0627930482659809,-0.214217956068315,0.0385610754383284,-0.149810444366166,-0.202368530754868,39
GJ03,Pre,HEEL,100,-0.379310598625144,0.335868926121946,0.032400933751894,-0.360839696506155,0.0384090035971112,-0.463759443162631,-0.0743417764811931,39
GP04,Pre,HEEL,0,0.0419523772518154,0.0365714565504983,0.0280625475930393,0.0377363869337903,0.0351962951012878,0.049008730617283,0.457537841510471,14
GP04,Pre,HEEL,1,0.000677833865916295,0.0452669178510287,0.038538736323567,0.000609715175078369,0.0351022331773258,0.00234819261407912,0.729469927141774,14
GP04,Pre,HEEL,2,-0.0542877352178399,0.0538514733051284,0.0501132412706381,-0.0488321071686327,0.0350000874652918,-0.0321135248130583,-0.946076677109345,14
GP04,Pre,HEEL,3,-0.121276024975424,0.0619338823628769,0.0628317615857409,-0.109088430836576,0.0348845718201354,-0.058696908364824,-0.579515940391406,14
GP04,Pre,HEEL,4,-0.19763944027676,0.069167317810994,0.0770819768262714,-0.177777729898222,0.0347542948321251,-0.079092054578722,-0.425209392495666,14
GP04,Pre,HEEL,5,-0.279980461847142,0.0751821598097028,0.0936161594486763,-0.251843917658036,0.034611863204718,-0.093584894074513,-0.373340382827984,14
GP04,Pre,HEEL,6,-0.364197791189628,0.0793813232250891,0.113457857284805,-0.327597854259114,0.0344689718547893,-0.101799744410416,-0.336800775945331,14
GP04,Pre,HEEL,7,-0.445568508004919,0.0806614754197743,0.137727356080845,-0.400791247720239,0.0343286079106527,-0.103601599643027,-0.347447025614805,14
GP04,Pre,HEEL,8,-0.51858617401275,0.0778242412158916,0.167521077161785,-0.466471027460362,0.0341901734134955,-0.0995366982295385,-0.36126810826564,14
GP04,Pre,HEEL,9,-0.576283666824113,0.069912463864666,0.203869091659388,-0.518370229757532,0.0340662417011402,-0.0907962623232769,-0.386569424810047,14
GP04,Pre,HEEL,10,-0.610411811938251,0.0591650930909868,0.247767925815733,-0.549068678182262,0.0339587147887644,-0.0789042498567147,-0.42592610050961,14
GP04,Pre,HEEL,11,-0.611265788412003,0.0560223323893504,0.300234325136615,-0.549836834571885,0.0338791004544341,-0.0651318129937812,-0.519981755422084,14
GP04,Pre,HEEL,12,-0.56887897048219,0.0754075266252479,0.362147263773164,-0.511709665932775,0.0338331765581792,-0.050383769853539,-0.685489957337167,14
GP04,Pre,HEEL,13,-0.474827056895306,0.113550759044464,0.433819627976984,-0.427109468387963,0.0338077517514389,-0.0353915448717885,-1.01334837186409,14
GP04,Pre,HEEL,14,-0.323124935753437,0.15855270026192,0.514556335459079,-0.290652601886111,0.0338473341358527,-0.0207795384546494,-1.80836866350687,14
GP04,Pre,HEEL,15,-0.114165257313044,0.201389816989023,0.602450948276458,-0.102692257425635,0.0339057243120982,-0.00702803582713446,-2.1894756065286,14
GP04,Pre,HEEL,16,0.146026562320296,0.234972636893023,0.69457051293881,0.131351671092524,0.0340324765998803,0.00554816506707724,2.22321082151842,14
GP04,Pre,HEEL,17,0.444807674199026,0.254728794941202,0.787439930327331,0.400106873656783,0.0341788174519227,0.0167727216628386,1.64974195369916,14
GP04,Pre,HEEL,18,0.764549241822428,0.258505316651663,0.877649367611414,0.687716117877412,0.0343682453368354,0.0265611446877865,1.14813819184923,14
GP04,Pre,HEEL,19,1.08569746425405,0.247538259064265,0.962402209227086,0.976590655595163,0.0345839309449478,0.0348836819206007,0.919384850687535,14
GP04,Pre,HEEL,20,1.38976404997091,0.22632823094861,1.03982603742647,1.25010017004708,0.0348142193073887,0.0417457346212834,0.794859733440428,14
GP04,Pre,HEEL,21,1.66120961256636,0.199436649481774,1.1089944506269,1.49426690033932,0.035056268953337,0.0471889160329458,0.726574622196335,14
GP04,Pre,HEEL,22,1.8903474515325,0.172565254078745,1.16973181222451,1.7003776077373,0.0352990740704779,0.0513017663973147,0.67766540500577,14
GP04,Pre,HEEL,23,2.07215701681773,0.148891163647227,1.22227036125563,1.86391628071133,0.0355508170139982,0.0542237836897355,0.651187790255638,14
GP04,Pre,HEEL,24,2.20870187005479,0.13076454590097,1.2669210139338,1.98673910394833,0.0357861835385403,0.05614036132558,0.631256350690882,14
GP04,Pre,HEEL,25,2.30344113720239,0.118177112979009,1.30383760377674,2.07195757968443,0.0360180973181405,0.0572649832112373,0.627839898372316,14
GP04,Pre,HEEL,26,2.36316449518638,0.110521121838744,1.33292279384242,2.12567905850173,0.0362345987295189,0.0578151828573123,0.62599130656791,14
GP04,Pre,HEEL,27,2.39451747704891,0.107997978702522,1.35388405357708,2.15388123279071,0.036432712372291,0.0579894411986743,0.62389471891065,14
GP04,Pre,HEEL,28,2.40279649298831,0.111811014243827,1.3663385445964,2.1613282517533,0.0366179416226402,0.0579480811905877,0.626416729226121,14
GP04,Pre,HEEL,29,2.39248495059547,0.120105216472545,1.36997063646285,2.15205296441298,0.0367867835902349,0.0578061386571341,0.631743980577162,14
GP04,Pre,HEEL,30,2.36708862991179,0.132484160528254,1.36466046371392,2.12920883860191,0.036932253698814,0.0576353505689314,0.636926998895116,14
GP04,Pre,HEEL,31,2.32782114881914,0.149057839334062,1.3505746380108,2.09388753007312,0.0370691031445294,0.0574733246433165,0.641229386674648,14
GP04,Pre,HEEL,32,2.27625618894029,0.167509537636785,1.32819070559706,2.04750457383362,0.0371980348158857,0.0573357020429793,0.645980234285989,14
GP04,Pre,HEEL,33,2.21511831432747,0.18739964565189,1.29827707171064,1.99251072976966,0.0373015657408236,0.0572277613673855,0.650335201197524,14
GP04,Pre,HEEL,34,2.14507226178223,0.208697299354912,1.26183439814267,1.9295039321771,0.0374009664310715,0.0571532696980836,0.653304580593037,14
GP04,Pre,HEEL,35,2.06947275420068,0.230449030285068,1.22003625873847,1.86150177218084,0.0374758693183241,0.0571195928785285,0.655648778998131,14
GP04,Pre,HEEL,36,1.98952809245383,0.250852880468581,1.17413329781437,1.7895911228543,0.037545300885554,0.0571391838705483,0.657822367309913,14
GP04,Pre,HEEL,37,1.9084626438668,0.269992611402517,1.12537776296526,1.7166723197915,0.0375943003724271,0.0572282976192002,0.65978310916774,14
GP04,Pre,HEEL,38,1.82753566206244,0.286328736312188,1.07496419333888,1.6438780683377,0.0376379732566342,0.0574040879124086,0.661170026304206,14
GP04,Pre,HEEL,39,1.74902958518345,0.300159764282991,1.02398307930809,1.5732614337671,0.0376679376985843,0.0576812166491012,0.6618960800218,14
GP04,Pre,HEEL,40,1.67376475705704,0.310194278413196,0.973387628318004,1.5055603197245,0.0376926567616844,0.0580692527975908,0.657501385502841,14
GP04,Pre,HEEL,41,1.602794320735,0.316394868967654,0.923975504070178,1.44172203399797,0.0377091393390944,0.058571535660565,0.650592782038698,14
GP04,Pre,HEEL,42,1.53645364501992,0.318290976134035,0.876379713077685,1.38204824261289,0.037719766428366,0.0591851673561625,0.642250024890991,14
GP04,Pre,HEEL,43,1.47486809166071,0.31625975902191,0.831079383683493,1.32665170913052,0.0377283793246481,0.059902351701823,0.630882673997389,14
GP04,Pre,HEEL,44,1.41805207501094,0.310417921728044,0.788414572249326,1.27554539933876,0.0377350401942775,0.0607119288434088,0.616732953550171,14
GP04,Pre,HEEL,45,1.36601670067059,0.301685556911732,0.748611324120423,1.22873930278395,0.0377397328021661,0.061600770619163,0.602286504750378,14
GP04,Pre,HEEL,46,1.31873835245828,0.29069132293475,0.711813171306434,1.18621217658509,0.0377402989801091,0.0625543526378305,0.588384522745658,14
GP04,Pre,HEEL,47,1.27608611006021,0.278440007811053,0.678112857457481,1.14784625722214,0.0377387413966799,0.0635563760173214,0.579200960986222,14
GP04,Pre,HEEL,48,1.2380457433417,0.265959957473868,0.647579366825281,1.1136287446131,0.0377348222183164,0.064587792958035,0.570493653057163,14
GP04,Pre,HEEL,49,1.20404623185195,0.253765135497849,0.620283890325044,1.0830460028191,0.0377445807076778,0.0656258888678767,0.562494327739246,14
GP04,Pre,HEEL,50,1.17534057718412,0.2423139941677,0.59631769551437,1.05722511345135,0.0377275991253335,0.066644476463825,0.557018060902919,14
GP04,Pre,HEEL,51,1.150594517524,0.231910577059657,0.575804839617627,1.0349659008967,0.0377318224994867,0.0676150613333945,0.555701186883058,14
GP04,Pre,HEEL,52,1.13025341018757,0.222069050952506,0.558882915108217,1.01666896643452,0.037745941456987,0.06850989900872,0.555682574168244,14
GP04,Pre,HEEL,53,1.11499915629691,0.212956874683748,0.545711998718087,1.00294768375847,0.0377614269963677,0.069305588753139,0.555283513931665,14
GP04,Pre,HEEL,54,1.10516265783133,0.203732420768565,0.53645798909689,0.994099700962585,0.0377784211176371,0.0699872203549057,0.551766679332871,14
GP04,Pre,HEEL,55,1.10124453653617,0.194748737482059,0.531278681746087,0.990575329974974,0.0378049624027797,0.0705519716183645,0.547345504211754,14
GP04,Pre,HEEL,56,1.10410122606059,0.185385844125458,0.530314025770636,0.993144937427633,0.0378341095574434,0.0710109947702672,0.542922895478796,14
GP04,Pre,HEEL,57,1.11463567602188,0.17652403640035,0.533682606149916,1.00262073131382,0.0378678679426787,0.0713891819154832,0.539051594318422,14
GP04,Pre,HEEL,58,1.13353885948128,0.167757060644335,0.541479061792673,1.01962424558485,0.0379107470862791,0.0717225834344055,0.536102935361192,14
GP04,Pre,HEEL,59,1.1619211869582,0.160138227647453,0.553769027606904,1.04515430042111,0.0379599977253521,0.0720541078345774,0.533089244728358,14
GP04,Pre,HEEL,60,1.20052371413969,0.153513362926475,0.570579222382552,1.07987747936277,0.0380190146940868,0.0724294390758362,0.531140413082607,14
GP04,Pre,HEEL,61,1.25041099722576,0.148835691599449,0.591882780996187,1.12475135638555,0.038084102972071,0.0728937444553556,0.527455425569263,14
GP04,Pre,HEEL,62,1.3125497281764,0.146462215262135,0.61756776401478,1.1806454760597,0.0381510006605401,0.0734895931238953,0.523248684491868,14
GP04,Pre,HEEL,63,1.38751348530351,0.146117613457285,0.64740763462433,1.2480757751338,0.0382224973537895,0.0742564956914302,0.518642692983544,14
GP04,Pre,HEEL,64,1.47534158780134,0.148266324168226,0.681025871583305,1.32707762143264,0.0383133795481767,0.0752310842958679,0.513177432939867,14
GP04,Pre,HEEL,65,1.57734400327436,0.151970938672834,0.717872766571731,1.41882933779823,0.0383952421333344,0.076447437343438,0.506376839227672,14
GP04,Pre,HEEL,66,1.69247746782063,0.15674421564769,0.757220574886207,1.52239250279046,0.038495868587923,0.0779371843651673,0.497945442580594,14
GP04,Pre,HEEL,67,1.82126193482717,0.161986241594247,0.798184088826082,1.63823481725217,0.0385959120050498,0.0797291561577478,0.488058377127087,14
GP04,Pre,HEEL,68,1.96301996304748,0.167646047210803,0.839764715090861,1.76574691917152,0.0386989717221491,0.0818478578329742,0.476324844495375,14
GP04,Pre,HEEL,69,2.11611379901833,0.173049581116346,0.880921766862795,1.90345564057954,0.0388170168010897,0.0843102837811914,0.463448713324706,14
GP04,Pre,HEEL,70,2.28028818431645,0.178221605641985,0.920651340453152,2.05113137516402,0.0389287689581901,0.0871231891988473,0.449699943880695,14
GP04,Pre,HEEL,71,2.45294616203566,0.182532435185079,0.958057095253298,2.20643814634671,0.0390473845858962,0.0902785537740213,0.435031429803408,14
GP04,Pre,HEEL,72,2.63192542408278,0.186653289848067,0.992398587775154,2.36743094647325,0.0391685507317274,0.0937492800819303,0.420220198280838,14
GP04,Pre,HEEL,73,2.81449360510062,0.189947123458504,1.02310867906923,2.53165199834199,0.0392860648935053,0.0974858141846313,0.405404531754974,14
GP04,Pre,HEEL,74,2.99650749847887,0.193176969653999,1.04976033033957,2.69537446552471,0.0394045362814141,0.101415940493366,0.389076264085314,14
GP04,Pre,HEEL,75,3.17341534734817,0.195570124719137,1.07199685077832,2.85450401845767,0.0395207819898524,0.105448150627373,0.373769646619564,14
GP04,Pre,HEEL,76,3.34012420830339,0.198504322115897,1.08943370417418,3.00445952740384,0.0396301164882179,0.109479449624005,0.359862825355228,14
GP04,Pre,HEEL,77,3.49088910854277,0.202266284824581,1.10157118200991,3.14007335870875,0.0397274872746344,0.113407238679555,0.347672521017469,14
GP04,Pre,HEEL,78,3.61917069140231,0.205907417149453,1.10771041950825,3.25546332619997,0.0398111716212973,0.117142284546376,0.336888639642534,14
GP04,Pre,HEEL,79,3.71719406152739,0.210047483932034,1.10692579950121,3.34363587006777,0.0398919690502066,0.120620320951114,0.327535036276322,14
GP04,Pre,HEEL,80,3.78094365432588,0.213363985981501,1.0981030067457,3.40097896855956,0.039941402720695,0.123809331790182,0.320686663741502,14
GP04,Pre,HEEL,81,3.80324088206194,0.216244044865759,1.0800354505504,3.42103544374685,0.0399730254368794,0.126709705331859,0.315449235088996,14
GP04,Pre,HEEL,82,3.77869760995437,0.219509937531036,1.05159536581351,3.39895863967652,0.0399912666519038,0.129346705407756,0.30927610277462,14
GP04,Pre,HEEL,83,3.7060254981924,0.2219977897356,1.01191886849211,3.33358968782227,0.0399684839137304,0.131755715360144,0.305116475755334,14
GP04,Pre,HEEL,84,3.57983785923871,0.222459215103641,0.960609564063957,3.22008323403456,0.0399355738705716,0.133963748880132,0.3001688431182,14
GP04,Pre,HEEL,85,3.40267654011055,0.222700428603166,0.897933321327444,3.06072568325282,0.0398582618125635,0.135969606266591,0.294929342260345,14
GP04,Pre,HEEL,86,3.17358010412107,0.218415501916849,0.824925445953311,2.854652218053,0.0397603217726803,0.137724786283527,0.290167877799956,14
GP04,Pre,HEEL,87,2.89749149699528,0.212043896866139,0.743417165301887,2.60630904445945,0.0396335610011986,0.139118411595475,0.286263910939165,14
GP04,Pre,HEEL,88,2.58217303500972,0.201362723739081,0.655967032475301,2.32267840733411,0.0394686645276341,0.139969197303425,0.28290710408854,14
GP04,Pre,HEEL,89,2.23811281539954,0.186860194375277,0.565674708756329,2.01319440603898,0.0392684030208957,0.140028462693686,0.280772763220876,14
GP04,Pre,HEEL,90,1.87934490183629,0.168204482921441,0.475898866855549,1.6904807556447,0.0390329714894945,0.13899727228641,0.279976073428671,14
GP04,Pre,HEEL,91,1.52253412456181,0.14621376667508,0.389926045277258,1.36952755977322,0.0387623492130607,0.136566133610148,0.281531690253636,14
GP04,Pre,HEEL,92,1.18481230921154,0.121764173821968,0.310636668415643,1.065744986892,0.0384698006103772,0.132486857012364,0.287566719155345,14
GP04,Pre,HEEL,93,0.882799307902734,0.0964299585594387,0.240231378945852,0.794082682560218,0.0381514581763156,0.12669066850775,0.298230002100454,14
GP04,Pre,HEEL,94,0.628930122376553,0.0716646448669949,0.180063275353109,0.565725997119524,0.0378160780826392,0.119468084918615,0.313848791649752,14
GP04,Pre,HEEL,95,0.430089796403784,0.0496565775194593,0.130599208648591,0.386868064137319,0.0374689702455991,0.111727596097714,0.336659360560687,14
GP04,Pre,HEEL,96,0.286548425113426,0.0329614861703981,0.0915236899992879,0.257751835621677,0.0371057383591481,0.105334767308217,0.357515045130426,14
GP04,Pre,HEEL,97,0.192098478744632,0.0249796764960541,0.061925076363646,0.17279360546812,0.0367493414800411,0.103511111572225,0.365196148934414,14
GP04,Pre,HEEL,98,0.136067262954859,0.0253906757288074,0.0405074968446123,0.122393228232714,0.0364120813255708,0.111082982601935,0.318004206814645,14
GP04,Pre,HEEL,99,0.105676383845277,0.0287007129005932,0.0257863593734876,0.095056470497785,0.0360981691267315,0.133856230452329,0.258487736116693,14
GP04,Pre,HEEL,100,0.0886133406945837,0.0318354974959001,0.0162141727408384,0.0797081722419412,0.035817700164279,0.17537410746329,0.189257283716472,14
DF07,Pre,HEEL,0,0.15317470638492,0.084078293739129,0.014184450242881,0.0787845294711859,0.0388471798056529,0.218002250085287,0.165952749842964,15
DF07,Pre,HEEL,1,0.169746096380821,0.12020224041699,0.0322045462422858,0.0873079286297245,0.0388436858841302,0.104560687433079,0.28151933431072,15
DF07,Pre,HEEL,2,0.173367673713205,0.154063148458186,0.0552683135044714,0.0891706661064875,0.0388211033324828,0.0613325921519358,0.416550289645712,15
DF07,Pre,HEEL,3,0.158280890034159,0.179755687476267,0.0823879280448943,0.0814108656705052,0.0387700176514919,0.0369454656141238,0.657171519425851,15
DF07,Pre,HEEL,4,0.121417281784559,0.19277562846522,0.112264714959131,0.0624502807338734,0.03868491230942,0.0202752058702525,0.774992344299302,15
DF07,Pre,HEEL,5,0.0637164297593251,0.190418990156681,0.143508497205379,0.0327721792758502,0.0385691164614321,0.00777974007311882,0.884354522493924,15
DF07,Pre,HEEL,6,-0.00918571807976961,0.172797100240051,0.174982510471934,-0.0047246212762505,0.0384235797254944,-0.00181380637601989,-1.06429305639396,15
DF07,Pre,HEEL,7,-0.0878651521760828,0.142784642492219,0.206146960702311,-0.0451929357952297,0.0382597160251002,-0.00890495392211034,-1.63999441926424,15
DF07,Pre,HEEL,8,-0.160595504142884,0.106342700583822,0.237273550814617,-0.0826013741282461,0.0380847965541854,-0.0135374381295359,-2.77629995295877,15
DF07,Pre,HEEL,9,-0.215174194772528,0.0736629587636151,0.269481916901061,-0.110673609824944,0.0379165352976433,-0.0156694311334804,-2.77289558044856,15
DF07,Pre,HEEL,10,-0.240743704417429,0.0621821207392144,0.304579595460431,-0.123825140085561,0.037751472906144,-0.0153582616485244,-2.44959839932984,15
DF07,Pre,HEEL,11,-0.228778765833319,0.0791491041516517,0.344704650089871,-0.117671042723482,0.0376062608332426,-0.0128723646825777,-3.04062391918445,15
DF07,Pre,HEEL,12,-0.173613932659001,0.109084854051563,0.391869414911938,-0.0892973279792637,0.0374935414028143,-0.00868954234745755,-4.67490721734212,15
DF07,Pre,HEEL,13,-0.0725518378639268,0.143507519535642,0.447475874079425,-0.037316620630663,0.0374143306834316,-0.00340950549764582,-4.04594061622873,15
DF07,Pre,HEEL,14,0.0742569057914414,0.180864751602834,0.511897823113001,0.0381936125150025,0.037377208412547,0.0023797370467839,3.88875756348039,15
DF07,Pre,HEEL,15,0.263838162841767,0.219376874922431,0.584229214357352,0.135703641982481,0.0373859807214077,0.00821230328580379,3.13564968997346,15
DF07,Pre,HEEL,16,0.490321815599929,0.255133964181725,0.662283825211975,0.252194206492706,0.0374435817619815,0.0137877097570965,2.58624145598406,15
DF07,Pre,HEEL,17,0.745273610349348,0.283303068079201,0.742874929274153,0.383327196143698,0.0375471767935857,0.018954056246201,2.0003527077706,15
DF07,Pre,HEEL,18,1.01836403002465,0.299412763775459,0.822312413668078,0.523789683227829,0.0376862122486981,0.0236622690827523,1.62319522902033,15
DF07,Pre,HEEL,19,1.29751309979926,0.300448812332897,0.897005987827843,0.667368402153169,0.0378674999724699,0.027918194647777,1.38132422670587,15
DF07,Pre,HEEL,20,1.57192633298012,0.287054662707035,0.96405515708621,0.808511270757678,0.0380681661659633,0.0317504583477666,1.21046821504916,15
DF07,Pre,HEEL,21,1.83103081660402,0.259938156726168,1.02163909863894,0.94178017205321,0.038291956056672,0.0351923886987815,1.09106936353078,15
DF07,Pre,HEEL,22,2.0684789811749,0.22474561459882,1.06912388590581,1.06391027016812,0.038519510995052,0.0382762298543537,1.00609670615331,15
DF07,Pre,HEEL,23,2.28001370840798,0.186125762803512,1.10694525838659,1.17271194079117,0.0387530993761517,0.0410349825902438,0.94713584209456,15
DF07,Pre,HEEL,24,2.46529408136181,0.149962797407842,1.13625806520235,1.26800983525379,0.0389835482220272,0.0435041539374889,0.908920577766618,15
DF07,Pre,HEEL,25,2.62592444176063,0.122238574388811,1.15856532575469,1.35062913749686,0.0392124987868024,0.0457235202468656,0.863585034327864,15
DF07,Pre,HEEL,26,2.76596678685671,0.105925179445967,1.17529231797925,1.42265911245049,0.0394217245065446,0.0477329717016165,0.832407251877965,15
DF07,Pre,HEEL,27,2.88767004087403,0.101546134051515,1.1875333536626,1.48525648135793,0.0396213527970163,0.0495683039166934,0.805144586314794,15
DF07,Pre,HEEL,28,2.99277417405753,0.104918760073714,1.19588221968631,1.53931618790982,0.0398109806233312,0.0512551277878018,0.778886778050149,15
DF07,Pre,HEEL,29,3.08170053212841,0.111285251733454,1.20045318028299,1.58505494885508,0.0399866458615223,0.0528059739387644,0.760912748211906,15
DF07,Pre,HEEL,30,3.15319456130293,0.117213514677972,1.20098551347522,1.62182749166877,0.0401456320938888,0.0542194495579036,0.744481455715665,15
DF07,Pre,HEEL,31,3.20421002536628,0.123610228528407,1.19703698767691,1.64806700226972,0.0402963510953347,0.0554837431624027,0.730134171532118,15
DF07,Pre,HEEL,32,3.23287402167788,0.130451392879602,1.18817584329667,1.66281016395399,0.0404292882624911,0.0565818743771917,0.718758221642867,15
DF07,Pre,HEEL,33,3.23598069730581,0.138429422243364,1.17416459431144,1.66440806469976,0.0405616925012709,0.0574985894682159,0.707893096669847,15
DF07,Pre,HEEL,34,3.21449967497992,0.15214392713106,1.15507697782633,1.65335942438279,0.0406799515849433,0.0582266496051603,0.699705626297852,15
DF07,Pre,HEEL,35,3.17001794462329,0.169474855230226,1.13133445775506,1.63048050214477,0.040784126767267,0.0587711743594742,0.693305133352346,15
DF07,Pre,HEEL,36,3.10513701555911,0.189844025025354,1.10368092505986,1.59710936934737,0.0408869835290567,0.059152121153602,0.687866111846336,15
DF07,Pre,HEEL,37,3.02608607239968,0.21050121310119,1.07309951039276,1.55644997127796,0.0409724645446886,0.0594042340739783,0.684400338694917,15
DF07,Pre,HEEL,38,2.9378817227481,0.23075424526162,1.04070608049326,1.5110825712116,0.0410537032449903,0.0595750607280698,0.68235191895024,15
DF07,Pre,HEEL,39,2.84660576885295,0.247831561167147,1.00762563758932,1.46413530916435,0.0411300829642362,0.059720323034576,0.680299330660994,15
DF07,Pre,HEEL,40,2.75820219551936,0.261684773463445,0.974883205981425,1.41866543954269,0.041196665379646,0.0598979131915749,0.678408259579723,15
DF07,Pre,HEEL,41,2.67669329890983,0.272882955779662,0.943321359655319,1.37674180724951,0.0412618276987311,0.0601613503385649,0.67618111715417,15
DF07,Pre,HEEL,42,2.60575431050407,0.281620303477143,0.913561188363103,1.34025474646374,0.0413186024267577,0.0605544285404548,0.672968806745054,15
DF07,Pre,HEEL,43,2.54676574185438,0.288131636927048,0.885988354196837,1.30991431536432,0.0413737200530557,0.0611068843356677,0.668614661676074,15
DF07,Pre,HEEL,44,2.50053600803861,0.294008996017956,0.860778432564146,1.28613631759816,0.0414255508493924,0.0618332405634984,0.662980363051038,15
DF07,Pre,HEEL,45,2.46678832345508,0.299683117079476,0.837946388082987,1.26877839008254,0.0414733983503379,0.0627344134883112,0.655614452984322,15
DF07,Pre,HEEL,46,2.44456284876516,0.305058723580009,0.817405662039511,1.25734684497275,0.0415178367810731,0.0638013965363545,0.646749725283434,15
DF07,Pre,HEEL,47,2.43267532745994,0.310316618401279,0.799022351952399,1.25123256674291,0.0415604506805349,0.0650199278858109,0.635544182757089,15
DF07,Pre,HEEL,48,2.43002027836742,0.315245662492472,0.782655682412053,1.24986695750876,0.0416021679047426,0.0663751506283993,0.624814498669702,15
DF07,Pre,HEEL,49,2.43591641056926,0.31956982695167,0.768196630905814,1.25289959920389,0.0416425522279163,0.0678564990345978,0.612142389185943,15
DF07,Pre,HEEL,50,2.44998488172948,0.323141842210915,0.7555771437043,1.26013563645113,0.0416835874684482,0.0694598202225619,0.598588238850231,15
DF07,Pre,HEEL,51,2.47240105303898,0.325629925664279,0.744775028015997,1.2716652652707,0.0417249760827099,0.0711879051345781,0.584209425009144,15
DF07,Pre,HEEL,52,2.50356854783169,0.327079917221113,0.735786325645988,1.28769608700356,0.0417673588843516,0.073047163140987,0.569777321677616,15
DF07,Pre,HEEL,53,2.54386622927237,0.327140383524363,0.728626522283934,1.30842296774003,0.0418130932648604,0.0750445819338759,0.555036459303612,15
DF07,Pre,HEEL,54,2.5939766765478,0.326628394517498,0.723309427281336,1.33419698815998,0.0418597547923994,0.0771823100847249,0.540170057669853,15
DF07,Pre,HEEL,55,2.65377925321447,0.325430932407534,0.719838721726509,1.36495609960237,0.04191152315845,0.0794531056023539,0.525543532615867,15
DF07,Pre,HEEL,56,2.7231595990642,0.324396909752033,0.71819503320909,1.40064148155167,0.0419666888256419,0.0818369417517044,0.51134352972698,15
DF07,Pre,HEEL,57,2.80135041023019,0.323968909115921,0.718339066147146,1.44085847567604,0.0420264326859271,0.0843016623600064,0.497839852542075,15
DF07,Pre,HEEL,58,2.88738433786733,0.324958425001367,0.720216559038847,1.48510953165924,0.0420901814447313,0.0868058811903332,0.485288272616748,15
DF07,Pre,HEEL,59,2.97990032545017,0.327357851379924,0.723764320984457,1.53269459790353,0.0421593585507878,0.0893042417679689,0.473813252716487,15
DF07,Pre,HEEL,60,3.07776599113265,0.331580269246232,0.72891678031771,1.58303124031761,0.0422333169808933,0.0917540760402599,0.463463301972474,15
DF07,Pre,HEEL,61,3.18008806032809,0.337107780601317,0.73561258230717,1.63566000825415,0.0423108680168925,0.0941224206500897,0.452212609996495,15
DF07,Pre,HEEL,62,3.28611552808365,0.343458430150405,0.743805116027691,1.69019462663397,0.0423957560631769,0.0963910066934783,0.440813747846521,15
DF07,Pre,HEEL,63,3.39631192319948,0.350298475572716,0.753461495259457,1.74687350883013,0.0424841587960061,0.0985598767310508,0.430849738954429,15
DF07,Pre,HEEL,64,3.51166957484386,0.357135813691471,0.764555204143338,1.80620705364441,0.0425745079636636,0.100648864096548,0.422211779894402,15
DF07,Pre,HEEL,65,3.63356229053409,0.363522473161633,0.77705758973468,1.86890187107391,0.0426687753277768,0.102696830302748,0.414575883304039,15
DF07,Pre,HEEL,66,3.76424760096585,0.369391451688758,0.7909278067145,1.93611910905111,0.0427651582267253,0.104758374871767,0.407405633581276,15
DF07,Pre,HEEL,67,3.9061547337703,0.374729543332453,0.806100456939697,2.00910822683997,0.0428642014204857,0.106899201429305,0.400434702407399,15
DF07,Pre,HEEL,68,4.06217629132909,0.379662236714463,0.822470491039289,2.08935701784298,0.042962411009494,0.109189691453422,0.392160873173617,15
DF07,Pre,HEEL,69,4.23432340609186,0.383241567511859,0.83987859155668,2.17789989647155,0.0430623639238931,0.111697629608888,0.383658750956556,15
DF07,Pre,HEEL,70,4.42451175414524,0.385908965405463,0.858099374796176,2.27572217970566,0.0431622920431486,0.114479774728175,0.375394669191996,15
DF07,Pre,HEEL,71,4.63310988976884,0.386987389782209,0.876824430096771,2.38301343131984,0.0432643451483326,0.117574702295143,0.367208386196671,15
DF07,Pre,HEEL,72,4.85976392364537,0.385718871114298,0.895650712725649,2.4995916303786,0.0433640336045554,0.12099777340185,0.357364188887188,15
DF07,Pre,HEEL,73,5.10229078436687,0.381550191066207,0.91406743104235,2.62433392665598,0.043457935940436,0.124737744519261,0.346774111085786,15
DF07,Pre,HEEL,74,5.35452633857514,0.373208856871967,0.931449599287652,2.75406983360307,0.0435585202224368,0.128757217689687,0.336063142182705,15
DF07,Pre,HEEL,75,5.6120353148795,0.360729041738398,0.947059924824137,2.88651809488299,0.0436458928523551,0.132994977747205,0.326385846745026,15
DF07,Pre,HEEL,76,5.8649949649439,0.343154650737511,0.960053484299852,3.01662643637012,0.0437278229066796,0.137373515564713,0.317207754095798,15
DF07,Pre,HEEL,77,6.10326576175615,0.320337808955702,0.969506551950402,3.13917965064823,0.0438007537115575,0.141806267305192,0.308089575546844,15
DF07,Pre,HEEL,78,6.3164337928968,0.292517076705132,0.974437622064487,3.24882140174461,0.0438544387096374,0.146205531634295,0.299804775541352,15
DF07,Pre,HEEL,79,6.49094754955782,0.260897415326729,0.973874027105031,3.3385815490253,0.0438975107657104,0.150488513911537,0.29208073297665,15
DF07,Pre,HEEL,80,6.61677297750316,0.227588830947671,0.966893484579891,3.40329913439003,0.0439142246203553,0.154579284953044,0.284114106241192,15
DF07,Pre,HEEL,81,6.68131808442295,0.195555249864941,0.952708656835376,3.43649753899846,0.0439113793261961,0.158405940046426,0.277609231607416,15
DF07,Pre,HEEL,82,6.6771939456059,0.172517687744665,0.930719776236028,3.4343763119118,0.0438683708437528,0.161891205982716,0.271359237703521,15
DF07,Pre,HEEL,83,6.59365284250728,0.164646638883311,0.900594638873858,3.39140742589618,0.0437960517550919,0.16493935322213,0.265657795966719,15
DF07,Pre,HEEL,84,6.42245796317204,0.171987294953026,0.862319512244091,3.30335432408439,0.0437013254397731,0.167421736699402,0.260981832994612,15
DF07,Pre,HEEL,85,6.1618188961386,0.194906473179002,0.816213940742252,3.16929611863605,0.0435646341954446,0.169162842731599,0.256799005867252,15
DF07,Pre,HEEL,86,5.80832328215872,0.223560580689043,0.762941938237274,2.98747768219298,0.0433989533523361,0.169934818088206,0.254203793841744,15
DF07,Pre,HEEL,87,5.36591593071686,0.253079533168038,0.703480161538908,2.75992800483076,0.043198254111861,0.169462623448431,0.253085624071956,15
DF07,Pre,HEEL,88,4.84190561184709,0.277475400125591,0.639079130382065,2.49040631039084,0.0429766494929538,0.167447900430938,0.254191465303373,15
DF07,Pre,HEEL,89,4.25379719668287,0.293887388687808,0.571193773417766,2.18791612868732,0.0427230236846059,0.163609256703381,0.258022406856648,15
DF07,Pre,HEEL,90,3.62353269434466,0.300119564543943,0.501409977669504,1.86374320594427,0.0424498373105916,0.157735116567856,0.265769017359794,15
DF07,Pre,HEEL,91,2.98030965654925,0.29335097282456,0.431373548790774,1.53290513500068,0.0421554790535022,0.149739794443407,0.278869747898149,15
DF07,Pre,HEEL,92,2.35579046100853,0.2737256650058,0.36273102658741,1.21168727777329,0.0418458755903004,0.139709937244049,0.298520357098994,15
DF07,Pre,HEEL,93,1.78040984177206,0.243577399550727,0.297064008638779,0.915743564720096,0.0415337605957268,0.127938687977857,0.322540851137203,15
DF07,Pre,HEEL,94,1.27948801745592,0.206595394951434,0.235824815427739,0.658097304694489,0.0412195963550219,0.114906638057228,0.352330180214409,15
DF07,Pre,HEEL,95,0.8689651757824,0.169027396657915,0.180285150702084,0.446947241594993,0.0408970800817239,0.101221544151446,0.393867270635699,15
DF07,Pre,HEEL,96,0.552550043124732,0.135745131951035,0.131484148221235,0.284200937506425,0.0405931912965528,0.0874982305964274,0.443938238806556,15
DF07,Pre,HEEL,97,0.323959713303599,0.110213146908111,0.0901556599582423,0.1666268157623,0.0403189599565477,0.0741470587967284,0.507844589965372,15
DF07,Pre,HEEL,98,0.1687966206661,0.09177023713293,0.056658183074558,0.0868195712553636,0.0400822047908075,0.0608839368066148,0.572184544747214,15
DF07,Pre,HEEL,99,0.0690536923047704,0.0776635285004378,0.0309641443269089,0.0355173695767241,0.0398849565674,0.0450557011759584,0.739618016932536,15
DF07,Pre,HEEL,100,0.00715382365683556,0.0667695899464336,0.0126585750995449,0.00367952806325155,0.0397543806314265,0.0106615327893801,-0.346047721957548,15
OJ08,Pre,HEEL,0,0.0765830487009328,0.0445134470646565,0.0191706322961775,0.0314794429884046,0.048335127557928,0.0961194571458294,0.35558723505888,12
OJ08,Pre,HEEL,1,0.123179038046967,0.094840039917823,0.0392837679097891,0.050632712739194,0.0482575372812875,0.0648304906518908,0.453845111173928,12
OJ08,Pre,HEEL,2,0.179879240845374,0.145822862935478,0.0655059707854455,0.0739393168989953,0.0481415314330325,0.0530078205535118,0.538055335400127,12
OJ08,Pre,HEEL,3,0.239449601126529,0.186446337904772,0.0957517830977197,0.0984256985732532,0.047969743417851,0.0467228989774664,0.670948034274506,12
OJ08,Pre,HEEL,4,0.293103854705814,0.208086190505681,0.127556719163277,0.120480266069388,0.0477748182415606,0.0424826636927844,0.773283550272487,12
OJ08,Pre,HEEL,5,0.33234883315096,0.206445495829141,0.158376330933444,0.136611904630417,0.0475442707118428,0.0388882992788759,1.10037402842186,12
OJ08,Pre,HEEL,6,0.350174348249108,0.182822777637272,0.186235969657432,0.143939078147137,0.0472835644314929,0.0351606876596606,1.24900575169797,12
OJ08,Pre,HEEL,7,0.342155142344284,0.143864530098616,0.21039622162796,0.140642785568357,0.0470305270821501,0.0307938979650636,1.44409525019038,12
OJ08,Pre,HEEL,8,0.308206418422601,0.101863765550549,0.231820322207467,0.126688171102758,0.0467580328484073,0.0255365159828678,1.7424101520031,12
OJ08,Pre,HEEL,9,0.25256242515289,0.0739906598427524,0.253306596661543,0.103815721605201,0.0465120135667868,0.0195045985835061,2.31391588264574,12
OJ08,Pre,HEEL,10,0.185371586319833,0.0752865408538058,0.279183922239568,0.0761969441307216,0.0463108339524474,0.0133055181930572,3.87811289173754,12
OJ08,Pre,HEEL,11,0.121906141817566,0.0943167239549747,0.314550639002858,0.0501094890628937,0.0461298449375082,0.00796733038902369,8.80354286741308,12
OJ08,Pre,HEEL,12,0.0804429665772725,0.118003100801761,0.364117512942639,0.0330660612647632,0.0460096948501059,0.00454068831849763,8.79366073736115,12
OJ08,Pre,HEEL,13,0.0793422746608385,0.146467767930757,0.430806049253403,0.0326136221281797,0.0459503095501967,0.00354298447208588,6.97744316524911,12
OJ08,Pre,HEEL,14,0.133001168215911,0.182577612122238,0.514649139488142,0.0546700968851998,0.0459659070513421,0.00474702571703508,5.78843031918135,12
OJ08,Pre,HEEL,15,0.248494229631998,0.224907678760407,0.612415360817979,0.102143490855212,0.0460528827726352,0.00747120223173306,5.21789622647357,12
OJ08,Pre,HEEL,16,0.423252400048959,0.267050225620731,0.718189845214225,0.173977793037173,0.046216135135878,0.011005286123691,4.22591537909112,12
OJ08,Pre,HEEL,17,0.645779677631208,0.301755537671562,0.824674490628091,0.265447574755721,0.0464416756267431,0.0148214877585501,3.160335755863,12
OJ08,Pre,HEEL,18,0.897260241884813,0.322138315161917,0.924849023809839,0.368818597709222,0.0467380531051239,0.0185895988119344,2.48935217127909,12
OJ08,Pre,HEEL,19,1.15761885653962,0.325923716490575,1.01337226737363,0.475838941056643,0.0470556630347161,0.0221164885254343,2.08678637894264,12
OJ08,Pre,HEEL,20,1.40702272832919,0.314402744168682,1.08732873282653,0.578356340092905,0.0474197298868364,0.0252921491646041,1.82609286887637,12
OJ08,Pre,HEEL,21,1.63265812420611,0.290865558811386,1.14630080304954,0.671103713058054,0.0477661612615976,0.0280625698444936,1.64176417373111,12
OJ08,Pre,HEEL,22,1.82611617380406,0.260678299749204,1.19174388219134,0.750624595894003,0.0481209480512453,0.0304179888375589,1.53150264850238,12
OJ08,Pre,HEEL,23,1.98700439756903,0.231283681802312,1.22609698949526,0.816757659978373,0.0484618783841136,0.0323877110081944,1.48194908978932,12
OJ08,Pre,HEEL,24,2.11898667857356,0.2081539404739,1.2519242548565,0.871008943530512,0.0487811002952097,0.0340336839092889,1.44297572192863,12
OJ08,Pre,HEEL,25,2.22834457233641,0.196402170142277,1.27126667848564,0.915960478373205,0.0490715371577313,0.0354391636178882,1.41065854299863,12
OJ08,Pre,HEEL,26,2.32097484839812,0.198046624222838,1.28534004360328,0.954036130149251,0.0493399905782906,0.0366932798122292,1.38186906935418,12
OJ08,Pre,HEEL,27,2.40152653919509,0.211963334603881,1.29452649938139,0.987146882477294,0.049589455802785,0.0378754921370127,1.36093280968433,12
OJ08,Pre,HEEL,28,2.47519465970272,0.236540449023741,1.29860788452404,1.01742814496188,0.0497727447138734,0.0390466496986374,1.31236317084077,12
OJ08,Pre,HEEL,29,2.5376019588756,0.266370403588593,1.2970722927633,1.04308064965707,0.0499890396414167,0.0402438305546026,1.27322273321377,12
OJ08,Pre,HEEL,30,2.59127057571285,0.301480680387745,1.2894086083202,1.0651411211668,0.0501717979207161,0.0414821144224728,1.24441369464336,12
OJ08,Pre,HEEL,31,2.63441151258405,0.340161115709072,1.27533449823533,1.08287419246312,0.0503222561963417,0.0427582357835213,1.21704584624824,12
OJ08,Pre,HEEL,32,2.66405199921374,0.380002829321822,1.25490452341273,1.09505790706884,0.0504586656438624,0.0440556989732446,1.18612940134062,12
OJ08,Pre,HEEL,33,2.67721912372945,0.420787268797543,1.22854918008193,1.10047025030333,0.0506095889863634,0.0453494855960313,1.15494540260786,12
OJ08,Pre,HEEL,34,2.67644375172773,0.460345577617392,1.19701559575358,1.10015153383621,0.0507097467442812,0.0466112115669022,1.12039041078633,12
OJ08,Pre,HEEL,35,2.65874269171724,0.495963474146446,1.16128220689498,1.09287551755211,0.050815164959672,0.0478134324432714,1.0914467826567,12
OJ08,Pre,HEEL,36,2.62685702764082,0.52643530223364,1.12244967634806,1.07976892331922,0.0508938234624249,0.048933996354475,1.0670767355092,12
OJ08,Pre,HEEL,37,2.58152996445333,0.550772015356497,1.08165258300433,1.06113724534809,0.0509724165377111,0.0499608367581226,1.0467531225916,12
OJ08,Pre,HEEL,38,2.52642174051589,0.568175525685835,1.03996614536364,1.03848502370038,0.0510333647155312,0.0508947014260279,1.02985158397718,12
OJ08,Pre,HEEL,39,2.46425585611675,0.578055850143022,0.998359690396009,1.01293175248747,0.051089815471635,0.0517508041096397,1.01498480678443,12
OJ08,Pre,HEEL,40,2.39925190242213,0.581634781466394,0.957668001055064,0.986211893601447,0.0511356574078969,0.052558657456501,1.00110152675798,12
OJ08,Pre,HEEL,41,2.33504389701491,0.579309940570602,0.9185759600124,0.95981920905961,0.0511725617801035,0.0533588094906693,0.986951929429819,12
OJ08,Pre,HEEL,42,2.27520984592441,0.572682868561225,0.881628715874143,0.935224437344214,0.0512009843628013,0.0541982284068211,0.971529097119866,12
OJ08,Pre,HEEL,43,2.22259203519322,0.563212053949098,0.847240275735041,0.913595899421211,0.0512269815499167,0.055124809740467,0.954164860383715,12
OJ08,Pre,HEEL,44,2.17959376481233,0.552156726982335,0.815706447570296,0.895921471150002,0.0512498162750247,0.0561814518647391,0.928087811067978,12
OJ08,Pre,HEEL,45,2.14804064434147,0.540750501585235,0.787217492990268,0.882951568882886,0.0512659450040365,0.0574008028772381,0.899096014840513,12
OJ08,Pre,HEEL,46,2.12846513618093,0.529782823530648,0.761874238082978,0.874905061156157,0.0512838672573992,0.0588015026392678,0.869037965373153,12
OJ08,Pre,HEEL,47,2.12138105827116,0.519412635799037,0.739703623166734,0.871993152705543,0.0512950893800347,0.0603864508553548,0.838444224253754,12
OJ08,Pre,HEEL,48,2.12566218382369,0.509579755134376,0.720665632717524,0.873752908291706,0.0513171270240125,0.0621428449534464,0.808747447563904,12
OJ08,Pre,HEEL,49,2.14108895337988,0.500668513125114,0.704673953716087,0.880094078054166,0.0513389946703903,0.0640461910204199,0.780663116529291,12
OJ08,Pre,HEEL,50,2.16635739249415,0.492120550089693,0.691602246379748,0.890480663623642,0.0513673109800902,0.0660657576234553,0.754418192893211,12
OJ08,Pre,HEEL,51,2.20105411886657,0.484642356267631,0.681313974566308,0.904742744309281,0.051396250607343,0.068173180877213,0.730396897350589,12
OJ08,Pre,HEEL,52,2.24421211017305,0.478086031121726,0.67365582569785,0.922482825826953,0.0514360295215102,0.0703491265149967,0.70874029417802,12
OJ08,Pre,HEEL,53,2.29651085365503,0.472687997625041,0.668495043424662,0.943980211237079,0.0514734836886769,0.0725893123634541,0.688630091654737,12
OJ08,Pre,HEEL,54,2.35783770630332,0.467886416531869,0.665720303573401,0.969188598658936,0.0515234710642636,0.0749048075118676,0.670163270526561,12
OJ08,Pre,HEEL,55,2.42930497575614,0.462973166856991,0.665259446045843,0.998565201868641,0.051585066168917,0.0773186739724822,0.652601011600226,12
OJ08,Pre,HEEL,56,2.51286656923693,0.45724025639372,0.66707843208918,1.03291317394104,0.0516455198237816,0.0798570169560257,0.635080996500507,12
OJ08,Pre,HEEL,57,2.60938115302402,0.449482360955125,0.671184640752854,1.07258546943479,0.051714189859264,0.0825389929399277,0.61753533326703,12
OJ08,Pre,HEEL,58,2.72003903703877,0.438882895090272,0.677614682884119,1.11807136494494,0.051787822120906,0.0853677070041038,0.599549308430543,12
OJ08,Pre,HEEL,59,2.84527628744554,0.425400245313268,0.686417407430704,1.16955010535916,0.0518687033918788,0.0883245994170493,0.581456709662848,12
OJ08,Pre,HEEL,60,2.98506772804221,0.409423489543692,0.697634033657467,1.22701134200586,0.051955289858891,0.0913695465003959,0.563270101761836,12
OJ08,Pre,HEEL,61,3.13877863324697,0.392741276171492,0.711285178547153,1.2901941710936,0.0520492588324593,0.0944479169843403,0.545724173670754,12
OJ08,Pre,HEEL,62,3.30519470719654,0.376576731464413,0.727362145641278,1.3585994566119,0.0521541576893001,0.0975007319978685,0.529250593133404,12
OJ08,Pre,HEEL,63,3.48364238139543,0.362721444396595,0.745809009127,1.43195032839939,0.0522640337446149,0.100476920894677,0.516950201766936,12
OJ08,Pre,HEEL,64,3.67319038508384,0.352449221735602,0.766511160634427,1.50986398784349,0.05238043179646,0.103344857242298,0.50925811628992,12
OJ08,Pre,HEEL,65,3.87290389887367,0.345756016239581,0.789293560607412,1.59195617766884,0.0525100465522884,0.106100017879866,0.501716325651204,12
OJ08,Pre,HEEL,66,4.08317651561741,0.341975872596472,0.813914795828002,1.67838868411888,0.0526482567615665,0.108766413229792,0.491661013714729,12
OJ08,Pre,HEEL,67,4.30469408842827,0.339493917501618,0.840060131690009,1.76944342694403,0.0527928409623711,0.111392938987027,0.48139436997251,12
OJ08,Pre,HEEL,68,4.53768045906651,0.337378924863917,0.867355204512732,1.86521241624378,0.0529504131938582,0.114042280519674,0.470971087833693,12
OJ08,Pre,HEEL,69,4.78292903561364,0.33401583301415,0.895382281291893,1.96602178221133,0.0531168310286736,0.116776643680135,0.460357636779695,12
OJ08,Pre,HEEL,70,5.04061901201554,0.329254460994991,0.923698387396224,2.07194518247324,0.0532880564954734,0.119642733407754,0.449210249184237,12
OJ08,Pre,HEEL,71,5.30991897595298,0.322287757435028,0.951845893541317,2.18264086520394,0.053457152979505,0.122659244295626,0.438051508180601,12
OJ08,Pre,HEEL,72,5.58748598487559,0.311542716973533,0.979343634197472,2.29673471470533,0.0536245203895665,0.125809160820974,0.427132419237935,12
OJ08,Pre,HEEL,73,5.86812736046647,0.29895298004843,1.00565966951309,2.41209228185573,0.0537880374507015,0.129038301512024,0.417986882915698,12
OJ08,Pre,HEEL,74,6.14611261561176,0.283811153196458,1.0301683214539,2.5263580513622,0.0539272444057533,0.132259735929401,0.408373651345141,12
OJ08,Pre,HEEL,75,6.40901494610497,0.264922085655855,1.05211272117288,2.63442398846792,0.054059373757033,0.135362313338446,0.398651313902005,12
OJ08,Pre,HEEL,76,6.64652264869014,0.242738166048981,1.0705833272606,2.73205147013209,0.0541648633561353,0.138222861427612,0.391975521074649,12
OJ08,Pre,HEEL,77,6.84448179916055,0.219420170024517,1.08451983233849,2.81342252935437,0.0542445860921532,0.140717869233004,0.386356593797173,12
OJ08,Pre,HEEL,78,6.99163633964986,0.200649783245826,1.09275536759529,2.87391036636786,0.0542734951311866,0.142737424394245,0.381354780547804,12
OJ08,Pre,HEEL,79,7.07079155349419,0.192814261244828,1.09409223998013,2.90644709719426,0.054281971162456,0.144200207550022,0.377577094508189,12
OJ08,Pre,HEEL,80,7.07489189202284,0.202814700196622,1.08737153434148,2.90813254031955,0.0542422577688009,0.145067538241133,0.375934686802698,12
OJ08,Pre,HEEL,81,6.99704250543014,0.228147851858729,1.07155479979593,2.87613256945788,0.0541571775675099,0.145356381941042,0.374943506577476,12
OJ08,Pre,HEEL,82,6.83455054560676,0.263012828675487,1.04580434657531,2.80934029006836,0.0540373328105817,0.145148015833848,0.375386810688137,12
OJ08,Pre,HEEL,83,6.5945406541167,0.300123092101685,1.0096047797597,2.7106842842815,0.0538601231147972,0.144587372774756,0.375828771010594,12
OJ08,Pre,HEEL,84,6.28281776540824,0.33131396670893,0.962811341239986,2.58255066894843,0.0536451812591002,0.143862500411979,0.376250043359593,12
OJ08,Pre,HEEL,85,5.91201846538894,0.356627119898874,0.905749015775291,2.43013370954165,0.0533766210857084,0.143169355225818,0.376060166067433,12
OJ08,Pre,HEEL,86,5.48953122451506,0.371349382157363,0.83928444858725,2.25647043499176,0.0530801973663463,0.142659562259528,0.374948138828399,12
OJ08,Pre,HEEL,87,5.02690901915745,0.372650727104174,0.764883470877594,2.06630969334257,0.0527234790466149,0.14237908556091,0.373046384355019,12
OJ08,Pre,HEEL,88,4.5257546703102,0.365912048796596,0.684544501654611,1.86031032376229,0.0523512764447166,0.142213638150339,0.370245923249526,12
OJ08,Pre,HEEL,89,3.993059798813,0.348571695919076,0.600703803615766,1.64134623024603,0.0519371798683384,0.141856759647917,0.366568258457553,12
OJ08,Pre,HEEL,90,3.43402191045053,0.324992671509583,0.516039792432155,1.41155384624487,0.0515041426570055,0.1408216983002,0.364566206560758,12
OJ08,Pre,HEEL,91,2.86080567750707,0.295566417138254,0.433236174100697,1.17593345725464,0.0510582797148069,0.138512443265928,0.36657045764713,12
OJ08,Pre,HEEL,92,2.29391345273588,0.261852870307631,0.35473930493677,0.942912550239774,0.0505850869619516,0.134356030928488,0.375596946717319,12
OJ08,Pre,HEEL,93,1.75709363160246,0.224393617962651,0.282556236471633,0.722252897208631,0.0501249265209826,0.12798782398949,0.391665189457017,12
OJ08,Pre,HEEL,94,1.27831209147217,0.185112083998237,0.218134028612962,0.525449865048219,0.049658543696857,0.119437923917763,0.416334148571181,12
OJ08,Pre,HEEL,95,0.878744005808623,0.146910464318089,0.162333892820424,0.361207503507469,0.0491953979676361,0.109249524054277,0.445100375627903,12
OJ08,Pre,HEEL,96,0.568642169291548,0.115702651158689,0.115484328476089,0.233740221271682,0.048745922433011,0.0984408425491648,0.485156093632366,12
OJ08,Pre,HEEL,97,0.344647648687278,0.0967565871652749,0.0774987877836494,0.1416673296764,0.0483258368513102,0.088192311602254,0.516948618321996,12
OJ08,Pre,HEEL,98,0.19173470948333,0.0906667284878626,0.0479591443050435,0.0788125043134421,0.0479246259879487,0.0788881243609807,0.489931023991635,12
OJ08,Pre,HEEL,99,0.0884291412909385,0.0930678753254187,0.0262388017762869,0.0363487763806897,0.0475901825375162,0.0667158495672908,0.41458946887867,12
OJ08,Pre,HEEL,100,0.0142996772417185,0.101022752885466,0.0117137745253122,0.00587787874887488,0.0473356297006004,0.0239453054965645,-0.00241952265305428,12
RL10,Pre,HEEL,0,0.139702623022587,0.0470560407932633,0.0181125208401357,0.0987291836271528,0.044597784100901,0.246877897441937,0.17786839486318,12
RL10,Pre,HEEL,1,0.236434665539014,0.0819735755157989,0.048582492791395,0.167090645864621,0.0445080363152261,0.154916462667824,0.260462126932634,12
RL10,Pre,HEEL,2,0.329088702886032,0.120037736667151,0.0880378549433326,0.232570142735284,0.0443685384599947,0.119129582177422,0.326660677672852,12
RL10,Pre,HEEL,3,0.398290717557154,0.152819654887563,0.133462186902699,0.281475870244277,0.0441841243185967,0.0951090506595047,0.412312216285827,12
RL10,Pre,HEEL,4,0.42810208951171,0.17283885951263,0.180901763229401,0.302543852735936,0.0439515214577402,0.0754604025515688,0.526180128583547,12
RL10,Pre,HEEL,5,0.410432456511617,0.175543004483563,0.226150261865944,0.290056553619093,0.0436985784367102,0.0580415748669917,0.690218513940433,12
RL10,Pre,HEEL,6,0.347404530810962,0.161170035488991,0.26578207256529,0.245514114003392,0.0434299095258199,0.042113046681533,0.958023265864159,12
RL10,Pre,HEEL,7,0.250474516904514,0.136364448989178,0.298120490034369,0.177012743485783,0.0431517528970217,0.0274719667966395,1.39333879429774,12
RL10,Pre,HEEL,8,0.13653387748583,0.115116060601724,0.323702201548896,0.0964898007637717,0.0428909678082068,0.0142567887926128,2.18540988230847,12
RL10,Pre,HEEL,9,0.0241366381704398,0.115334090502016,0.345206829990828,0.0170575936980526,0.0426581318557418,0.00292032725781127,3.01577951139356,12
RL10,Pre,HEEL,10,-0.0706584118481875,0.141198723729665,0.366817590719751,-0.0499349773628433,0.0424518062510884,-0.00582803938990054,-3.6783122582542,12
RL10,Pre,HEEL,11,-0.135963938307998,0.182021168573565,0.393396485874685,-0.0960870192803104,0.0423018922053112,-0.0112829468457079,-2.64363993398992,12
RL10,Pre,HEEL,12,-0.164824013416955,0.230266032790381,0.429511991511324,-0.116482711166962,0.0421931911120688,-0.0131744016713501,-2.62506677567658,12
RL10,Pre,HEEL,13,-0.154082233485704,0.282609253040829,0.478598550191941,-0.108891392261349,0.0421524719734337,-0.0118843108569009,-3.00328884616535,12
RL10,Pre,HEEL,14,-0.103519636874249,0.336475386417336,0.542282650111672,-0.0731583202723513,0.0421788204121894,-0.008270414507128,-3.07795757618407,12
RL10,Pre,HEEL,15,-0.0151321766158844,0.388277515585273,0.619963044544379,-0.0106940543524842,0.0422543761917752,-0.00330685671784397,-1.80255438754462,12
RL10,Pre,HEEL,16,0.107426444351426,0.433635755499689,0.708799485333752,0.0759192985880392,0.0424153155253109,0.00220334603093901,2.41659204497711,12
RL10,Pre,HEEL,17,0.258369254542623,0.468575111708273,0.80410006485378,0.182592030295845,0.0426355898590046,0.00772866102333336,2.8976549592443,12
RL10,Pre,HEEL,18,0.430398263210708,0.4902407801317,0.900095123325116,0.304166580712429,0.0428931299637431,0.0129812878721136,2.18714459766882,12
RL10,Pre,HEEL,19,0.614686830378551,0.497659754507876,0.990922380985281,0.434405078706537,0.0431773477749646,0.0178379137061242,2.1900231629835,12
RL10,Pre,HEEL,20,0.801357314992085,0.491709869054444,1.07158392275027,0.566326900605325,0.0435107398199139,0.0222680846096261,1.95086921639991,12
RL10,Pre,HEEL,21,0.982417325927564,0.475409894459818,1.13870046510795,0.694283746943802,0.0438348005921187,0.0262849320108555,1.64371812429644,12
RL10,Pre,HEEL,22,1.14999153351646,0.451039009733367,1.1907981412818,0.812710046710153,0.04417666841503,0.0299208117560231,1.45364307126522,12
RL10,Pre,HEEL,23,1.30138578769051,0.42537316889149,1.22823692500387,0.919701818210601,0.0444854448737201,0.0332172569242145,1.33493252130082,12
RL10,Pre,HEEL,24,1.43374169012161,0.402276969780584,1.25265016906136,1.01323900393076,0.0447959265451552,0.0362201560570676,1.23201840117891,12
RL10,Pre,HEEL,25,1.54823354835266,0.384665505069655,1.26630169543989,1.09415149827441,0.0450806952364954,0.0389762915243865,1.15203381616037,12
RL10,Pre,HEEL,26,1.64695893571878,0.374924728033787,1.2714940854823,1.16392167643603,0.045336736979885,0.0415305147974192,1.08987547818248,12
RL10,Pre,HEEL,27,1.73063729883436,0.371756211169672,1.2700417052542,1.22305797823848,0.0455827889061647,0.0439168143058186,1.04289314258077,12
RL10,Pre,HEEL,28,1.80088245165421,0.373334999102229,1.26314113700496,1.27270090148228,0.0458044309737261,0.0461557312807084,1.00087302239162,12
RL10,Pre,HEEL,29,1.85803352766185,0.376534297476274,1.25136303958682,1.31309011505299,0.0459890813305712,0.0482508976813061,0.961546842223445,12
RL10,Pre,HEEL,30,1.90022734419542,0.38025480055952,1.23485573169525,1.34290888989303,0.0461665682901601,0.0501926858948532,0.931199465169749,12
RL10,Pre,HEEL,31,1.92685955155116,0.383396184676542,1.21359122446985,1.36173012627022,0.0463232778407463,0.0519641909619281,0.89907014212964,12
RL10,Pre,HEEL,32,1.93690499251491,0.386230783909954,1.18759542131769,1.36882933574866,0.0464643776172318,0.0535482564518919,0.868583234158871,12
RL10,Pre,HEEL,33,1.93110254472404,0.38951565329833,1.15711467507603,1.36472869024154,0.0465734791910179,0.0549349808123807,0.855550915694572,12
RL10,Pre,HEEL,34,1.90934273818122,0.393081996565058,1.12268604250243,1.34935082625175,0.0466798905404413,0.0561261840782703,0.841564296966591,12
RL10,Pre,HEEL,35,1.8750225632922,0.398025525694881,1.08512801289491,1.32509642948079,0.0467600767795212,0.0571380680402871,0.829426214866689,12
RL10,Pre,HEEL,36,1.83059177933732,0.402933702434239,1.04546302365553,1.29369676830857,0.0468287146139958,0.058000461861555,0.818423837567986,12
RL10,Pre,HEEL,37,1.77988216106219,0.407278553564044,1.0048092037549,1.25785979469972,0.0468826301563665,0.0587552484521547,0.807629346331381,12
RL10,Pre,HEEL,38,1.72637549237983,0.409910184404245,0.964262217818561,1.22004611874057,0.0469269325602108,0.0594521907241528,0.795957252593746,12
RL10,Pre,HEEL,39,1.67345019212687,0.409982359395809,0.924809739792366,1.1826433014266,0.0469620233494407,0.0601447321251602,0.782941226110382,12
RL10,Pre,HEEL,40,1.62405508901864,0.40734390149969,0.887268285831047,1.14773530829418,0.0469860417332291,0.060885048966695,0.768033907529684,12
RL10,Pre,HEEL,41,1.5804431626346,0.402377838110982,0.852269015536747,1.11691434162122,0.0469990525156043,0.0617199585972874,0.754953713703375,12
RL10,Pre,HEEL,42,1.54388748019029,0.396151856205685,0.820256861305082,1.09108009021939,0.0470135741586108,0.0626875527072979,0.743989512318861,12
RL10,Pre,HEEL,43,1.51571880524553,0.390161133983459,0.791525538765006,1.07117301746024,0.0470244836882531,0.0638153826427391,0.730747988183499,12
RL10,Pre,HEEL,44,1.49640827584589,0.384544268850977,0.76624147234938,1.05752608111942,0.047031885515531,0.0651196489270824,0.714607594377003,12
RL10,Pre,HEEL,45,1.4863942876323,0.381003749322938,0.744468417978273,1.05044909960119,0.0470342259593351,0.0666059515647495,0.695547557681388,12
RL10,Pre,HEEL,46,1.48541129498054,0.379979039703855,0.726187447015669,1.04975440926596,0.0470394922509375,0.0682699687249918,0.674524103843111,12
RL10,Pre,HEEL,47,1.49346570464457,0.381772784134769,0.711296999567399,1.05544653782821,0.0470395090827602,0.0700977161071895,0.652091385369886,12
RL10,Pre,HEEL,48,1.50978165891852,0.384958462718209,0.699629787160385,1.06697717920568,0.0470380875626272,0.0720670167758593,0.629406526821232,12
RL10,Pre,HEEL,49,1.53323512133978,0.389591652759858,0.69095882081009,1.08355196604921,0.0470535378976755,0.074148664935523,0.607194093707406,12
RL10,Pre,HEEL,50,1.56385969419666,0.394903075293674,0.685006444951504,1.10519464541823,0.047058204073125,0.0763085105740085,0.586249015586357,12
RL10,Pre,HEEL,51,1.60001933889727,0.399307350463586,0.681483959209708,1.13074901314806,0.0470742985767193,0.0785129849629778,0.566883471807632,12
RL10,Pre,HEEL,52,1.64094836593551,0.402501951234598,0.680082740843493,1.1596739491207,0.0471018391076125,0.0807349386330694,0.549360813078474,12
RL10,Pre,HEEL,53,1.68612273057813,0.403644826285572,0.680532791505297,1.19159910589689,0.0471389985128662,0.0829610065799822,0.53334392631948,12
RL10,Pre,HEEL,54,1.73627483953461,0.403045673512423,0.682610623567473,1.22704208232299,0.047164059267402,0.0851960162281756,0.518750390488592,12
RL10,Pre,HEEL,55,1.79052702581018,0.400890754950768,0.686161008965571,1.26538262271577,0.0472130617797123,0.0874638363203825,0.505441640253222,12
RL10,Pre,HEEL,56,1.85041820442493,0.397595787217984,0.691115144782905,1.30770829308021,0.047265850722049,0.0898023420416869,0.492995168147689,12
RL10,Pre,HEEL,57,1.91688045375143,0.393741858724117,0.697484066379559,1.35467780214211,0.0473294406483695,0.0922544597023486,0.480805930315693,12
RL10,Pre,HEEL,58,1.99236782799476,0.390807103895659,0.705351198641172,1.40802545354588,0.0473787085062896,0.0948562453045432,0.468823473541537,12
RL10,Pre,HEEL,59,2.07615911285216,0.388526099746086,0.714850124010559,1.46724155822635,0.0474586859440782,0.0976281566455811,0.457406522817135,12
RL10,Pre,HEEL,60,2.17119331916375,0.387888120513629,0.726124488511451,1.53440314333331,0.0475215280312562,0.100567818650903,0.446089400182406,12
RL10,Pre,HEEL,61,2.27646780594842,0.389117800272856,0.739302846267651,1.60880163286874,0.0476023929606218,0.10365229259202,0.435126512156721,12
RL10,Pre,HEEL,62,2.39246032488462,0.390882479526448,0.754463316556929,1.69077465852608,0.0476843796178191,0.106843124347342,0.424483560295609,12
RL10,Pre,HEEL,63,2.51957504396556,0.39516235758982,0.771624714704797,1.78060784970265,0.0477586146919699,0.110096921792038,0.414303660762793,12
RL10,Pre,HEEL,64,2.65565716486755,0.399702875105757,0.790743879908153,1.87677838975566,0.0478499198097159,0.11337588352761,0.406733598624777,12
RL10,Pre,HEEL,65,2.8011473912966,0.404622047470017,0.811724749219281,1.9795977282211,0.0479381825969247,0.116654228854865,0.399949650249417,12
RL10,Pre,HEEL,66,2.95567418843469,0.410710303574779,0.834437159639822,2.08880329787956,0.0480247990876196,0.11992016135137,0.393324527539156,12
RL10,Pre,HEEL,67,3.11890857380466,0.417843220275418,0.858728882265377,2.20416260365904,0.0481093929843388,0.123171609875767,0.386242091972053,12
RL10,Pre,HEEL,68,3.29030334513509,0.424693142954749,0.88443180065144,2.32528893246591,0.0481949384297093,0.126409281633514,0.375859839609193,12
RL10,Pre,HEEL,69,3.46947610042427,0.431655416568782,0.911337054674975,2.45191203713781,0.0482814703981983,0.129628468422745,0.366377065419251,12
RL10,Pre,HEEL,70,3.65594112879131,0.437638305246696,0.939149940566829,2.5836886611366,0.0483603745579436,0.132814261012571,0.359280373268179,12
RL10,Pre,HEEL,71,3.84729762951677,0.441094867211864,0.967428320576614,2.71892213556691,0.0484351288195519,0.135939189524616,0.352322999704067,12
RL10,Pre,HEEL,72,4.04120397196736,0.439133445995145,0.995501760568983,2.85595760760081,0.0484882978586702,0.138965701032249,0.345619407838131,12
RL10,Pre,HEEL,73,4.23179147904862,0.431322076484736,1.02243660112512,2.99064762684709,0.0485287719500227,0.141847129346068,0.338561746284331,12
RL10,Pre,HEEL,74,4.41203663275369,0.416669081976379,1.04700961287606,3.11802860576525,0.0485550012855133,0.144532354908137,0.331592017977567,12
RL10,Pre,HEEL,75,4.57404299370212,0.393821687592492,1.0677504434685,3.23252005490761,0.0485563248542399,0.146967360920115,0.325810375578853,12
RL10,Pre,HEEL,76,4.70887180107167,0.366078709328266,1.08304577175286,3.32780486626628,0.0485269389323598,0.149100218509738,0.321750312077008,12
RL10,Pre,HEEL,77,4.80562522934658,0.334354531546933,1.0912509319911,3.39618144202438,0.0484751065672326,0.15088371329162,0.320006371506264,12
RL10,Pre,HEEL,78,4.85748426092988,0.302967319890443,1.09088415485681,3.43283071704255,0.0483795706512016,0.152284441298999,0.317672986426053,12
RL10,Pre,HEEL,79,4.85611339160836,0.277772026349612,1.0807548184973,3.43186191054454,0.048255519335258,0.153289937909525,0.315632765644916,12
RL10,Pre,HEEL,80,4.79889926041871,0.262589579644408,1.06007190867805,3.39142813527192,0.0480899185468305,0.153919258228958,0.312897581133976,12
RL10,Pre,HEEL,81,4.68466692753017,0.259089724427705,1.0285610834368,3.31069904997703,0.0478952415660983,0.154234153759708,0.311703885540718,12
RL10,Pre,HEEL,82,4.51823841782553,0.265489892564454,0.986454776551535,3.19308242589427,0.0476619764641524,0.154342905941368,0.310318707496248,12
RL10,Pre,HEEL,83,4.30587150917098,0.276562073628161,0.934488352875484,3.04300069466224,0.0473979557851391,0.154394674590929,0.309073878883321,12
RL10,Pre,HEEL,84,4.05583076105856,0.2865482763506,0.873855014794134,2.86629449974225,0.0471104168486208,0.154557615214124,0.306537058513351,12
RL10,Pre,HEEL,85,3.77798913282141,0.29310817732054,0.806119064958771,2.66994115619009,0.0467893339326246,0.154980675133314,0.303520162322311,12
RL10,Pre,HEEL,86,3.4785899319694,0.293772768491147,0.73314708083978,2.45835286930472,0.0464495592917263,0.155739607504051,0.299686300136284,12
RL10,Pre,HEEL,87,3.16284414068501,0.290215647673701,0.656971911736812,2.23521229017489,0.0460939848229462,0.156784885476931,0.296110655886214,12
RL10,Pre,HEEL,88,2.83384764755078,0.28170073873919,0.579671554411591,2.00270731295562,0.045724600540611,0.15790200361626,0.293115409579471,12
RL10,Pre,HEEL,89,2.49373673769842,0.268487668680892,0.503243234160377,1.76234767083936,0.0453517867080497,0.158713346258413,0.289242235554719,12
RL10,Pre,HEEL,90,2.1470803126727,0.251988394871378,0.42948331370658,1.51736225036974,0.0449752821374205,0.158742120901113,0.287012000229671,12
RL10,Pre,HEEL,91,1.80131345303138,0.231243505956158,0.359909251760313,1.27300549428942,0.0446017922268007,0.157549518795142,0.287111363730843,12
RL10,Pre,HEEL,92,1.4683687094042,0.205640502336175,0.295702462646621,1.03771025057772,0.044223561846916,0.154945578768597,0.292471600032946,12
RL10,Pre,HEEL,93,1.16216059159007,0.17587873393771,0.237685236699201,0.821310036768502,0.0438427603149522,0.151233594311004,0.2982760262375,12
RL10,Pre,HEEL,94,0.895642555126219,0.143417322157741,0.186329491936363,0.632959184131084,0.0434731797383511,0.147441671071112,0.304559334546609,12
RL10,Pre,HEEL,95,0.677721928310556,0.111372706114625,0.141793772430867,0.478952587006924,0.0431192483951461,0.14547373266425,0.302074350534114,12
RL10,Pre,HEEL,96,0.510084437339274,0.084042222892329,0.104013123766623,0.360481564267265,0.0427905226248261,0.14817219003486,0.287069760229959,12
RL10,Pre,HEEL,97,0.386390878509945,0.0643695511553772,0.0727483641611977,0.273066139854064,0.0424967358304123,0.159360791796321,0.262260432072259,12
RL10,Pre,HEEL,98,0.294541062882162,0.0518127252329024,0.0476706612132639,0.208154994185959,0.042244356560975,0.184212163433863,0.226251605472963,12
RL10,Pre,HEEL,99,0.220573878264017,0.0428512689686071,0.0283673444927376,0.155881675370981,0.0420472662970936,0.230810656830154,0.176516903738766,12
RL10,Pre,HEEL,100,0.153155137321457,0.0351458959862659,0.0143312883628383,0.10823620450997,0.0419265733216168,0.317305771962075,0.128123413261272,12
SS11,Pre,HEEL,0,0.140633512847864,0.0504386282951857,0.0223059552827904,0.100428761783102,0.0451105626902591,0.204230626149818,0.229151541586388,12
SS11,Pre,HEEL,1,0.237723912526095,0.07101674087951,0.0461790950111228,0.169762652569571,0.0450473184992415,0.165685299811894,0.287843983009722,12
SS11,Pre,HEEL,2,0.334369411135827,0.0888771111736916,0.0749723692068459,0.238778832004595,0.0449484472727642,0.14349167632142,0.331424776582024,12
SS11,Pre,HEEL,3,0.414751627488509,0.100473013914925,0.106667806473548,0.296181127476046,0.0448143806502796,0.124990798612213,0.380812436496121,12
SS11,Pre,HEEL,4,0.465525919825741,0.103346632675596,0.13894774505822,0.332439905391647,0.0446417981351509,0.107408783790115,0.442128443066259,12
SS11,Pre,HEEL,5,0.479159535463341,0.0969111515534959,0.169873185350813,0.342175900101472,0.044441132359951,0.0900152639137845,0.517825949851971,12
SS11,Pre,HEEL,6,0.456009742365747,0.0822714217901702,0.198615128207372,0.325644242680375,0.0442247059452012,0.0728224306152315,0.630213380580063,12
SS11,Pre,HEEL,7,0.404388375861735,0.0627380703495934,0.22596375924202,0.288780554825561,0.0439662617110543,0.056341246820794,0.797203932192046,12
SS11,Pre,HEEL,8,0.337550355972281,0.0432649065998551,0.254507990394095,0.241050398324431,0.0437084571980496,0.0414849184980975,1.05585524390054,12
SS11,Pre,HEEL,9,0.2716023524373,0.0303154732420561,0.288303685082192,0.1939558175025,0.0434555706554576,0.0293531849804528,1.43560206732259,12
SS11,Pre,HEEL,10,0.222133336233564,0.0302771022979934,0.332060458589348,0.158629159273149,0.0432248552754664,0.0207882003440934,2.09295571650215,12
SS11,Pre,HEEL,11,0.202081979009249,0.0400335431464986,0.390122741617217,0.144310147130666,0.043020344181115,0.0160059934870967,2.98615357935508,12
SS11,Pre,HEEL,12,0.22024983312812,0.0554556223892426,0.465196456671573,0.157284117960706,0.0428541455212153,0.01448982165073,3.2461150985156,12
SS11,Pre,HEEL,13,0.280765181933501,0.0752916982666839,0.557399510616172,0.200499148477447,0.0427395174002269,0.0152972606327241,2.89482493432404,12
SS11,Pre,HEEL,14,0.382923502598894,0.0977760717799113,0.66376792227038,0.273452127056354,0.0426968221588188,0.0174766688790881,2.512170097913,12
SS11,Pre,HEEL,15,0.521554428039843,0.119778868104787,0.778554387054408,0.372450807420268,0.0427334366576904,0.020327412862842,2.14064075088292,12
SS11,Pre,HEEL,16,0.687616508628527,0.13839614192598,0.894159729662502,0.491038538004006,0.0428388394450805,0.0234270279286702,1.85948697505391,12
SS11,Pre,HEEL,17,0.869024122408979,0.151615478215054,1.00264675389791,0.620584772475919,0.0430200433872571,0.0265532112739345,1.66092797763616,12
SS11,Pre,HEEL,18,1.05298593309799,0.159184254111814,1.09727050297023,0.75195500200905,0.0432518754233314,0.0295904249439893,1.49330994186637,12
SS11,Pre,HEEL,19,1.22774286269553,0.162084547005795,1.17356924531761,0.876751870814312,0.0435036668546932,0.0324716149570821,1.36590927333828,12
SS11,Pre,HEEL,20,1.38234393305411,0.161354151153782,1.22974203427197,0.987155100827137,0.0438043105057432,0.0351522660652837,1.27126204105701,12
SS11,Pre,HEEL,21,1.51241514392193,0.159212162244943,1.26653708201966,1.08004114474766,0.0440950416746754,0.0376053864707725,1.19843195727908,12
SS11,Pre,HEEL,22,1.61614572927951,0.156849040521854,1.28651836462086,1.15411690404245,0.0443750016095906,0.0398225494068708,1.13481833586092,12
SS11,Pre,HEEL,23,1.69460012605305,0.154881433033387,1.29337647388289,1.21014251106066,0.0446707585703347,0.0418181471402986,1.08130790377105,12
SS11,Pre,HEEL,24,1.75487677995415,0.15415079230828,1.29102253538362,1.25318708552326,0.0449172744197442,0.0436265686456246,1.03874616047833,12
SS11,Pre,HEEL,25,1.8011008060554,0.152326457480476,1.28297516969791,1.28619644162887,0.0451526409865194,0.0452951525252105,1.00352093313531,12
SS11,Pre,HEEL,26,1.83857644781877,0.151017795441831,1.27190943185849,1.31295842903221,0.0453783440894402,0.0468724547848447,0.974422511901605,12
SS11,Pre,HEEL,27,1.87223553308206,0.149571661350039,1.2594849003051,1.33699494911404,0.0455619329088318,0.0483949291434034,0.949224756323073,12
SS11,Pre,HEEL,28,1.90229942164386,0.148413590228697,1.24635947959414,1.35846407863733,0.0457370499458601,0.0498785965246315,0.925378177483511,12
SS11,Pre,HEEL,29,1.92846515856006,0.14870751376496,1.23237552302566,1.37714947237047,0.0459006949298513,0.0513175522854101,0.902989808337763,12
SS11,Pre,HEEL,30,1.94840272379014,0.149431753389808,1.2168355857671,1.39138722373199,0.0460582451621866,0.0526882330893352,0.889843561302177,12
SS11,Pre,HEEL,31,1.96083327884644,0.153594734998467,1.19882075125337,1.40026409260415,0.0461798639633249,0.0539584404309495,0.875702147603672,12
SS11,Pre,HEEL,32,1.9626536185413,0.160990220240647,1.17747910076071,1.40156402786053,0.0462764763035153,0.0550955024411459,0.862483723011415,12
SS11,Pre,HEEL,33,1.95062356450857,0.169836754417231,1.15228715975317,1.39297316351941,0.046380007750459,0.0560732945555827,0.852114402271483,12
SS11,Pre,HEEL,34,1.92565406849746,0.181084061860863,1.12317847184605,1.37514202557822,0.0464588735713563,0.0568767262165329,0.84525569115743,12
SS11,Pre,HEEL,35,1.88800416290148,0.193136226238552,1.09057586516282,1.34825559343494,0.0465278733915548,0.0575051363371423,0.842930404295973,12
SS11,Pre,HEEL,36,1.83991490481352,0.205253154429496,1.05530197586102,1.31391424373072,0.0465877894350556,0.0579741303369041,0.843849235658695,12
SS11,Pre,HEEL,37,1.78472686490521,0.216399792002429,1.01845903750237,1.27450353428465,0.0466373300110262,0.0583166024170819,0.847764671577022,12
SS11,Pre,HEEL,38,1.72645308594638,0.226105611498054,0.981248095298782,1.23288924657509,0.0466716973862366,0.0585801121421849,0.850566071114606,12
SS11,Pre,HEEL,39,1.66831748305789,0.233247029965882,0.944827572503639,1.19137363272619,0.0467071125742035,0.0588234732537262,0.847946376496326,12
SS11,Pre,HEEL,40,1.6142289430648,0.238104626056329,0.91018848748502,1.15274809470072,0.0467332584999994,0.0591090348620972,0.838445867548825,12
SS11,Pre,HEEL,41,1.56656610375884,0.240628900911868,0.878094169211095,1.11871125783564,0.0467613069982509,0.0594955035866476,0.825629086124666,12
SS11,Pre,HEEL,42,1.5275263504067,0.241482734147028,0.84905710964923,1.09083231198499,0.0467839109319557,0.0600301787938622,0.809241436441554,12
SS11,Pre,HEEL,43,1.4977973518293,0.24084922273466,0.823351115595729,1.06960233304384,0.0468109969922711,0.0607449250239747,0.7905142459565,12
SS11,Pre,HEEL,44,1.47790082230756,0.239652855198738,0.801065644503902,1.05539388597326,0.0468395453588673,0.0616565959375776,0.76847421004241,12
SS11,Pre,HEEL,45,1.46787360312983,0.238771899851661,0.782129618327234,1.04823327975817,0.0468643147577047,0.0627680511769465,0.749886391565203,12
SS11,Pre,HEEL,46,1.46689276693991,0.238436513845791,0.766394145774384,1.04753284810379,0.0468988007745382,0.0640749894474885,0.728946183657599,12
SS11,Pre,HEEL,47,1.47482261422156,0.239107169979317,0.753647346408886,1.05319568569846,0.046930859453747,0.065567886015543,0.70819224897988,12
SS11,Pre,HEEL,48,1.490846415456,0.240488028848283,0.743656734016012,1.06463855222754,0.0469681978639913,0.0672355016657095,0.687933478739945,12
SS11,Pre,HEEL,49,1.51433667010554,0.242603132379393,0.736181112820845,1.08141333898107,0.0470130038656896,0.0690635259399213,0.668112811576864,12
SS11,Pre,HEEL,50,1.54479540566153,0.244948330576062,0.730982441031831,1.10316443539773,0.0470602302414934,0.0710345808256282,0.648880078068144,12
SS11,Pre,HEEL,51,1.58136484850092,0.24726803305222,0.727812416101115,1.12927929087624,0.047113477289544,0.0731260662735769,0.630450647027784,12
SS11,Pre,HEEL,52,1.62327557193165,0.249502805990188,0.726415775616136,1.15920844484778,0.0471718813193585,0.0753129702631984,0.612897338289904,12
SS11,Pre,HEEL,53,1.66962507711418,0.251625262382272,0.726512288873385,1.19230740768018,0.0472355254373599,0.0775700112913769,0.596263233468821,12
SS11,Pre,HEEL,54,1.71966946634586,0.254168615138682,0.727798343205284,1.2280449494862,0.0473027959340004,0.079878222696559,0.580631315739524,12
SS11,Pre,HEEL,55,1.77252166097212,0.257158594687887,0.729955662544649,1.26578759244768,0.047377157050601,0.0822293901922267,0.565987515407996,12
SS11,Pre,HEEL,56,1.82793644015412,0.26137510321971,0.73267683220692,1.3053602202306,0.0474542529154659,0.084629677228232,0.552162412454601,12
SS11,Pre,HEEL,57,1.88581732056188,0.267071119003488,0.735715022647022,1.34669393246287,0.0475342781139269,0.0870992710279263,0.538992655676183,12
SS11,Pre,HEEL,58,1.94639114254503,0.274517247446922,0.738937904767245,1.38995071966137,0.047621463020167,0.0896690751474194,0.525939348375744,12
SS11,Pre,HEEL,59,2.01079524847946,0.28362828501409,0.742380309829622,1.43594277718566,0.0477094100143125,0.0923737573154913,0.51262106698165,12
SS11,Pre,HEEL,60,2.08039510131914,0.294246688556348,0.746278924097122,1.4856452051449,0.0477982986549345,0.0952434556024164,0.499056333144503,12
SS11,Pre,HEEL,61,2.15702195530161,0.306131009599909,0.751077277291067,1.54036573305434,0.0478871966807681,0.0982939472242924,0.483405539510051,12
SS11,Pre,HEEL,62,2.24230937660152,0.318909145153289,0.757390409641544,1.60127091805167,0.0479833070470109,0.10151867726513,0.467418912700547,12
SS11,Pre,HEEL,63,2.33828498322424,0.331950771912439,0.765931171703868,1.66980871632831,0.0480830357966612,0.104884487760027,0.45175193847486,12
SS11,Pre,HEEL,64,2.44685457535814,0.344266240001638,0.777400640618575,1.74734009191941,0.0481790376303648,0.10833459994988,0.43682180580105,12
SS11,Pre,HEEL,65,2.56885700175151,0.355927757217005,0.792353536988537,1.83446408085422,0.0482768736918691,0.111797479334253,0.422576304008135,12
SS11,Pre,HEEL,66,2.70416427316478,0.365588058364231,0.811091814712066,1.9310892838596,0.0483822403285307,0.115203454332495,0.409893242505114,12
SS11,Pre,HEEL,67,2.85252412012125,0.372536283057906,0.833540578590082,2.03703555105046,0.0484884603166967,0.118502209036729,0.398589188216266,12
SS11,Pre,HEEL,68,3.01211417961744,0.376000909980287,0.859227441648797,2.15100150229163,0.0486023398308785,0.121675202921572,0.388472375388741,12
SS11,Pre,HEEL,69,3.18101855412035,0.375847608516422,0.88729084338405,2.27161896286396,0.048720879130886,0.124740679584338,0.379204475850426,12
SS11,Pre,HEEL,70,3.35694401059925,0.371503180036031,0.916583849045921,2.39725029640973,0.0488384439957756,0.127746518781581,0.3706081124319,12
SS11,Pre,HEEL,71,3.53692436797072,0.362984987026616,0.945811488014152,2.52577730302479,0.0489557957141458,0.130757101448202,0.362402732985911,12
SS11,Pre,HEEL,72,3.7172247453789,0.350116449255079,0.973697000538539,2.65453284134174,0.0490810445793691,0.133835099463797,0.354508616988248,12
SS11,Pre,HEEL,73,3.89672757214984,0.333946682355215,0.999123168918429,2.78271883530659,0.0491866160106843,0.13702490279973,0.346492349818277,12
SS11,Pre,HEEL,74,4.06972976465041,0.312801177811429,1.02120833826787,2.9062626167763,0.0493000038849698,0.140341202055913,0.339633654142026,12
SS11,Pre,HEEL,75,4.23438713520163,0.28865999387024,1.03934419510305,3.02384722024709,0.049399197435637,0.143762382582438,0.333577998224281,12
SS11,Pre,HEEL,76,4.38575800663728,0.2617676410515,1.0531354576919,3.13194371076679,0.0494934214200781,0.147231814845156,0.327540599124463,12
SS11,Pre,HEEL,77,4.51999483774282,0.233827849666098,1.06232987690332,3.22780449430706,0.0495737291648306,0.150665159064334,0.321680106533746,12
SS11,Pre,HEEL,78,4.6326253860056,0.202311425152496,1.06670718177439,3.30823586711376,0.0496315119301998,0.153963820878309,0.316507710432474,12
SS11,Pre,HEEL,79,4.71880227872868,0.176509489139279,1.06598759638962,3.36977623864567,0.0496654945249519,0.157032351087716,0.311468943169983,12
SS11,Pre,HEEL,80,4.77457313376584,0.155545544500438,1.05975587035741,3.40960314619811,0.0496598687927237,0.159795380198032,0.306782093264545,12
SS11,Pre,HEEL,81,4.79362077008378,0.144386169809461,1.04747147042509,3.42320538432449,0.0496313862512958,0.162211750009438,0.302893730627327,12
SS11,Pre,HEEL,82,4.77279643972967,0.14725450823701,1.0284691096933,3.40833437904221,0.0495702372940573,0.164276747215892,0.300841387461159,12
SS11,Pre,HEEL,83,4.70944557667801,0.162148008954772,1.00208201632398,3.36309446001201,0.0494705394906472,0.166015925062095,0.299023060624677,12
SS11,Pre,HEEL,84,4.60032027106758,0.183589123274001,0.967730505005249,3.28516624006125,0.0493394832494022,0.167464047840426,0.294915811393771,12
SS11,Pre,HEEL,85,4.44404744586671,0.206280840882347,0.925064935757267,3.17356918173954,0.0491704546707518,0.168637338130309,0.290825948878536,12
SS11,Pre,HEEL,86,4.23941290978702,0.226568303029371,0.874094143205362,3.02743621058368,0.0489613495208785,0.169505926627106,0.28787365384174,12
SS11,Pre,HEEL,87,3.98537713706839,0.242890894575609,0.81522393125298,2.84602498372807,0.0487163537698985,0.169972765793471,0.285039791742901,12
SS11,Pre,HEEL,88,3.68251772115783,0.252912470572615,0.749352433162968,2.62974797038805,0.0484451346154089,0.169878869064193,0.283184959375271,12
SS11,Pre,HEEL,89,3.33634929365941,0.255578351710316,0.677793845274121,2.38254326193653,0.0481347772477425,0.169033937617936,0.282717895983631,12
SS11,Pre,HEEL,90,2.95436941839995,0.249258965287915,0.602229841093248,2.1097649950673,0.047808054337502,0.167287948921838,0.283657348434283,12
SS11,Pre,HEEL,91,2.5538663291324,0.236305761172571,0.524589330388259,1.82375898888185,0.0474210173950407,0.164634932163333,0.285814963122445,12
SS11,Pre,HEEL,92,2.15044603027545,0.213532276499232,0.446921366539866,1.53566975416152,0.0470232866648778,0.161343460787552,0.288621711400813,12
SS11,Pre,HEEL,93,1.7669548241041,0.185554903126438,0.371274539615614,1.26181222041592,0.0465821646603554,0.158084507002062,0.293360506043063,12
SS11,Pre,HEEL,94,1.42155064082015,0.153946643250695,0.299574742964963,1.01515327163863,0.0461098808055864,0.156052917824087,0.297056181195771,12
SS11,Pre,HEEL,95,1.12773009428427,0.124349031194603,0.233564068019847,0.805331067261541,0.0456002463515878,0.157089506457526,0.290652637979856,12
SS11,Pre,HEEL,96,0.889235684552502,0.102060068833165,0.174684109232515,0.635018189651326,0.0450806070149137,0.163826616473697,0.27820558174704,12
SS11,Pre,HEEL,97,0.701559051700936,0.0903849625425981,0.12404954721949,0.500995143001738,0.0445678375847175,0.180093147624144,0.258328503473284,12
SS11,Pre,HEEL,98,0.553970722423904,0.0875061534157592,0.0823336722757649,0.395599829589041,0.0440357670759025,0.211918013882001,0.219804927744025,12
SS11,Pre,HEEL,99,0.431739395783766,0.0873325372803841,0.0497769919955377,0.308312379130099,0.0435609487772695,0.270741225177647,0.167714200966827,12
SS11,Pre,HEEL,100,0.323258177971124,0.0858979126851531,0.0261420625690376,0.23084411313128,0.0431546441329972,0.382968342770265,0.117339411794879,12
SE15,Pre,HEEL,0,0.295339113918406,0.0966531492985063,0.0198294620890427,0.139414417899876,0.0372276770564676,0.262300489458393,0.158148987700939,14
SE15,Pre,HEEL,1,0.390367095164274,0.126000559756554,0.0382792078238706,0.184272244260299,0.0371702143749959,0.179587628691463,0.216881566367658,14
SE15,Pre,HEEL,2,0.458517460573029,0.150841958285389,0.060534592227998,0.21644252945236,0.03708392619859,0.133709164098731,0.289877867551656,14
SE15,Pre,HEEL,3,0.479476533019296,0.168640528750349,0.0854005912321837,0.22633623044594,0.0369729338144492,0.099243628254141,0.396513031972358,14
SE15,Pre,HEEL,4,0.439392256604265,0.178236056595707,0.111576140775512,0.20741450352262,0.036834874509538,0.069678038998077,0.554635091187912,14
SE15,Pre,HEEL,5,0.334908323015303,0.179574896585895,0.138032631633364,0.158093008012144,0.0366748931226086,0.0430813324084169,0.83471371757893,14
SE15,Pre,HEEL,6,0.174994645170069,0.173398764053486,0.164442836266885,0.0826059788298839,0.0364969039243437,0.0192935447198165,1.58585104644301,14
SE15,Pre,HEEL,7,-0.0201991978610597,0.161544510342602,0.191500966935493,-0.00953500325264082,0.0363165231990014,-0.000939265891815921,-0.102163887868149,14
SE15,Pre,HEEL,8,-0.223295737527266,0.146732139456196,0.220985004652839,-0.105406442288873,0.0361429173144951,-0.0164955278006747,-2.11768046552552,14
SE15,Pre,HEEL,9,-0.405147909100269,0.133487994750653,0.255494934689649,-0.191249506918243,0.0359686134513084,-0.0264630694928167,-1.32999864122327,14
SE15,Pre,HEEL,10,-0.539553800832034,0.129244021019551,0.297896594927005,-0.254695621147714,0.0358347955123725,-0.0306744135506796,-1.14680286440676,14
SE15,Pre,HEEL,11,-0.608026942384655,0.143059521740073,0.350572484843939,-0.287018272369495,0.0357351395520031,-0.0299008007584171,-1.15090908489078,14
SE15,Pre,HEEL,12,-0.601150003954062,0.177362023339662,0.414710460367466,-0.283772023149355,0.0356784294998212,-0.0255587167909779,-1.36503625689138,14
SE15,Pre,HEEL,13,-0.518763887588025,0.225562538770244,0.489806297288551,-0.244881771520254,0.0356768929579123,-0.0192067647187737,-1.87382462502423,14
SE15,Pre,HEEL,14,-0.369098880012521,0.277841485777883,0.573539218516745,-0.174232612882621,0.0357205464257392,-0.0121496709068199,-2.91347471079124,14
SE15,Pre,HEEL,15,-0.165688885495227,0.323791395888702,0.662034229228594,-0.0782132079199578,0.0358292058279015,-0.00527288471253027,-1.52451837298573,14
SE15,Pre,HEEL,16,0.0743629678141228,0.354990631690467,0.750483848682856,0.0351029355156031,0.0359654140616632,0.000953876802246849,4.14932646962425,14
SE15,Pre,HEEL,17,0.333015045567272,0.364722016568437,0.833974685789441,0.157199289026405,0.0361727464286126,0.00637107062302469,3.57762102122401,14
SE15,Pre,HEEL,18,0.593962375972064,0.352531527249686,0.908313086169562,0.280379113358653,0.0363822862975978,0.0109961093767557,2.90158832971175,14
SE15,Pre,HEEL,19,0.842742914037656,0.321106800563215,0.970652634284069,0.397815620291543,0.0366217876281464,0.0149184901376895,2.42644128017042,14
SE15,Pre,HEEL,20,1.06956051891449,0.278490921621962,1.01978112662772,0.504884555163761,0.0368644971510856,0.0182427472135057,2.01796037167285,14
SE15,Pre,HEEL,21,1.26810927353266,0.235521866331054,1.05604230318709,0.598609218594168,0.0371117948063259,0.0210659879931072,1.7626294278405,14
SE15,Pre,HEEL,22,1.43703224361954,0.204169030533005,1.08099729883277,0.678349071646911,0.037349809568778,0.0234746013406892,1.55938771930404,14
SE15,Pre,HEEL,23,1.57775286669499,0.190294762893364,1.09695481731078,0.744776046023193,0.0375872883925638,0.0255480537210718,1.45275266545243,14
SE15,Pre,HEEL,24,1.69526957440289,0.190373644148103,1.10642933096118,0.800249644427542,0.0378095609637795,0.0273610104916266,1.37588109521568,14
SE15,Pre,HEEL,25,1.7961512193582,0.195636347076205,1.11169620582355,0.847870684599391,0.0379983120594835,0.028983196465711,1.29734212193535,14
SE15,Pre,HEEL,26,1.88407233322638,0.200891874569146,1.11448990705185,0.889373724100038,0.0381990230302423,0.0304767603212325,1.24151856730604,14
SE15,Pre,HEEL,27,1.96434421862834,0.201698375621386,1.11586125549616,0.9272659559435,0.0383893347949051,0.0318927468943959,1.18823195279916,14
SE15,Pre,HEEL,28,2.04167011365882,0.200990703241056,1.1161955051929,0.963767537130069,0.0385386153634344,0.0332685327010498,1.14353566384091,14
SE15,Pre,HEEL,29,2.11506282903523,0.200967366631088,1.11533028488713,0.998412466332099,0.0386892389701351,0.0346276682723534,1.10487097871883,14
SE15,Pre,HEEL,30,2.18370864354893,0.202912378790712,1.11274912276266,1.03081662758496,0.0388473664870023,0.0359822159635033,1.07253445885662,14
SE15,Pre,HEEL,31,2.24935596987354,0.207169462978822,1.10778940244708,1.06180535665915,0.0389568273281224,0.0373366258643148,1.03851956478562,14
SE15,Pre,HEEL,32,2.30560868724482,0.214654376796756,1.09983022437955,1.0883593736451,0.0391014568113796,0.038691712921438,1.0083579699773,14
SE15,Pre,HEEL,33,2.35503088123599,0.22529249571145,1.08843119647046,1.11168905157092,0.0392103954077255,0.0400480010319182,0.974218572031884,14
SE15,Pre,HEEL,34,2.3943504072355,0.238423587971158,1.07341023063824,1.13024977912438,0.0393229487380486,0.041407813374225,0.945352659774465,14
SE15,Pre,HEEL,35,2.42461694987426,0.253955938810399,1.0548661573214,1.14453705847537,0.0394186651380387,0.0427759233868861,0.917181801491296,14
SE15,Pre,HEEL,36,2.44614810290539,0.271072533740243,1.03315205949936,1.15470080931325,0.0395003539077037,0.0441591551327248,0.895873713958515,14
SE15,Pre,HEEL,37,2.45948846417366,0.28923246313353,1.00882249553282,1.16099810829311,0.0395770861086976,0.0455653887308159,0.874426450576853,14
SE15,Pre,HEEL,38,2.46671291011327,0.309131593531201,0.982559195919849,1.16440839794949,0.039641241019339,0.04700215086045,0.851922249991574,14
SE15,Pre,HEEL,39,2.46884340571372,0.330279091119233,0.955099176291577,1.1654140954341,0.0397039180352618,0.0484753048276504,0.828531689295469,14
SE15,Pre,HEEL,40,2.46791530239701,0.352855046135726,0.927167411170165,1.16497598555446,0.0397611506250104,0.0499881233528008,0.803916522773849,14
SE15,Pre,HEEL,41,2.46548405633809,0.37642713043731,0.899427923356022,1.16382831923428,0.0398139784420471,0.0515408197389801,0.772154594154046,14
SE15,Pre,HEEL,42,2.4627972734577,0.40036040421698,0.872449526605907,1.16256002711299,0.0398648435111023,0.0531307454364651,0.739385313781829,14
SE15,Pre,HEEL,43,2.46076375058765,0.423824340276048,0.846689557322383,1.16160010547087,0.039917358128715,0.05475320844893,0.709437924672977,14
SE15,Pre,HEEL,44,2.46033301490446,0.445787307497403,0.822490293623588,1.16139677729079,0.0399695985090227,0.0564024796186197,0.689517741382782,14
SE15,Pre,HEEL,45,2.46225120526852,0.465570761599025,0.800086452872004,1.16230225638388,0.040019984854778,0.058072900187372,0.673241242295779,14
SE15,Pre,HEEL,46,2.46676562098286,0.482729357974571,0.779621943007381,1.16443328004215,0.0400735287269427,0.0597598182980643,0.658480687391479,14
SE15,Pre,HEEL,47,2.47436543042314,0.496802142546019,0.761166535417792,1.16802075951688,0.0401285533442502,0.0614601316767769,0.637539743116776,14
SE15,Pre,HEEL,48,2.48553795999865,0.50808353950426,0.744732781395767,1.17329473656169,0.0401850413932531,0.0631723778532837,0.618278222594537,14
SE15,Pre,HEEL,49,2.50053327695106,0.516542960217142,0.730284608521638,1.18037325507015,0.0402439900029817,0.0648964663643591,0.600654970004499,14
SE15,Pre,HEEL,50,2.51994332247999,0.522674029969824,0.71775008196226,1.18953574006214,0.0403016275885274,0.066633991229695,0.584504222757676,14
SE15,Pre,HEEL,51,2.54341016377237,0.527073638185229,0.707036128905099,1.20061322985115,0.0403698288526873,0.0683887864339851,0.57002395327387,14
SE15,Pre,HEEL,52,2.57250553332321,0.530447553755576,0.698040426462406,1.21434765857512,0.0404293409695905,0.0701679449234176,0.556863431232417,14
SE15,Pre,HEEL,53,2.60697702900385,0.533690717049416,0.690676367756491,1.23061988016031,0.0404944160016892,0.0719830725177029,0.544811393997549,14
SE15,Pre,HEEL,54,2.64797834166811,0.536688419004339,0.684898901021467,1.24997449276946,0.0405583132381117,0.0738510835912769,0.533621772592462,14
SE15,Pre,HEEL,55,2.69631484348337,0.539713586531175,0.680735493961105,1.27279167121387,0.0406277784821813,0.0757929765767285,0.523125489467585,14
SE15,Pre,HEEL,56,2.75401135204502,0.542364426744376,0.678315153589175,1.30002722782287,0.0406959067536314,0.0778309765247573,0.509356415615105,14
SE15,Pre,HEEL,57,2.82275741161056,0.543292113511383,0.67788471706263,1.33247870961301,0.0407650079598501,0.079983107301472,0.498451868731537,14
SE15,Pre,HEEL,58,2.90451454051307,0.543292184696932,0.679808736173132,1.37107204858489,0.0408434052814399,0.0822564881073267,0.490300935448273,14
SE15,Pre,HEEL,59,3.00175205129586,0.541367782632754,0.684546261423356,1.4169728802897,0.0409271290502507,0.0846408777971713,0.481582652588039,14
SE15,Pre,HEEL,60,3.11696424735516,0.53779074710177,0.69260197988118,1.47135863717598,0.0410122172349614,0.087105042552293,0.466605924431079,14
SE15,Pre,HEEL,61,3.25176863370154,0.534321494272276,0.704461675628936,1.53499286023396,0.0411049755543756,0.0895995822929364,0.45781000598397,14
SE15,Pre,HEEL,62,3.40775149201638,0.53123404262065,0.720514838962749,1.60862435152478,0.0411990816926869,0.092065622200764,0.451637114798834,14
SE15,Pre,HEEL,63,3.58464155618909,0.530235058895023,0.740975988813349,1.69212506025828,0.0413064874219678,0.0944491621689087,0.44658553184251,14
SE15,Pre,HEEL,64,3.78308781804061,0.530955150331647,0.765828286116027,1.78580134212076,0.0414163334170536,0.096716164524414,0.439999522705474,14
SE15,Pre,HEEL,65,4.00249664679332,0.533382441685869,0.794780595680628,1.88937297452941,0.0415279208127593,0.0988642025283554,0.433100426870848,14
SE15,Pre,HEEL,66,4.24091980326288,0.536418374480327,0.82727284045504,2.00192029388731,0.0416505181300601,0.100925338499426,0.425860360734576,14
SE15,Pre,HEEL,67,4.49767941370106,0.538194034127497,0.862511381457048,2.12312331083456,0.0417777454990727,0.102960927347978,0.418232378490527,14
SE15,Pre,HEEL,68,4.7722670902216,0.537788401933483,0.89954218239979,2.25274204157663,0.0419044629844524,0.10505009704746,0.409836958165682,14
SE15,Pre,HEEL,69,5.06252693024881,0.533856987982065,0.937342502808102,2.38975879530158,0.042039922249917,0.107274635988459,0.400879884374493,14
SE15,Pre,HEEL,70,5.3684082982232,0.526206312196209,0.974916054559195,2.534149669564,0.0421737270850457,0.109703537019603,0.391370457484311,14
SE15,Pre,HEEL,71,5.68770438320146,0.513973926018028,1.01136973294216,2.68487294232784,0.0423080347586766,0.11237942058015,0.381408716363913,14
SE15,Pre,HEEL,72,6.01782327778384,0.497068245049406,1.04595218662708,2.84070510731045,0.0424386620451273,0.115309373342887,0.371222086867558,14
SE15,Pre,HEEL,73,6.35377530838018,0.477458919061659,1.0780489007853,2.9992907960344,0.0425674651737931,0.118461757561269,0.361016520567204,14
SE15,Pre,HEEL,74,6.69073722355992,0.454296608778614,1.10713538177205,3.15835319937116,0.0426796856490739,0.121770178229748,0.351397537401265,14
SE15,Pre,HEEL,75,7.01882739371729,0.429310782332715,1.13270599444194,3.31322770781097,0.0427828760599401,0.125143854339185,0.342887131642594,14
SE15,Pre,HEEL,76,7.32706008187364,0.405059325743274,1.15420551871243,3.45872851949453,0.0428798913372059,0.128483180123411,0.335165729765974,14
SE15,Pre,HEEL,77,7.60546485014358,0.380707503580073,1.17096435448106,3.59014910308721,0.0429613206655778,0.131697203106379,0.327603069372712,14
SE15,Pre,HEEL,78,7.84579465245299,0.359691568980561,1.18217153211361,3.70359645196162,0.043010128453464,0.134718607677201,0.319420905573069,14
SE15,Pre,HEEL,79,8.02903626156847,0.345305191801562,1.18687741136764,3.79009539865016,0.0430720548387281,0.137512894995269,0.311952176272248,14
SE15,Pre,HEEL,80,8.1566931563497,0.335118565750635,1.18403731189836,3.85035565825719,0.0430853750502975,0.14007913639461,0.305556327624792,14
SE15,Pre,HEEL,81,8.21774951220252,0.333945819389349,1.17259282444824,3.87917722610634,0.0430655043931062,0.142441799095461,0.300510335183344,14
SE15,Pre,HEEL,82,8.20231787856689,0.337804676432279,1.15156116305228,3.87189274491449,0.0430229126162885,0.144633881527367,0.296973809046273,14
SE15,Pre,HEEL,83,8.10684865718519,0.350686914830758,1.12015359412303,3.82682663176173,0.0429381031896888,0.146675148931768,0.290975809087001,14
SE15,Pre,HEEL,84,7.9210442172369,0.364563564263345,1.07791133744957,3.73911790434353,0.0428250711140931,0.148549312690228,0.286475562407595,14
SE15,Pre,HEEL,85,7.63837738710858,0.380095351993763,1.02481543310077,3.60568542037924,0.0426827266753251,0.15018523323201,0.281856013363995,14
SE15,Pre,HEEL,86,7.25838366350767,0.396241679847499,0.961375573748154,3.42630991173577,0.0424851776945193,0.151448175472695,0.277836151059446,14
SE15,Pre,HEEL,87,6.77645064958988,0.409823949896624,0.888660871028291,3.19881410289873,0.0422506668206189,0.152145359104009,0.276328132923808,14
SE15,Pre,HEEL,88,6.20009764929499,0.418993261608706,0.808281050847243,2.92674747083333,0.0419658026878046,0.152051048409766,0.276120751609048,14
SE15,Pre,HEEL,89,5.54055354182097,0.420425622747783,0.72230533404345,2.61541059234528,0.0416521127262605,0.150954442660857,0.277523805435044,14
SE15,Pre,HEEL,90,4.82360947727178,0.415435451592063,0.633124942670764,2.2769781439649,0.041306356224392,0.148727894880309,0.280728428342507,14
SE15,Pre,HEEL,91,4.08472421609311,0.398890404388936,0.543285820303529,1.92818838423643,0.0409125937075122,0.145413591920109,0.28525590913389,14
SE15,Pre,HEEL,92,3.36145248340137,0.374292682645048,0.455308357941079,1.58676896891133,0.0404834968278105,0.141317184620958,0.29015166961183,14
SE15,Pre,HEEL,93,2.69194515923336,0.341813335798865,0.371525552447858,1.27072896784201,0.0400152476450568,0.137102003589606,0.293116441604193,14
SE15,Pre,HEEL,94,2.10565586283332,0.307594402642586,0.293955968776908,0.99397192102185,0.0395251606150271,0.133874990755463,0.297025571422433,14
SE15,Pre,HEEL,95,1.61997509711131,0.275812270110129,0.224216957084648,0.764706991158861,0.0390153988681573,0.133282802413078,0.28916922774984,14
SE15,Pre,HEEL,96,1.23682502450981,0.251010596913316,0.163472407948479,0.583841532360232,0.0384825809903011,0.137679649480467,0.268051114208565,14
SE15,Pre,HEEL,97,0.942534307163179,0.232327822161319,0.112408199075828,0.444922008603713,0.0379478543683659,0.150566009842558,0.246204618523649,14
SE15,Pre,HEEL,98,0.715262170908798,0.216784265366184,0.0712381976293153,0.337638512826991,0.0374033414155823,0.177993543653513,0.212149926249018,14
SE15,Pre,HEEL,99,0.52955393174115,0.19980084899949,0.0397177013143443,0.249975196853471,0.0368972920434094,0.233913124485027,0.157261934842235,14
SE15,Pre,HEEL,100,0.365988794027506,0.179650910784353,0.0171858545237046,0.172764501119615,0.0364120269609194,0.371394157084918,0.0842676830740028,14
GJ03,Pre,FLAT,0,-0.274765709234489,0.583093002716357,0.0407673565529578,-0.257073917952379,0.0413642773212741,-0.176035416400187,0.0626753681281794,40
GJ03,Pre,FLAT,1,-0.25572767862742,0.579884508912748,0.0576447495270133,-0.239261720309915,0.0413513731738082,-0.195943171532934,0.213857480586288,40
GJ03,Pre,FLAT,2,-0.244907592238478,0.569601283818055,0.0816658920766823,-0.229138324605487,0.0413302341801416,-0.193528966718187,0.212449296155244,40
GJ03,Pre,FLAT,3,-0.243801675227482,0.551010409732636,0.112848068192829,-0.228103616090589,0.0413035106683542,-0.18658465762486,0.211066252805627,40
GJ03,Pre,FLAT,4,-0.252118531333071,0.524902759859328,0.151211859451725,-0.235884961113833,0.0412706140488796,-0.176669511998687,0.20970759069055,40
GJ03,Pre,FLAT,5,-0.267526302986263,0.494369305274831,0.196433835699208,-0.250300647251805,0.0412360534752218,-0.166378067269355,0.251161449088103,40
GJ03,Pre,FLAT,6,-0.285596097281586,0.464123330020734,0.24784618640386,-0.267206952005168,0.041201744823015,-0.155592543893034,-0.069974077133114,40
GJ03,Pre,FLAT,7,-0.300288164175195,0.438945560491043,0.304368364823447,-0.280953016642132,0.0411659775453883,-0.144640244621016,-0.0851687466863476,40
GJ03,Pre,FLAT,8,-0.304769406245887,0.422081010405153,0.364527975915675,-0.285145717614955,0.0411401985826721,-0.133985224954018,-0.0863051932476248,40
GJ03,Pre,FLAT,9,-0.292596440672146,0.415197202758707,0.426542109847456,-0.273756552781179,0.0411227730736048,-0.123043860118963,-0.0919323211001154,40
GJ03,Pre,FLAT,10,-0.258914333797453,0.421111366425281,0.488372903119762,-0.242243191076431,0.0411167225893592,-0.112770533292785,-0.091600500482536,40
GJ03,Pre,FLAT,11,-0.201428789731967,0.445844128557138,0.547953416978406,-0.188459063210872,0.0411251665471525,-0.102303424618248,0.0536700014465355,40
GJ03,Pre,FLAT,12,-0.121085955435593,0.497285958921742,0.603287307024745,-0.113289395025163,0.0411476322698093,-0.0925313758513637,0.247051663183745,40
GJ03,Pre,FLAT,13,-0.0218896939306026,0.57853078305481,0.652753603528687,-0.0204802462330408,0.0411837042926434,-0.0828183143103649,0.246020329775641,40
GJ03,Pre,FLAT,14,0.0893341719160587,0.684553968417882,0.695166652813438,0.0835820657733296,0.0412316228739483,-0.0737614832275865,0.245023552183864,40
GJ03,Pre,FLAT,15,0.204331670539186,0.803820221250261,0.729959077913785,0.191175031460839,0.0412880823337902,-0.0650628744458574,0.244034899135691,40
GJ03,Pre,FLAT,16,0.314222012132191,0.922671200484386,0.757115716215625,0.293989683031244,0.0413524879174878,-0.0569692114658866,0.243054271259837,40
GJ03,Pre,FLAT,17,0.411031056141887,1.02827483627502,0.777171179316921,0.384565324024196,0.0414213970492866,-0.0495185582718684,0.242081570805981,40
GJ03,Pre,FLAT,18,0.488588682381762,1.11066090728743,0.791005158270183,0.457129119921869,0.0414920078826816,-0.0426440301550372,0.241116701611713,40
GJ03,Pre,FLAT,19,0.543094077119437,1.16356838074197,0.799686179665444,0.50812498623209,0.0415628390226233,-0.0365710425775872,0.240159569070287,40
GJ03,Pre,FLAT,20,0.573715915596234,1.18492000599423,0.804335475026755,0.536775126069652,0.0416338451638012,-0.0310323939626203,0.239210080099164,40
GJ03,Pre,FLAT,21,0.582189635173146,1.17685351640059,0.805867639901582,0.544703234338095,0.0417016911299759,-0.0262603602548822,0.238327573608323,40
GJ03,Pre,FLAT,22,0.572623966653493,1.14467639810312,0.805015315056688,0.535753486238043,0.041766572699394,-0.0219213096915115,0.237557109628083,40
GJ03,Pre,FLAT,23,0.550617100017224,1.09640541818021,0.802171181051977,0.515163611890902,0.0418271418356352,-0.0181070578004229,0.236841293850372,40
GJ03,Pre,FLAT,24,0.522577253391605,1.04084575330223,0.797496094876777,0.488929212951841,0.041884722055858,-0.0145314668753371,0.236129820705838,40
GJ03,Pre,FLAT,25,0.494974825119642,0.987157451388248,0.790926206372546,0.463104067592027,0.0419352935043527,-0.0111698910461065,0.235422650697393,40
GJ03,Pre,FLAT,26,0.473110620372614,0.942406109867831,0.782318586554372,0.442647669328608,0.0419853599883642,-0.00784098459303529,0.234751331091285,40
GJ03,Pre,FLAT,27,0.461277471348441,0.912130398777234,0.771515737378984,0.431576440717754,0.0420289054741588,-0.00446930617537149,0.234083896010112,40
GJ03,Pre,FLAT,28,0.461616464873284,0.898629118185345,0.758457449931262,0.431893606909397,0.0420709587857217,-0.000990471516202184,0.233420311516236,40
GJ03,Pre,FLAT,29,0.474716590661562,0.902164376066718,0.743232038380751,0.444150233369242,0.0421078911097357,0.00267500921933529,0.23276054406974,40
GJ03,Pre,FLAT,30,0.499144816500459,0.920630973666384,0.726080952650035,0.467005558884666,0.0421423410142045,0.00646080807971287,0.232104560522571,40
GJ03,Pre,FLAT,31,0.532285437516457,0.950374848961764,0.707433469407733,0.498012300270604,0.0421736035438824,0.0104135174588762,0.231504054162531,40
GJ03,Pre,FLAT,32,0.570603529360996,0.98695445279904,0.687809999582421,0.53386314216197,0.0422013257640503,0.0144054059160136,0.230906674365629,40
GJ03,Pre,FLAT,33,0.610373836167006,1.02544180462955,0.667827380788278,0.571072692863451,0.0422256099113095,0.0184170011731208,0.230312396766118,40
GJ03,Pre,FLAT,34,0.648098549478958,1.06134462090997,0.648089631854008,0.606368363060992,0.0422473588335209,0.0223337420882028,0.229721197250892,40
GJ03,Pre,FLAT,35,0.680982786124481,1.09091257807912,0.62916630930822,0.63713522831827,0.0422677366623774,0.0261030650010199,0.22913305195622,40
GJ03,Pre,FLAT,36,0.707342342766821,1.11200665485075,0.61152033235139,0.661797528866665,0.0422856651693395,0.029637718335738,0.228547937264525,40
GJ03,Pre,FLAT,37,0.726521278995261,1.12378227052868,0.595503482624056,0.679741559408686,0.0423022399131847,0.0328957101393529,0.227965829801222,40
GJ03,Pre,FLAT,38,0.73899744094997,1.12701377473983,0.581325972754252,0.691414398219763,0.0423171367482031,0.0358537473536788,0.22740051971474,40
GJ03,Pre,FLAT,39,0.746058230196844,1.12342263400733,0.569085428981189,0.698020552825398,0.0423310630629522,0.0385334628638657,0.226851787955805,40
GJ03,Pre,FLAT,40,0.749593011425606,1.11565125057352,0.55875984324196,0.701327734285975,0.0423430986824254,0.0409666852673602,0.226305735517475,40
GJ03,Pre,FLAT,41,0.751554914135721,1.10639817458999,0.550262061048706,0.703163312742019,0.0423550958192781,0.0431969013336121,0.230019959621523,40
GJ03,Pre,FLAT,42,0.754012781627146,1.09837237853016,0.543455290414978,0.70546292147991,0.0423655747761913,0.0453067099147706,0.229369622043927,40
GJ03,Pre,FLAT,43,0.758414499249672,1.09357011189258,0.538180017919615,0.709581218475904,0.0423775787121068,0.047331650899815,0.228723167045577,40
GJ03,Pre,FLAT,44,0.765827067769178,1.09337925247438,0.534282510592193,0.716516501764016,0.0423907848435791,0.0493174909182529,0.228080558444545,40
GJ03,Pre,FLAT,45,0.776893362135799,1.09860171837633,0.531624036916576,0.726870252448435,0.0424028345662985,0.051299216299916,0.299103201456426,40
GJ03,Pre,FLAT,46,0.791325268341791,1.10888431656284,0.53008485648457,0.740372907791534,0.0424173615471401,0.0532643670570616,0.363008407025564,40
GJ03,Pre,FLAT,47,0.808769937311554,1.12363079924376,0.52957656023225,0.756694338191033,0.0424314931823332,0.0552091876237052,0.365448095343425,40
GJ03,Pre,FLAT,48,0.828281697434712,1.14161278996829,0.530026287600019,0.774949762548686,0.0424477797513156,0.05710513290976,0.360436452889431,40
GJ03,Pre,FLAT,49,0.84895689235483,1.16151408931469,0.531390133347102,0.79429370971499,0.0424651864587596,0.058934781380413,0.355638595568706,40
GJ03,Pre,FLAT,50,0.869810661958541,1.18208628887562,0.53362463133972,0.813804733383256,0.0424845091033166,0.0606576906415004,0.350967324322522,40
GJ03,Pre,FLAT,51,0.890105149632539,1.20228820740906,0.536704113756198,0.832792486526566,0.0425053700277851,0.0622569472537843,0.34664108115713,40
GJ03,Pre,FLAT,52,0.909364251557778,1.22153630971725,0.540596155974651,0.850811521004919,0.0425270594463621,0.0637144141314282,0.342420731370659,40
GJ03,Pre,FLAT,53,0.927292951956193,1.23936657474771,0.545276883768655,0.867585816705995,0.0425513554128795,0.0650380249722917,0.338640948684629,40
GJ03,Pre,FLAT,54,0.944113878676298,1.25616753978331,0.550706943862883,0.883323666773146,0.0425748882952163,0.066224774156332,0.335632465437496,40
GJ03,Pre,FLAT,55,0.960071253669451,1.2722316402593,0.556851790044115,0.898253568037588,0.0425994863570481,0.0672930262788279,0.439462932722936,40
GJ03,Pre,FLAT,56,0.975624328981448,1.28824894788959,0.563663943844803,0.912805201928888,0.0426250925177045,0.0682553644480391,0.438166016655186,40
GJ03,Pre,FLAT,57,0.991432351605736,1.30503814715257,0.571100689222902,0.92759536742089,0.0426510097752118,0.0691464008405583,0.437571742919517,40
GJ03,Pre,FLAT,58,1.00802106745474,1.32337617920087,0.579112768808677,0.943115958359924,0.0426776040066022,0.0699764024570125,0.437713713266355,40
GJ03,Pre,FLAT,59,1.02597018292752,1.34404961550167,0.58765310825681,0.959909354636418,0.0427031194612196,0.0707581186460651,0.552599772069867,40
GJ03,Pre,FLAT,60,1.04546450635749,1.36724066416419,0.596681511841276,0.978148465025902,0.0427308129458751,0.0715143411173811,0.553908035086557,40
GJ03,Pre,FLAT,61,1.06696928429038,1.39366976400064,0.606153654303604,0.998268579480169,0.0427550748900428,0.072235748289555,0.554969494465981,40
GJ03,Pre,FLAT,62,1.0901499586429,1.4228156701488,0.616032226366162,1.01995668165705,0.0427805350786172,0.072925306903513,0.555980312020699,40
GJ03,Pre,FLAT,63,1.11496613574225,1.45458950390443,0.6262808969833,1.04317497877754,0.0428043970416425,0.0735814570649131,0.557288368394777,40
GJ03,Pre,FLAT,64,1.14093696346887,1.48838338126597,0.636855788630372,1.06747358013777,0.042827227192162,0.0741864280665265,0.559497385868151,40
GJ03,Pre,FLAT,65,1.16749623636916,1.52335673995065,0.647713860056658,1.09232273748519,0.0428500767105298,0.0747321700006447,0.557304795693997,40
GJ03,Pre,FLAT,66,1.1942617650682,1.55905083364241,0.658794195534234,1.11736487010028,0.0428697603516623,0.0752031174880603,0.556858929924869,40
GJ03,Pre,FLAT,67,1.22048604499677,1.59434860514155,0.670028762271397,1.141900604219,0.0428894137685544,0.075596440923063,0.556900070967389,40
GJ03,Pre,FLAT,68,1.24571089864295,1.62870970702752,0.681318270040621,1.16550126375786,0.0429078129775163,0.0758920185530315,0.55588626649606,40
GJ03,Pre,FLAT,69,1.26968851614182,1.66171868922736,0.692551841224196,1.187934994993,0.042923876785626,0.0760964329404075,0.551066482740001,40
GJ03,Pre,FLAT,70,1.29187319153573,1.6927451190296,0.703582108190993,1.20869122923309,0.0429408064311211,0.0761874650568624,0.549924507181469,40
GJ03,Pre,FLAT,71,1.31244372059615,1.7218446540229,0.714258291280039,1.22793724983241,0.0429561526437271,0.0762000387989919,0.546958786361977,40
GJ03,Pre,FLAT,72,1.33143702084946,1.7492226249041,0.724397855743566,1.24570759724791,0.0429692469154887,0.0761115682883601,0.544697897332331,40
GJ03,Pre,FLAT,73,1.3489283916555,1.77483284800881,0.733827475513297,1.2620727224158,0.0429824057556588,0.0759581418765613,0.543275162851752,40
GJ03,Pre,FLAT,74,1.36531199745964,1.79926434756497,0.742367021945281,1.27740141006752,0.0429936652511612,0.0757364654849093,0.543295887360574,40
GJ03,Pre,FLAT,75,1.38083123650944,1.82287193888199,0.749848990155722,1.29192138636765,0.0430036338070183,0.0754484475672463,0.538433406860381,40
GJ03,Pre,FLAT,76,1.39583545245387,1.8460536465559,0.756124243379966,1.30595950120149,0.0430116417306884,0.0751201256818123,0.537172662486016,40
GJ03,Pre,FLAT,77,1.41035783296779,1.86898943553494,0.761048350168967,1.31954680533456,0.0430183933095968,0.0747242457002393,0.53574169073658,40
GJ03,Pre,FLAT,78,1.42470979459107,1.89192906386613,0.764486563890669,1.33297466361818,0.0430198917667452,0.0743063058294112,0.433403066494709,40
GJ03,Pre,FLAT,79,1.43794955914841,1.9138389153103,0.766277422514111,1.34536193769618,0.043020472485295,0.0737924696910157,0.432592517251838,40
GJ03,Pre,FLAT,80,1.4495010425688,1.93364131182431,0.766240177589755,1.35616963676938,0.0430175196100654,0.0732482344147869,0.431539083324167,40
GJ03,Pre,FLAT,81,1.45781728243961,1.94951337427776,0.764114629006961,1.36395040523638,0.0430096055197839,0.0725505287407551,0.307279429041619,40
GJ03,Pre,FLAT,82,1.46087931959079,1.95836333130707,0.759603502044201,1.36681528196921,0.042997280271659,0.0717607128636592,0.270707080495915,40
GJ03,Pre,FLAT,83,1.45588401113617,1.95657789799031,0.752304132128168,1.36214161464957,0.0429800503376129,0.0707511487003122,0.239678486128064,40
GJ03,Pre,FLAT,84,1.44030804413759,1.9404910230989,0.741755224293021,1.34756856303633,0.0429526825652364,0.0695216421803985,0.238911373870153,40
GJ03,Pre,FLAT,85,1.41095537381212,1.90577935739175,0.727434844571621,1.32010587133453,0.0429164930360389,0.067999319753683,0.238218492799169,40
GJ03,Pre,FLAT,86,1.36520652946587,1.84889440936888,0.708762531611225,1.2773027330148,0.042871657674956,0.0661052693177709,0.237549222520884,40
GJ03,Pre,FLAT,87,1.30156493779482,1.76769158859868,0.685157462605366,1.21775893709796,0.0428193019882699,0.0638961345620246,0.236885481260799,40
GJ03,Pre,FLAT,88,1.22068228441725,1.66334146231999,0.65605710449063,1.1420842080494,0.042749789123365,0.061198750827436,0.211180542943208,40
GJ03,Pre,FLAT,89,1.12394764154265,1.53748687902241,0.620993975157653,1.05157817760338,0.0426679953635367,0.0582387063635321,0.210994183233571,40
GJ03,Pre,FLAT,90,1.01472183607313,1.39515473025609,0.579657310857273,0.94938527357695,0.0425694523719597,0.054797282176369,0.210808179899502,40
GJ03,Pre,FLAT,91,0.897111147429407,1.2416629374605,0.532034483300232,0.839347377629332,0.0424561733444296,0.0512068290666026,0.210657342507348,40
GJ03,Pre,FLAT,92,0.775065511320641,1.08288391788238,0.478459359775611,0.725160094467681,0.0423279740351198,0.0472211895535612,0.210506788152439,40
GJ03,Pre,FLAT,93,0.651716932380602,0.923055749324117,0.419774478227036,0.609753763196144,0.0421849166703086,0.0431198596245216,0.206804664374051,40
GJ03,Pre,FLAT,94,0.528053209030665,0.764262300694563,0.357322653612074,0.494052579235751,0.0420256576662145,0.0386419086516589,0.206593065436569,40
GJ03,Pre,FLAT,95,0.402641195344829,0.605932469878331,0.292963432455628,0.376715674982532,0.0418562613798124,0.0335885989599563,0.206381930944405,40
GJ03,Pre,FLAT,96,0.272434647095798,0.447738200539685,0.228978961257387,0.254892949742578,0.0416813504899495,0.0273035445911922,0.206171259305818,40
GJ03,Pre,FLAT,97,0.134033073355749,0.298183571659634,0.167919820121484,0.12540286558595,0.041499681035749,0.0176817049942486,0.205961048936574,40
GJ03,Pre,FLAT,98,-0.0145465797725516,0.20979721110901,0.112503398363502,-0.0136099452342697,0.0413143474766661,-0.000839655914811926,-0.164744599197837,40
GJ03,Pre,FLAT,99,-0.17201640071175,0.283638966992568,0.0660986544396263,-0.160940498020069,0.0411403358637422,-0.0576789650475685,-0.212778530307598,40
GJ03,Pre,FLAT,100,-0.332143971670231,0.452831141816599,0.0434044136266594,-0.310757671906799,0.0409770223506634,-0.244702907397254,-0.0729555334561756,40
GP04,Pre,FLAT,0,0.0948183901382705,0.0659307794702883,0.0187981301459259,0.0836908133883821,0.0388650941200854,0.178733796586003,0.188114996372882,14
GP04,Pre,FLAT,1,0.134144346179293,0.0474481585763581,0.0482438477219383,0.118401603600592,0.0388054138775711,0.0969378978242414,0.372752634006245,14
GP04,Pre,FLAT,2,0.168032198467347,0.0332453154304785,0.0878424226747697,0.148312488164618,0.0387130710521113,0.0662143191156521,0.578584567554107,14
GP04,Pre,FLAT,3,0.193081849989425,0.0251027872172426,0.136761972105064,0.170422394353924,0.0385869514634722,0.0485682404420879,0.772358095968792,14
GP04,Pre,FLAT,4,0.20850475797749,0.0245207036737515,0.193710143084388,0.184035320205681,0.0384268157174835,0.03680593412014,1.00198543839854,14
GP04,Pre,FLAT,5,0.216815188528217,0.0292564048710092,0.256899650931814,0.191370465754807,0.0382517068611396,0.0286837145490153,1.32756741043648,14
GP04,Pre,FLAT,6,0.223861816319229,0.0363065495693693,0.324321631613284,0.197590124310653,0.0380622480517808,0.023306424436232,1.6638162427604,14
GP04,Pre,FLAT,7,0.237541205419025,0.0448905794570848,0.394017496242183,0.209664144959481,0.0378708268739607,0.0202190565741834,1.90063829913731,14
GP04,Pre,FLAT,8,0.266090594526992,0.0561113219319141,0.46430297342842,0.234863070955829,0.0377081096002139,0.0191018681795295,2.0252137588246,14
GP04,Pre,FLAT,9,0.316404806513672,0.0707060153700573,0.533900672138492,0.279272571265001,0.0375680428185793,0.0196419119662885,1.93171720994044,14
GP04,Pre,FLAT,10,0.392278331718137,0.0886533372258847,0.601984423419322,0.346241827226274,0.0374766403594355,0.0215086311005518,1.7882808190108,14
GP04,Pre,FLAT,11,0.494070614445113,0.108680878273169,0.668145835620139,0.436088099934106,0.037430049499045,0.0243479031287083,1.55596265277331,14
GP04,Pre,FLAT,12,0.61856763424749,0.128946863703608,0.732294643265184,0.545974555889501,0.0374410407795177,0.0278040492257064,1.34174895564415,14
GP04,Pre,FLAT,13,0.760508263723169,0.148037866674759,0.794553827410546,0.67125749642831,0.0374967137875105,0.0315464942000366,1.17181400835185,14
GP04,Pre,FLAT,14,0.913175717890163,0.164319061819533,0.855137291583567,0.806008396528355,0.0375957508992289,0.0352939327700983,1.04453967965152,14
GP04,Pre,FLAT,15,1.06992322189313,0.176482466355029,0.914225422659193,0.944360525134179,0.0377275692001536,0.0388297096561793,0.951569560220158,14
GP04,Pre,FLAT,16,1.22449381709404,0.184216407850267,0.97184919584926,1.08079121984885,0.037894203141203,0.0420083502706762,0.885588868793752,14
GP04,Pre,FLAT,17,1.37217807317974,0.187466952902579,1.02775854415525,1.21114373372771,0.0380783056847445,0.0447514495598304,0.837899443453817,14
GP04,Pre,FLAT,18,1.50923356538568,0.186668180062942,1.08136192996372,1.33211484076015,0.0382711472677761,0.0470391826482896,0.804010043957783,14
GP04,Pre,FLAT,19,1.63246495186542,0.182862290163181,1.13171595903296,1.44088419398823,0.0384764185743593,0.0488953755255558,0.781687219411417,14
GP04,Pre,FLAT,20,1.74011784381466,0.176846524403108,1.17759767959281,1.53590329395085,0.0386827680419322,0.0503738639890714,0.765791589761678,14
GP04,Pre,FLAT,21,1.83100897230323,0.16964240974367,1.21762700293313,1.61612773629693,0.0388860778547579,0.0515452906994085,0.754485619592744,14
GP04,Pre,FLAT,22,1.90428621626062,0.162294866223727,1.25042391608369,1.68080540210322,0.0390914626591435,0.0524885105355746,0.7476027228361,14
GP04,Pre,FLAT,23,1.96087346791885,0.155903885582799,1.27480352043795,1.73075175862524,0.0392847168062698,0.0532850113946328,0.743216478055774,14
GP04,Pre,FLAT,24,2.0020801187201,0.150938206323836,1.28986804664647,1.76712253139979,0.0394580721156302,0.0540135651316525,0.738596088105556,14
GP04,Pre,FLAT,25,2.02888217590151,0.147534440419377,1.29512168725534,1.79077918664065,0.0396225483884533,0.0547485612225011,0.732919447184971,14
GP04,Pre,FLAT,26,2.04397884874116,0.146364492750238,1.29050826904189,1.80410416323608,0.0397638701418425,0.0555572407728883,0.723678151075358,14
GP04,Pre,FLAT,27,2.04805343595597,0.146287910811653,1.27641790926061,1.80770057019608,0.039909413654815,0.0564966707644746,0.716111364474014,14
GP04,Pre,FLAT,28,2.04462701958013,0.147957790207708,1.25357771204033,1.80467626686121,0.0400302253734072,0.0576123828817992,0.707896536777117,14
GP04,Pre,FLAT,29,2.03483229668702,0.149553379646902,1.22303025952196,1.79603102067381,0.0401364359942925,0.0589353882231926,0.692835019816602,14
GP04,Pre,FLAT,30,2.01942091094128,0.15082397075803,1.18601349841803,1.78242826485164,0.0402391879708105,0.0604814688616477,0.674373346166679,14
GP04,Pre,FLAT,31,2.00005250776617,0.151700052309339,1.14385571737792,1.76533287424866,0.0403231822383194,0.0622517990397025,0.654101315381719,14
GP04,Pre,FLAT,32,1.97685269267368,0.151319381644288,1.09792371030683,1.74485571372401,0.040396042544762,0.0642337128638194,0.632183722482712,14
GP04,Pre,FLAT,33,1.95045157698547,0.149975492821363,1.04952871997606,1.72155294679151,0.0404524161844252,0.0664045374856678,0.610472902506418,14
GP04,Pre,FLAT,34,1.92068218276073,0.147643890935283,0.999883257423236,1.69527719149642,0.0405022888982388,0.0687356003018495,0.59085992052111,14
GP04,Pre,FLAT,35,1.88820278435491,0.144593954691828,0.950070329865587,1.66660946926463,0.0405411569461703,0.0711962834656447,0.571279333680601,14
GP04,Pre,FLAT,36,1.85347769742732,0.141348964687085,0.90102593528288,1.63595960518537,0.0405726760097599,0.0737574613556277,0.551897387314514,14
GP04,Pre,FLAT,37,1.81726027946724,0.138122517478925,0.853537914196431,1.60399254517217,0.0405980540809528,0.0763933341799047,0.533035816210745,14
GP04,Pre,FLAT,38,1.78044495566178,0.135131232902818,0.808254450764892,1.57149774759183,0.0406188273136954,0.0790819143286504,0.514838021125713,14
GP04,Pre,FLAT,39,1.74395733649128,0.13245641388437,0.76569790320825,1.53929219630024,0.0406374350813246,0.0818030057247095,0.497331478649265,14
GP04,Pre,FLAT,40,1.70892529118635,0.130081609542064,0.726275748756721,1.50837139747679,0.0406511233635779,0.0845356980250655,0.480604755876637,14
GP04,Pre,FLAT,41,1.67617818130916,0.128012308565934,0.690304051589219,1.47946738151804,0.0406624847811591,0.0872558488122873,0.46597039409416,14
GP04,Pre,FLAT,42,1.64635418057455,0.125858345050301,0.658014742361302,1.45314342815482,0.0406758519709543,0.0899343360692256,0.452633924404779,14
GP04,Pre,FLAT,43,1.62045003574753,0.123757204848691,0.62956702577781,1.4302793092055,0.0406848817516233,0.0925373023231442,0.440278043233555,14
GP04,Pre,FLAT,44,1.59879273022768,0.121485538017242,0.605058652705115,1.41116363436528,0.0406974489719725,0.0950286644432349,0.431457813291882,14
GP04,Pre,FLAT,45,1.58197819959371,0.118704032110003,0.584523109574771,1.39632240215865,0.0407132194185836,0.0973745051261625,0.421981818065504,14
GP04,Pre,FLAT,46,1.57076369912466,0.115602766976607,0.567944016615015,1.38642399885703,0.0407280900190903,0.0995483568941192,0.412733182748935,14
GP04,Pre,FLAT,47,1.56560286591225,0.112326173942292,0.555260452264322,1.38186882418386,0.0407452063657521,0.101534723920378,0.404648335282029,14
GP04,Pre,FLAT,48,1.5666395802529,0.108785265044822,0.546364772930943,1.38278387311365,0.0407745237325148,0.103332414125271,0.397913545483372,14
GP04,Pre,FLAT,49,1.57487188214226,0.105461812043812,0.541127464249809,1.39005005892607,0.0408033850472842,0.104952097166975,0.392187748461129,14
GP04,Pre,FLAT,50,1.59032944308954,0.101927136585427,0.539399451017917,1.40369357097887,0.0408401747490747,0.106412245334184,0.387543669203239,14
GP04,Pre,FLAT,51,1.61344363539725,0.0988963006627404,0.541030261249909,1.42409515712926,0.0408815923424482,0.107733579902374,0.383697921099945,14
GP04,Pre,FLAT,52,1.64444447454844,0.0956388996180845,0.545868538845607,1.45145783899406,0.04092368184736,0.108934558489167,0.380097705885649,14
GP04,Pre,FLAT,53,1.68314074691257,0.0925218928557848,0.55378152846886,1.48561284315021,0.0409716175397434,0.110027641452539,0.376412513914571,14
GP04,Pre,FLAT,54,1.72947838446649,0.0891271028857947,0.564655987968741,1.52651244682128,0.0410238006805841,0.111020008347535,0.372811157094863,14
GP04,Pre,FLAT,55,1.78358456813843,0.0856127294794699,0.578409268827835,1.5742689053969,0.0410753636044852,0.111916140994927,0.370156302470981,14
GP04,Pre,FLAT,56,1.84485620967718,0.0831777777626505,0.59497928625859,1.62834990709437,0.0411403648701486,0.112721884950625,0.367897003583336,14
GP04,Pre,FLAT,57,1.9143295332449,0.0805302762606896,0.614329841615961,1.68967006819074,0.0411964648742583,0.113448779417914,0.365290236869649,14
GP04,Pre,FLAT,58,1.99142645286652,0.0800188992007228,0.636444102971247,1.75771914499391,0.0412651462775105,0.114116383742796,0.363401806990487,14
GP04,Pre,FLAT,59,2.07693757264036,0.0810991664922695,0.661303049589006,1.833194958886,0.0413384066931108,0.114752925549068,0.361891635488831,14
GP04,Pre,FLAT,60,2.17172119046761,0.0831481828760916,0.68887428152293,1.91685508072827,0.041410977866754,0.115393927059832,0.360444469591104,14
GP04,Pre,FLAT,61,2.27614001695888,0.0884986376567509,0.719084798892136,2.00901965459809,0.0414901085624057,0.116078767834849,0.358343652653769,14
GP04,Pre,FLAT,62,2.39105501268101,0.09396635432283,0.751788618794573,2.11044860154058,0.0415680749271317,0.116847778551513,0.356046839535823,14
GP04,Pre,FLAT,63,2.51574938676683,0.100984620987713,0.786749370095159,2.22050925092494,0.0416640934144512,0.117738481955236,0.353124969823264,14
GP04,Pre,FLAT,64,2.65195826893309,0.108491700734428,0.823618652270423,2.34073310330835,0.0417482145657296,0.118782735010505,0.350541397599778,14
GP04,Pre,FLAT,65,2.79702763294326,0.115528986587087,0.861931603875935,2.46877760030985,0.0418556369337612,0.120004683963015,0.348100021672415,14
GP04,Pre,FLAT,66,2.95236768174449,0.122747127165183,0.901127492945798,2.60588744806204,0.0419512386658378,0.121419568581898,0.344915394683606,14
GP04,Pre,FLAT,67,3.11524746491799,0.129133144366866,0.94057999072701,2.7496521915726,0.0420553033706345,0.123031694905492,0.341214896186792,14
GP04,Pre,FLAT,68,3.283993194116,0.134476585244408,0.979646233683815,2.89859447283053,0.0421656313131361,0.124833683046396,0.337182466876936,14
GP04,Pre,FLAT,69,3.45704615500664,0.138314830781465,1.01772014951944,3.05133850312976,0.0422737289056592,0.126804394751817,0.332593264049415,14
GP04,Pre,FLAT,70,3.6315382432062,0.141186364139471,1.05427906342648,3.20535276945471,0.0423848618376639,0.128909074934305,0.327906423225115,14
GP04,Pre,FLAT,71,3.80446875871289,0.143001682324113,1.08891063289757,3.35798872416057,0.0425015868283129,0.131099601946001,0.32316305679899,14
GP04,Pre,FLAT,72,3.97420706011983,0.144034459150149,1.12132180115199,3.50780709259304,0.0426093778897996,0.133316494106232,0.318619168977303,14
GP04,Pre,FLAT,73,4.1368993465543,0.144766572627086,1.15130150978582,3.65140634336983,0.0427173997129736,0.135493767623643,0.314601703425645,14
GP04,Pre,FLAT,74,4.28976007747394,0.144470675405884,1.17866894837238,3.78632783789374,0.0428211337472474,0.137564499931683,0.310993688027304,14
GP04,Pre,FLAT,75,4.4313198243694,0.143706282463917,1.20320779133728,3.91127459498862,0.0429036028046889,0.139468850872061,0.307616290910208,14
GP04,Pre,FLAT,76,4.55650639467779,0.141464370064188,1.224573129344,4.02176967805356,0.0429815349615552,0.141159630180349,0.304278564057317,14
GP04,Pre,FLAT,77,4.66213548755452,0.136636578885487,1.24223879630746,4.1150024853965,0.0430512051927041,0.142608277517389,0.301668905672925,14
GP04,Pre,FLAT,78,4.74555135710779,0.130123108797743,1.25544477279648,4.18862894079437,0.0431033066393575,0.143807157794908,0.29952067599257,14
GP04,Pre,FLAT,79,4.8031045182071,0.119719257315404,1.26318545586076,4.23942785077849,0.0431349871379225,0.144768509824927,0.297816228334825,14
GP04,Pre,FLAT,80,4.82962267949822,0.107566999100591,1.2642039107167,4.26283392722403,0.0431547022265269,0.145520879358343,0.296778774839928,14
GP04,Pre,FLAT,81,4.82349086038354,0.0933032055738469,1.25707980335513,4.25742171838448,0.0431371529835797,0.146105810389795,0.295547746002352,14
GP04,Pre,FLAT,82,4.77764634549853,0.0803715616028691,1.24030858029178,4.21695736611561,0.043105157720958,0.14657155483846,0.293859325752526,14
GP04,Pre,FLAT,83,4.68879948762722,0.0731711001280172,1.21242621424068,4.13853728546027,0.0430488097315257,0.146968794764915,0.29264012377449,14
GP04,Pre,FLAT,84,4.55420575910574,0.0771506748260821,1.1721953409249,4.01973903756225,0.042958304496605,0.147346482972546,0.291214214235741,14
GP04,Pre,FLAT,85,4.37045885537736,0.0940667914994808,1.11878902670921,3.85755607064835,0.0428397273887736,0.147749695163085,0.289781510358821,14
GP04,Pre,FLAT,86,4.138761955,0.117274484715086,1.05201272770669,3.65305036216847,0.0426705905404025,0.148217699656581,0.287963260045911,14
GP04,Pre,FLAT,87,3.85725195500623,0.143669533571527,0.972399660093665,3.40457745683771,0.0424801552950077,0.148784055952417,0.285823772511759,14
GP04,Pre,FLAT,88,3.53163197138285,0.165901748260902,0.881410716947338,3.11717117156738,0.0422493280565231,0.149477113341691,0.283408050429575,14
GP04,Pre,FLAT,89,3.16961885687156,0.183758788384794,0.781404262989394,2.79764273445165,0.0419677879258624,0.150323076638623,0.280349319983076,14
GP04,Pre,FLAT,90,2.78118854395007,0.194964827158803,0.675558652482698,2.45479733509718,0.0416309690853567,0.151351059105787,0.276790235940259,14
GP04,Pre,FLAT,91,2.37799221657632,0.197792937390387,0.567676328439011,2.09891881254571,0.0412495218850913,0.152603220646858,0.272179338851026,14
GP04,Pre,FLAT,92,1.97516269945471,0.192360445870573,0.461873436872599,1.74336405259255,0.0408128799339656,0.154156282840961,0.266775373158294,14
GP04,Pre,FLAT,93,1.58763696767368,0.179661522191699,0.362186208818382,1.40131707568874,0.0403290978081026,0.156160136240125,0.260022253030477,14
GP04,Pre,FLAT,94,1.22995756382584,0.160049332185611,0.272211212846139,1.08561375909957,0.0398093600634579,0.158924370518817,0.251463872943124,14
GP04,Pre,FLAT,95,0.915450014497323,0.135917686081444,0.194696120242041,0.808015789109711,0.0392436669299286,0.163070989127201,0.240196442796464,14
GP04,Pre,FLAT,96,0.652853085852368,0.10941716015452,0.131357062134401,0.576236378812416,0.038661012721356,0.169851917475776,0.224801969558995,14
GP04,Pre,FLAT,97,0.447201771581826,0.0829842707872749,0.082829158288459,0.394719631474763,0.0380606961728154,0.18165671381492,0.20333732208209,14
GP04,Pre,FLAT,98,0.297994260683079,0.0594075244548027,0.0487942093068541,0.263022626995334,0.037457741919356,0.202093694330885,0.181365251797622,14
GP04,Pre,FLAT,99,0.199517433499227,0.0411386003954993,0.0281512792219592,0.176102718790763,0.0368676006311246,0.23080255788022,0.166827681648577,14
GP04,Pre,FLAT,100,0.141952965847775,0.0301119301130819,0.0185957471083567,0.125293829154546,0.0363106921738046,0.246293321163768,0.151622802719959,14
OJ08,Pre,FLAT,0,0.16938794326745,0.0459136530290854,0.0248021700509845,0.071736713665405,0.0526745890279309,0.153330887775712,0.327245157344451,13
OJ08,Pre,FLAT,1,0.267421917956439,0.0624117837544066,0.0520999026355807,0.113254634221542,0.0526767035737267,0.115035917746696,0.448584472015047,13
OJ08,Pre,FLAT,2,0.370462140276997,0.0770174942544263,0.0922108206365012,0.156892727831065,0.0526322107649436,0.0906056339030611,0.582778641554321,13
OJ08,Pre,FLAT,3,0.470199756274665,0.0865030737856061,0.143699014843733,0.199132149731347,0.0525478227446516,0.0741021777134703,0.710250523928286,13
OJ08,Pre,FLAT,4,0.561212006424892,0.0891478683199445,0.205029465556773,0.237676331820874,0.052431952319864,0.0621008217674329,0.853820771815754,13
OJ08,Pre,FLAT,5,0.642740841602012,0.0862977909132648,0.274041728466284,0.272204236179099,0.0522841274004332,0.0531946247496038,1.03016208869814,13
OJ08,Pre,FLAT,6,0.718255536863175,0.0832336039084091,0.348072182907909,0.304185119629151,0.0521249568335212,0.0467109542725349,1.21231944264195,13
OJ08,Pre,FLAT,7,0.79421838008669,0.088043362609795,0.424248857603383,0.336355796174478,0.0519530605630524,0.0422256479725325,1.3355383275448,13
OJ08,Pre,FLAT,8,0.876662095127754,0.103694507369053,0.499823484988651,0.371271157122423,0.0517950887320281,0.0393821991479946,1.38671363270933,13
OJ08,Pre,FLAT,9,0.969705359722445,0.126467935287239,0.572466684890082,0.410675484856571,0.0516561104764879,0.0378417081988134,1.4043367920229,13
OJ08,Pre,FLAT,10,1.07373525161797,0.151111871440405,0.640492273802076,0.4547327089045,0.0515652232413969,0.0372792083005708,1.4254998907485,13
OJ08,Pre,FLAT,11,1.18704774140854,0.174227180109727,0.702963173021708,0.50272116356084,0.0515155930817478,0.0374086373930914,1.42225587713336,13
OJ08,Pre,FLAT,12,1.30654775257636,0.194357614436691,0.759664054131292,0.553330067115582,0.0515165426455234,0.0380065393714035,1.40374451688131,13
OJ08,Pre,FLAT,13,1.43011820433209,0.210609112024917,0.811000526758984,0.605662824359758,0.0515610516377788,0.0389237901093391,1.38000821634962,13
OJ08,Pre,FLAT,14,1.55746769060722,0.223149160500751,0.85780430775615,0.65959602324116,0.0516455329879619,0.0400837407695203,1.36989487053938,13
OJ08,Pre,FLAT,15,1.69035629277193,0.233181205761652,0.901108999164029,0.715875067776426,0.0517643128576298,0.0414653084583732,1.35456274591244,13
OJ08,Pre,FLAT,16,1.83170058564964,0.242288768075973,0.941917517881695,0.77573514323881,0.0519119138067936,0.0430772388877772,1.27982360094208,13
OJ08,Pre,FLAT,17,1.9844312197734,0.252883360051295,0.980991730900647,0.84041739604102,0.0520815764075656,0.0449325200949381,1.24617700185316,13
OJ08,Pre,FLAT,18,2.15060029426226,0.267104677748741,1.01870425969322,0.910790901301846,0.0522581096577006,0.0470301562919313,1.2122658333281,13
OJ08,Pre,FLAT,19,2.3294230207763,0.285021600343274,1.05496314590475,0.986523296898327,0.0524460716943497,0.0493479817076235,1.17176542710322,13
OJ08,Pre,FLAT,20,2.51861599532276,0.305134156863517,1.08922747846329,1.06664754884179,0.0526342579922485,0.0518462685405249,1.1029378583856,13
OJ08,Pre,FLAT,21,2.7132000986993,0.325563060842973,1.12060387443984,1.14905497311591,0.0528319527815681,0.0544761361315035,1.03755000595747,13
OJ08,Pre,FLAT,22,2.90779457134574,0.340835831399662,1.14800683465557,1.23146678883214,0.053025106839861,0.0571888461998362,0.978768320349497,13
OJ08,Pre,FLAT,23,3.09642067671561,0.349193482863334,1.17033133321001,1.3113509686015,0.0532125955876768,0.0599428018680783,0.926803455515334,13
OJ08,Pre,FLAT,24,3.27407130141954,0.349431495293371,1.18662340361991,1.38658697271747,0.0533797620051693,0.0627059217258832,0.879966887323802,13
OJ08,Pre,FLAT,25,3.43393796289268,0.342251164015723,1.19621420862905,1.4542913718472,0.0535570745930634,0.0654544987039209,0.839981879033254,13
OJ08,Pre,FLAT,26,3.57394933516001,0.32676118988026,1.19879344049293,1.513586948194,0.0537106540210355,0.068170713024986,0.804086339896977,13
OJ08,Pre,FLAT,27,3.69004366368453,0.306174754163597,1.19443564643869,1.56275352665815,0.0538629323763813,0.0708397669706471,0.772577843961997,13
OJ08,Pre,FLAT,28,3.78264421411434,0.284028710518283,1.18356733733328,1.60197036253976,0.0539875349678249,0.0734479462679625,0.744444765269675,13
OJ08,Pre,FLAT,29,3.84901879098708,0.264115195629184,1.16688708604819,1.63008035622605,0.05412139336756,0.0759831344232333,0.719460007729948,13
OJ08,Pre,FLAT,30,3.89364017757952,0.250241615550285,1.14529448778751,1.64897775571971,0.0542166122564515,0.0784365369284365,0.697387925664342,13
OJ08,Pre,FLAT,31,3.91500276252006,0.245871646126168,1.1197916747536,1.65802492643016,0.0543257429958466,0.080805280434634,0.679051209556966,13
OJ08,Pre,FLAT,32,3.91931873834126,0.249625399910128,1.09140357277522,1.65985276562402,0.0544036899565176,0.0830942113906127,0.662891242730639,13
OJ08,Pre,FLAT,33,3.90873456833766,0.259867685080428,1.06112709207325,1.65537031216076,0.0544732221055027,0.0853168022462994,0.648032284561491,13
OJ08,Pre,FLAT,34,3.88830509373258,0.274225232292472,1.02988819857738,1.6467183187437,0.0545216050142831,0.087493689607518,0.635195236329862,13
OJ08,Pre,FLAT,35,3.8607750643492,0.288957363039089,0.998517875462464,1.63505920182558,0.0545675248662198,0.0896492237689806,0.620507885865027,13
OJ08,Pre,FLAT,36,3.83081420553806,0.303034101222062,0.96773552027971,1.62237061544661,0.0545997621641275,0.0918066606712509,0.605662775636337,13
OJ08,Pre,FLAT,37,3.80139600757758,0.314698520530245,0.938140731612255,1.60991184888428,0.0546214500335123,0.0939831881297355,0.592219041625632,13
OJ08,Pre,FLAT,38,3.77442869953136,0.324454434314727,0.910209269947002,1.59849104750774,0.0546418831699635,0.0961862693385327,0.579229241048512,13
OJ08,Pre,FLAT,39,3.75224219144702,0.331872525052638,0.884293940505106,1.5890949408724,0.0546521894312959,0.0984129099727422,0.566864929056448,13
OJ08,Pre,FLAT,40,3.73529188993569,0.337561928189027,0.860627993496436,1.58191639615071,0.0546618431943302,0.100651545656988,0.555247918659319,13
OJ08,Pre,FLAT,41,3.72450434646936,0.341384349378037,0.839338344455263,1.57734781292176,0.0546663288751378,0.1028873998105,0.544438549783864,13
OJ08,Pre,FLAT,42,3.72014354487036,0.343382058257732,0.820463752298349,1.57550098976762,0.0546684510634615,0.105109113821217,0.534446822543011,13
OJ08,Pre,FLAT,43,3.72272372129404,0.343477319695191,0.803985862341191,1.57659370849211,0.0546686351904775,0.1073145348928,0.525081942693789,13
OJ08,Pre,FLAT,44,3.73274154329671,0.341813967620525,0.789856186320293,1.580836310502,0.054671706590102,0.109514262794064,0.513725208731954,13
OJ08,Pre,FLAT,45,3.75128278890821,0.33889935832045,0.778024485949741,1.58868862868814,0.0546798633830495,0.111731921518553,0.502418889376014,13
OJ08,Pre,FLAT,46,3.78052711275889,0.335585325012442,0.768458271838466,1.60107375862093,0.0546846017353399,0.114001373878383,0.491763729424953,13
OJ08,Pre,FLAT,47,3.82219912880972,0.333988484611835,0.761158352146737,1.61872208367661,0.0546898252052436,0.11636169956812,0.481359922129157,13
OJ08,Pre,FLAT,48,3.87776607733262,0.335976391482054,0.756154234423901,1.64225498807674,0.0547037477298202,0.118850929519112,0.471106244301256,13
OJ08,Pre,FLAT,49,3.94955892764942,0.343650805461681,0.753499908347384,1.67265964998511,0.0547220046738644,0.121500411878801,0.46092370532258,13
OJ08,Pre,FLAT,50,4.03950871200189,0.357763662304577,0.753251555101233,1.71075387204062,0.0547407741986265,0.124329012919574,0.450386479911616,13
OJ08,Pre,FLAT,51,4.14794135372968,0.377269824266182,0.755454954780025,1.75667568454725,0.054770801137811,0.127339135431808,0.439821200062612,13
OJ08,Pre,FLAT,52,4.2761809292396,0.399822074753532,0.760113347758861,1.81098584105232,0.0547978951888893,0.130512599571437,0.429072419463036,13
OJ08,Pre,FLAT,53,4.42249951796943,0.422441096617746,0.767182602231389,1.87295255781601,0.0548362782619585,0.133810333679247,0.416451396206059,13
OJ08,Pre,FLAT,54,4.58592806368716,0.441668647758248,0.776554621644656,1.94216543426257,0.0548756073435024,0.137172561869565,0.404991572278649,13
OJ08,Pre,FLAT,55,4.76343520408014,0.455444893564043,0.788065308130105,2.01734067199381,0.05492024415136,0.140522353469281,0.397367673368726,13
OJ08,Pre,FLAT,56,4.95136198766423,0.462711480041525,0.801497336535665,2.09692868518992,0.0549706305686868,0.143770792812634,0.388109844076326,13
OJ08,Pre,FLAT,57,5.14632287107011,0.463353307010053,0.816599180513269,2.1794956778522,0.0550177358940636,0.146825589783737,0.378693306231565,13
OJ08,Pre,FLAT,58,5.34274648658034,0.45838217397179,0.833097209944449,2.26268214550257,0.0550740744465947,0.149601072858993,0.369646574161073,13
OJ08,Pre,FLAT,59,5.53754726415371,0.449560975945538,0.850710096313757,2.34518133247549,0.0551271374358334,0.152028200932388,0.362108168184018,13
OJ08,Pre,FLAT,60,5.72618944322102,0.439081738134225,0.869161126520548,2.42507231954298,0.0551854782997562,0.154063075957858,0.359308682431487,13
OJ08,Pre,FLAT,61,5.90713161725151,0.428346041916082,0.888184759349408,2.50170231267021,0.0552362822426083,0.155691062432105,0.355563099797404,13
OJ08,Pre,FLAT,62,6.07751427877466,0.418715734260637,0.907525420308723,2.57386029491773,0.0552896454887257,0.156928716514824,0.351634779770867,13
OJ08,Pre,FLAT,63,6.23717800190364,0.410177536611618,0.926938792561124,2.64147874855685,0.0553396094382408,0.157819643192231,0.348770326444376,13
OJ08,Pre,FLAT,64,6.38620669330403,0.402036291687256,0.946190946485558,2.70459320851603,0.0553863628186935,0.158427276214783,0.347987717357613,13
OJ08,Pre,FLAT,65,6.52584035986834,0.393780004040713,0.965053080389749,2.76372882444684,0.0554260316350084,0.158825977091233,0.34741230322141,13
OJ08,Pre,FLAT,66,6.65654412535899,0.383357304286955,0.983295392854113,2.81908257878807,0.0554628170600121,0.1590910467243,0.347143579687346,13
OJ08,Pre,FLAT,67,6.77989803087541,0.369711143882373,1.00068008973932,2.87132362752416,0.0554911790467781,0.159291257003521,0.346838921444267,13
OJ08,Pre,FLAT,68,6.89609325140157,0.35094655687389,1.01695745587074,2.9205329342988,0.0555138867148878,0.159483401749779,0.34621588191261,13
OJ08,Pre,FLAT,69,7.00528466191888,0.32620532861077,1.03186523318844,2.96677608950752,0.055529752911692,0.159709495312738,0.34544228984406,13
OJ08,Pre,FLAT,70,7.10639333995131,0.298448838263666,1.04512969055738,3.0095961636237,0.0555435933510184,0.159997112032044,0.344601069243954,13
OJ08,Pre,FLAT,71,7.2001116904454,0.268476721994384,1.05647372418034,3.04928639390162,0.0555409167254957,0.160360981390709,0.343834141490832,13
OJ08,Pre,FLAT,72,7.28409788545115,0.242977790830304,1.06562168421427,3.08485500348951,0.0555282483192993,0.160805078065555,0.343256016179981,13
OJ08,Pre,FLAT,73,7.35612425897281,0.23194948962599,1.07230846017563,3.11535856374304,0.0555071391835477,0.161323480389721,0.342687907675607,13
OJ08,Pre,FLAT,74,7.41443410933667,0.246094034773194,1.0762868779168,3.1400531019654,0.0554716473068029,0.161899793196632,0.34178567359384,13
OJ08,Pre,FLAT,75,7.45605322220899,0.28941696219475,1.07731694070382,3.15767902223775,0.0554196783421927,0.162506102324474,0.340048379403557,13
OJ08,Pre,FLAT,76,7.47696307628416,0.357539944158957,1.07515697777899,3.16653445896861,0.0553501066960793,0.163102063428302,0.338437068343999,13
OJ08,Pre,FLAT,77,7.47194631433463,0.447024344119382,1.06954039432798,3.16440983304448,0.0552643363593885,0.163637315683188,0.336863925531197,13
OJ08,Pre,FLAT,78,7.43560910960363,0.550121263596526,1.0601434526007,3.14902082954809,0.0551565744514131,0.164057125030436,0.33655122045267,13
OJ08,Pre,FLAT,79,7.36149776983465,0.666134450243826,1.04655510866783,3.1176342747685,0.0550280191617384,0.164311622765704,0.336774357456528,13
OJ08,Pre,FLAT,80,7.24393766198855,0.791102926172437,1.02825463567369,3.06784693080321,0.0548748659107989,0.164366414311098,0.33723344641295,13
OJ08,Pre,FLAT,81,7.07790119368039,0.917150514695048,1.00459125694856,2.99752958497989,0.0546927931707275,0.164210646339947,0.338216121728903,13
OJ08,Pre,FLAT,82,6.85843540195507,1.03557376671391,0.974821321177976,2.90458463059496,0.0544909441031574,0.163863078653295,0.338631911176506,13
OJ08,Pre,FLAT,83,6.58567504406698,1.1351475191723,0.938159524351041,2.78906913807731,0.0542517167617289,0.163372773018754,0.33865432598218,13
OJ08,Pre,FLAT,84,6.25925226424414,1.20539838697126,0.893880542105133,2.65082731851024,0.0539802142093725,0.162822008742812,0.33865490045022,13
OJ08,Pre,FLAT,85,5.88023696892377,1.23307565147053,0.841511244066343,2.49031228307896,0.0536770285181758,0.162337783184937,0.338360722871636,13
OJ08,Pre,FLAT,86,5.45114898557512,1.21047339088844,0.780997380475901,2.3085911923981,0.0533465051156862,0.162105588977653,0.337996988506228,13
OJ08,Pre,FLAT,87,4.97806823342595,1.13409512502777,0.712866974429726,2.10823892527154,0.0529646729706572,0.162332358867088,0.337574856993606,13
OJ08,Pre,FLAT,88,4.46460185116182,1.00725560026833,0.638353327495384,1.89078312451756,0.0525512167476881,0.163059641077379,0.337361715253272,13
OJ08,Pre,FLAT,89,3.91746445554722,0.839231174657941,0.559394377203127,1.65906746679292,0.052126138419875,0.16392222100013,0.337779777963831,13
OJ08,Pre,FLAT,90,3.35164586517897,0.648551726023436,0.478502389808908,1.41944022166059,0.0516614946648976,0.164237348710868,0.339550463490347,13
OJ08,Pre,FLAT,91,2.78170722654915,0.457361415270325,0.398516532358478,1.1780681137197,0.0511869792992299,0.163384011021284,0.343285380332196,13
OJ08,Pre,FLAT,92,2.22876182547262,0.297448674490841,0.322302843082403,0.943892734147376,0.0507071707608803,0.160978139316321,0.350702228155929,13
OJ08,Pre,FLAT,93,1.7170159685345,0.213683711037042,0.252431867204181,0.727165585210552,0.0501873178819346,0.156838963156071,0.362675894671704,13
OJ08,Pre,FLAT,94,1.26554756287326,0.224433690739103,0.190878910405933,0.535966264165835,0.0496948753834536,0.150999325803471,0.380941587804251,13
OJ08,Pre,FLAT,95,0.891693560405485,0.262280967360526,0.138870532327047,0.377637064280865,0.0491999458987397,0.143832851022369,0.407033617351014,13
OJ08,Pre,FLAT,96,0.602022735320247,0.27871337184499,0.0968055513060869,0.254959897089861,0.0487328958473851,0.136316896703506,0.439496348919344,13
OJ08,Pre,FLAT,97,0.393865483550464,0.265148543460575,0.0643325520036388,0.166804170775804,0.0483034760470112,0.130444670093065,0.470916137062037,13
OJ08,Pre,FLAT,98,0.255078091226022,0.226350139261267,0.0404978871825669,0.108026956580418,0.0479170939966109,0.129841202108123,0.480340348372828,13
OJ08,Pre,FLAT,99,0.167588757260297,0.172442524542623,0.0239585430085276,0.070974748622697,0.0475884604896684,0.14054710066333,0.451724433558625,13
OJ08,Pre,FLAT,100,0.111818672269544,0.114069182932835,0.0131922837261509,0.0473558148255023,0.0473194796946888,0.17182376983633,0.368708055808048,13
RL10,Pre,FLAT,0,0.0663382996988192,0.0590857456587548,0.0315969081386035,0.0443251189072701,0.0506250423182588,0.0633489604403476,0.548164770537857,13
RL10,Pre,FLAT,1,0.0895636749100443,0.0739713708219405,0.069351942628606,0.0598435678662783,0.0506397208595327,0.0441984873489261,0.852362350480881,13
RL10,Pre,FLAT,2,0.113405101734489,0.0843074142175105,0.127935334003684,0.075773642705554,0.0505955533089982,0.0314474398124459,1.22277077032184,13
RL10,Pre,FLAT,3,0.13508851321327,0.0889152618997493,0.204558849781952,0.0902618010767479,0.050487388884577,0.0236227943665172,1.83815412227615,13
RL10,Pre,FLAT,4,0.152111740468828,0.0890986318519909,0.296442457009407,0.101636174187211,0.0503121563343864,0.0183138308218307,2.63725264003668,13
RL10,Pre,FLAT,5,0.162462728520203,0.0895409022955441,0.399456620797489,0.108552371591546,0.0500877434085865,0.0144172513415913,3.74513363460693,13
RL10,Pre,FLAT,6,0.164841563477783,0.0970816761125613,0.508368175165989,0.110141832624376,0.0498286613478686,0.0113983079130579,5.24698963316644,13
RL10,Pre,FLAT,7,0.158523303040855,0.115212318417749,0.617330212530948,0.105920174149175,0.0495472781120601,0.00895605274717259,5.74996514823732,13
RL10,Pre,FLAT,8,0.143509114961825,0.141542838803211,0.720648501381906,0.0958881764205544,0.0492682340026235,0.00690171446534389,4.55485224375903,13
RL10,Pre,FLAT,9,0.120932553867071,0.171674902710578,0.813562467467584,0.0808032441930854,0.048998035338192,0.00512939826446562,5.28319962973803,13
RL10,Pre,FLAT,10,0.0936282083701669,0.201819030492718,0.89287022017942,0.0625593584388503,0.0487752344224226,0.00361043333517186,6.24381253073387,13
RL10,Pre,FLAT,11,0.0669168975468098,0.229568384421087,0.957224241926606,0.044711719385849,0.0485907265714183,0.00239733122487597,6.89779472180669,13
RL10,Pre,FLAT,12,0.0484924640597239,0.253077612872549,1.00706644832335,0.0324011053239587,0.0484714996496541,0.00162529580133101,5.16005598148478,13
RL10,Pre,FLAT,13,0.0478373971397776,0.271770378041939,1.04423350449394,0.0319634106701816,0.0484077352601993,0.00149518848159891,4.13054892518412,13
RL10,Pre,FLAT,14,0.0749303046574946,0.286877127457803,1.07140155853801,0.050066020365013,0.0484076701596598,0.00223549722866492,3.29215225661654,13
RL10,Pre,FLAT,15,0.138077961353507,0.30193504254214,1.09145550481185,0.0922592542054038,0.0484527842651088,0.00404564549833791,3.93993743876005,13
RL10,Pre,FLAT,16,0.242353899453854,0.320673959918674,1.10692892408463,0.161933083297338,0.0485561083327565,0.00704263789493202,8.96499392640795,13
RL10,Pre,FLAT,17,0.38831320539551,0.345063283428135,1.11962052813011,0.259458398550507,0.0486913385297674,0.0112159461277649,4.33571914558031,13
RL10,Pre,FLAT,18,0.571238767305524,0.372992992135987,1.1304425451998,0.381683377479004,0.0488643327769509,0.0164252207939664,3.02220845666258,13
RL10,Pre,FLAT,19,0.782050378074914,0.39977099847947,1.13948269993549,0.522540917645242,0.0490766501048514,0.0224246215439443,2.39727939508755,13
RL10,Pre,FLAT,20,1.00900669724102,0.420764843569748,1.14623590741275,0.674185832867167,0.0492986404003174,0.0289100617340485,1.76838010504925,13
RL10,Pre,FLAT,21,1.23973101732063,0.433083779263854,1.1499104133288,0.828348405148315,0.0495083859207926,0.0355738150154732,1.39136067691279,13
RL10,Pre,FLAT,22,1.46128080139825,0.435112440262182,1.14971697590198,0.976380847458489,0.0497294273299313,0.0421462355989334,1.15562676990845,13
RL10,Pre,FLAT,23,1.66449552249327,0.428324659219898,1.14511814010321,1.11216239020437,0.0499342078313114,0.0484245631073668,1.00083163535907,13
RL10,Pre,FLAT,24,1.84231609941405,0.416006686178377,1.1359242439256,1.23097638230181,0.0501446192595083,0.0542806211743441,0.893322662649828,13
RL10,Pre,FLAT,25,1.99361262244622,0.401501306175989,1.12233987686821,1.33206785440924,0.0503079823177475,0.0596611300173548,0.816760510186383,13
RL10,Pre,FLAT,26,2.11684431015246,0.388835038142942,1.10489103984019,1.41440730591043,0.0504781741568233,0.0645752087623654,0.769060770701472,13
RL10,Pre,FLAT,27,2.21632576510026,0.381643017925338,1.08430442693279,1.48087761551513,0.0506185958289148,0.0690765436749677,0.727039253402259,13
RL10,Pre,FLAT,28,2.29532714995263,0.379176356081295,1.06139152183544,1.53366380077038,0.0507417816629623,0.0732457806959327,0.689154883661444,13
RL10,Pre,FLAT,29,2.3580982084559,0.381937468899922,1.03693164949062,1.57560540380701,0.0508557637304464,0.0771719987836932,0.66082979869874,13
RL10,Pre,FLAT,30,2.40931138820887,0.388172226771789,1.0115943155101,1.609824403879,0.0509462578301756,0.0809371827502107,0.629084887698371,13
RL10,Pre,FLAT,31,2.45210016162579,0.395684356839576,0.985896332187137,1.63841448650415,0.0510155761819488,0.0846064618176993,0.595055042489022,13
RL10,Pre,FLAT,32,2.48819359922068,0.401516570646651,0.960199080999268,1.66253096100575,0.0510716408557264,0.0882234372050637,0.568360161801478,13
RL10,Pre,FLAT,33,2.51872833248042,0.404997007079924,0.934726387576625,1.68293328799761,0.0511207245463301,0.0918104439855694,0.548194002269261,13
RL10,Pre,FLAT,34,2.54501596403727,0.405136636466772,0.909607046560495,1.70049783818714,0.0511477267855609,0.0953724893521237,0.533117266079412,13
RL10,Pre,FLAT,35,2.56627798181229,0.401760821104844,0.88491899867394,1.7147044348344,0.0511742953269262,0.0989035629353507,0.519325320706771,13
RL10,Pre,FLAT,36,2.58361656287009,0.395465777046946,0.860730133793318,1.72628951721607,0.0511818032550425,0.102392122919278,0.506269748218801,13
RL10,Pre,FLAT,37,2.59630920010394,0.387178050385667,0.837129559324419,1.73477032931393,0.0511907628562187,0.105825032984118,0.494563715705779,13
RL10,Pre,FLAT,38,2.60517297082443,0.377598630784238,0.814244268780408,1.74069281591573,0.0511942241272572,0.109190783184033,0.479162134158211,13
RL10,Pre,FLAT,39,2.61098989883832,0.367355978095846,0.792245336246079,1.74457950018501,0.0511912128607961,0.112479681892606,0.464817105062937,13
RL10,Pre,FLAT,40,2.61424393371456,0.356338252134516,0.77133392580355,1.74675374166351,0.0511897912107246,0.115684604378114,0.450647832839321,13
RL10,Pre,FLAT,41,2.61630258463053,0.344612763120115,0.751727431643783,1.7481292660145,0.0511852586620481,0.118800472988867,0.437630378203482,13
RL10,Pre,FLAT,42,2.61817019402038,0.3309635478579,0.733646557517556,1.74937714256022,0.0511795307069364,0.121824632206504,0.425607939265617,13
RL10,Pre,FLAT,43,2.62132425310801,0.316348702300988,0.717292914281642,1.75148458343124,0.0511722869916446,0.124758560499844,0.414563486919575,13
RL10,Pre,FLAT,44,2.62678081777917,0.299833498322056,0.702843517546459,1.75513048450156,0.0511682870738068,0.127608219558859,0.402170174710021,13
RL10,Pre,FLAT,45,2.63601259230424,0.281984625519416,0.690440466690201,1.76129885941328,0.0511667400025186,0.130386536439709,0.389846486734088,13
RL10,Pre,FLAT,46,2.65100954063351,0.263554181875625,0.680183310173671,1.77131933809542,0.051156633784532,0.133114315439419,0.381492684450443,13
RL10,Pre,FLAT,47,2.67252381599041,0.246410564163143,0.672134470240807,1.78569448514814,0.0511522837811045,0.135820151786975,0.374480864271037,13
RL10,Pre,FLAT,48,2.70188081347379,0.231107601105962,0.66631216116348,1.80530988696156,0.0511520673199608,0.138538467717954,0.367575899545706,13
RL10,Pre,FLAT,49,2.74092926638158,0.219373202154814,0.662697701150708,1.83140080768369,0.0511441271784003,0.141305726428073,0.360380322656135,13
RL10,Pre,FLAT,50,2.78935641822214,0.212235179007775,0.661240736005346,1.86375827348276,0.0511519248339412,0.144154377084787,0.353537667185836,13
RL10,Pre,FLAT,51,2.84864696674377,0.208589799424951,0.661864242012395,1.90337431165724,0.051156593023875,0.147105135959982,0.346269676040085,13
RL10,Pre,FLAT,52,2.91885979232399,0.20949263812494,0.664476722213377,1.95028826418223,0.0511626848930758,0.150162683486885,0.339095939297933,13
RL10,Pre,FLAT,53,2.99926601792194,0.213010296656352,0.668975781774932,2.00401311885434,0.0511767847767774,0.153309836646024,0.33220836684841,13
RL10,Pre,FLAT,54,3.08942704037808,0.216868784161545,0.675262343039,2.06425581514462,0.0511927044515739,0.156507815362289,0.32477996226408,13
RL10,Pre,FLAT,55,3.18815200319039,0.222285621396769,0.683254410921172,2.13022066102759,0.0512151153564235,0.159698685276046,0.31811025733527,13
RL10,Pre,FLAT,56,3.29486786272087,0.22504836071503,0.692896729987052,2.20152476716923,0.0512295034578663,0.162810057509673,0.312485724740196,13
RL10,Pre,FLAT,57,3.40739031649897,0.228231041789694,0.704188910117899,2.27670865288978,0.0512540698391,0.165762535664613,0.308161102352042,13
RL10,Pre,FLAT,58,3.52595977205838,0.229230452633404,0.717187033893819,2.35593295077354,0.0512664882765223,0.168477689862946,0.30386973569847,13
RL10,Pre,FLAT,59,3.6478797917165,0.227424181947616,0.732013502118569,2.43739598785857,0.0512958050658935,0.17088670054996,0.300463941603459,13
RL10,Pre,FLAT,60,3.77294124267923,0.222578374959073,0.74885678978029,2.52095802833604,0.0513401558680575,0.172936591357769,0.297637440500389,13
RL10,Pre,FLAT,61,3.9055803906322,0.217211639132388,0.767925782338257,2.60958324229941,0.0513446969764215,0.174599995316722,0.294967489998571,13
RL10,Pre,FLAT,62,4.0404538987961,0.20873755832361,0.789432072384138,2.69970138391515,0.0513888656273246,0.175876797760005,0.293748038881732,13
RL10,Pre,FLAT,63,4.18337837762636,0.199819366745555,0.813524966518335,2.79519892527018,0.0514105317952878,0.176796663190094,0.292588928099594,13
RL10,Pre,FLAT,64,4.33331184806641,0.191325135471178,0.84022394516668,2.8953796494613,0.0514357957815072,0.17741834689699,0.291795848772742,13
RL10,Pre,FLAT,65,4.49025539553549,0.186068489324618,0.86938248683695,3.00024428173073,0.0514728866651077,0.177820814396547,0.291041384075097,13
RL10,Pre,FLAT,66,4.65459693395339,0.184608326666759,0.900632849280964,3.11005201368721,0.0515164315932052,0.178096221999168,0.28988785467651,13
RL10,Pre,FLAT,67,4.82618773652941,0.18795178475042,0.933376073470299,3.22470347087118,0.0515587911951291,0.178338644104065,0.289589464226929,13
RL10,Pre,FLAT,68,5.00283380626999,0.196478362802918,0.966798201000594,3.34273269503431,0.0516038606436459,0.17863417563781,0.290007424947776,13
RL10,Pre,FLAT,69,5.18087264231177,0.208928836918713,0.999912320020628,3.4616925208588,0.0516589779890922,0.179053096884746,0.290092184271124,13
RL10,Pre,FLAT,70,5.35739205286434,0.223146193067406,1.03162399062209,3.57963711542493,0.0517137080743603,0.179644729071654,0.289473395961438,13
RL10,Pre,FLAT,71,5.52823862713623,0.237391056169721,1.06081467614503,3.69379130318498,0.0517634438838733,0.180435147952156,0.288615127390329,13
RL10,Pre,FLAT,72,5.68784251019523,0.249706264005041,1.08641950506889,3.80043348615878,0.0518121048941693,0.181426686508529,0.287348817186093,13
RL10,Pre,FLAT,73,5.83141755568083,0.260774052224599,1.10748905011488,3.89636571523548,0.0518539197474755,0.182598913641897,0.285718733995127,13
RL10,Pre,FLAT,74,5.95368652429784,0.267906188225833,1.12323364583436,3.97806190879521,0.0518853904565136,0.183909655733162,0.283771882556085,13
RL10,Pre,FLAT,75,6.05071506037373,0.274454220289925,1.13302795845116,4.04289325687751,0.0518925783895804,0.185296797081552,0.28146305136589,13
RL10,Pre,FLAT,76,6.11557230935671,0.27827231750217,1.13640155097565,4.08622878531615,0.0518855324196466,0.186680830264595,0.279202570896413,13
RL10,Pre,FLAT,77,6.14466097647811,0.280466847587799,1.13298054593563,4.10566489740921,0.051845962717874,0.187969570855977,0.277226791266784,13
RL10,Pre,FLAT,78,6.13145568285099,0.282306333764316,1.12245842388228,4.09684154479263,0.0517818145726314,0.189066207196765,0.275286737074028,13
RL10,Pre,FLAT,79,6.07265136123003,0.284104030866109,1.10455607848136,4.0575503877997,0.0516769113108276,0.189878985086124,0.272891865846976,13
RL10,Pre,FLAT,80,5.96249790165503,0.28579775507697,1.07897503552231,3.98394938783623,0.0515409960906309,0.190331474443146,0.271948607893017,13
RL10,Pre,FLAT,81,5.79924944810761,0.28743799761277,1.04544831452999,3.87487202004464,0.0513617255458856,0.190373122809993,0.268994953710997,13
RL10,Pre,FLAT,82,5.58088239055384,0.28840010148298,1.00376838213978,3.72896617326464,0.051142208404136,0.189982202791982,0.267730153354358,13
RL10,Pre,FLAT,83,5.30669653200539,0.286652683531375,0.953863769114397,3.54576399838182,0.0508912072321717,0.189160350877565,0.267153902180788,13
RL10,Pre,FLAT,84,4.98084048255466,0.281970859027594,0.895936030426252,3.32803746327115,0.0505934449887131,0.187920291263028,0.267343375113176,13
RL10,Pre,FLAT,85,4.60649717571586,0.277290379472147,0.830525372991982,3.07791330176712,0.0502612490847808,0.18625860382315,0.269144696140159,13
RL10,Pre,FLAT,86,4.18957724402344,0.267687517874148,0.758592245929237,2.79934080848679,0.0498927244866473,0.184123374833905,0.271324463289623,13
RL10,Pre,FLAT,87,3.73730411037999,0.255255181062598,0.681565346901764,2.49714644236157,0.0494948489795686,0.18138056549511,0.274183440855188,13
RL10,Pre,FLAT,88,3.25887515296785,0.239455894522298,0.601295776761941,2.1774755957729,0.0490699236060085,0.177778737450887,0.278606125563504,13
RL10,Pre,FLAT,89,2.76593771722786,0.22092719458878,0.519968288500006,1.84811065045145,0.048615549985445,0.172928709709983,0.285136585221142,13
RL10,Pre,FLAT,90,2.27169538010409,0.199861566082558,0.439941009135288,1.51787381198138,0.0481423092444559,0.166298027996878,0.295517189925126,13
RL10,Pre,FLAT,91,1.79231898865192,0.17786117431871,0.363544071632405,1.19756992042967,0.0476531128122984,0.15722944824407,0.311155665912569,13
RL10,Pre,FLAT,92,1.34479797799334,0.154944177640466,0.292870572540972,0.898550770089635,0.0471687598106073,0.144995673382338,0.335466367523315,13
RL10,Pre,FLAT,93,0.947565503973977,0.132317827002605,0.229581478510715,0.633132803022707,0.0466558223739221,0.128898431551692,0.371209854535173,13
RL10,Pre,FLAT,94,0.613957591276379,0.111193980370121,0.174755328784028,0.410226722133353,0.0461629731674028,0.108429090484419,0.433041091438878,13
RL10,Pre,FLAT,95,0.353813070949203,0.0930246919916147,0.12885361607585,0.236406517983893,0.0456620033686421,0.0834644144313142,0.533286263941428,13
RL10,Pre,FLAT,96,0.16857105911017,0.0781230943996153,0.0917165419801408,0.112633761692806,0.0451766267430443,0.0545313010274003,0.812034884316049,13
RL10,Pre,FLAT,97,0.0519919199387419,0.0661112261345256,0.0626874918442112,0.0347393292255729,0.0447303365851444,0.023023580049873,1.07638007693394,13
RL10,Pre,FLAT,98,-0.00847730534052473,0.0558264756230901,0.0408097201150933,-0.00566426286079024,0.0443038901962936,-0.00872953371716502,-0.700189057408332,13
RL10,Pre,FLAT,99,-0.0298680387033415,0.0457501722720169,0.0249382415397219,-0.0199568631252712,0.0439417030281605,-0.0378104733822435,-0.655993171228446,13
RL10,Pre,FLAT,100,-0.0295693497375958,0.0353366413480114,0.0139250840514188,-0.0197572887619988,0.0436352445316316,-0.062651583200287,-0.447039912381097,13
SS11,Pre,FLAT,0,0.210078394870793,0.0425874023003732,0.0296911682758509,0.150047166222932,0.0469741981248488,0.237925311604933,0.206780331411727,12
SS11,Pre,FLAT,1,0.284093325966694,0.0454754413533595,0.0586358467347152,0.202911863118374,0.0469256256950541,0.163315110849525,0.298725761250397,12
SS11,Pre,FLAT,2,0.344095728882979,0.0485650758837659,0.100607020613563,0.245768200295229,0.0468454541415084,0.11566001531973,0.423710545606985,12
SS11,Pre,FLAT,3,0.383880012362577,0.051305863466517,0.155205030331069,0.274183873406189,0.0467294786740302,0.0838072610357421,0.578081600739252,12
SS11,Pre,FLAT,4,0.403629193150222,0.0520832055054854,0.221603929112827,0.288289601004846,0.0465899549631436,0.061729887235723,0.74484717008249,12
SS11,Pre,FLAT,5,0.410476740962241,0.04965322678978,0.298298860431093,0.293180418765527,0.0464283553688264,0.04653102414391,0.990216422328299,12
SS11,Pre,FLAT,6,0.416223328856505,0.0452287520636181,0.383125636938574,0.297284882861017,0.0462696213956609,0.0365637446530259,1.25076547536489,12
SS11,Pre,FLAT,7,0.434039322776907,0.0453722511600758,0.473356243443617,0.310009843953972,0.046118974694269,0.0306436744808016,1.49053928423981,12
SS11,Pre,FLAT,8,0.474135390599237,0.0579940759299275,0.56593360613518,0.338648207061818,0.0459945621598333,0.027781563385537,1.65103624635852,12
SS11,Pre,FLAT,9,0.541114759840213,0.0812240151699494,0.657744531417916,0.38648779835434,0.0459033901854644,0.0270972116507354,1.67006809420518,12
SS11,Pre,FLAT,10,0.633120317289028,0.108659022679207,0.745926218157251,0.452202186454299,0.0458568686714215,0.0278357086506621,1.60574167634032,12
SS11,Pre,FLAT,11,0.743484152077788,0.135523890861093,0.828088908658462,0.531028858153378,0.045856341098312,0.0293934277125343,1.53496384122967,12
SS11,Pre,FLAT,12,0.863334013339916,0.159420164223972,0.902521194064914,0.616630864326617,0.0459079704492337,0.0313346341203462,1.44980491325545,12
SS11,Pre,FLAT,13,0.984628195739833,0.178784643449818,0.968228697339039,0.703264467747038,0.0460091849548587,0.0333925051427384,1.38979681882354,12
SS11,Pre,FLAT,14,1.10221214836556,0.19372322010815,1.02492830772665,0.787248062993153,0.0461517689601615,0.0354423148136861,1.31002728089984,12
SS11,Pre,FLAT,15,1.21407719217998,0.204290067772545,1.07291632568708,0.867146963753893,0.046329240998164,0.0374633369019507,1.2429679094626,12
SS11,Pre,FLAT,16,1.32091711668835,0.211857312418583,1.11293437864941,0.943456704799914,0.046535451645762,0.0394932056172341,1.18559203409027,12
SS11,Pre,FLAT,17,1.42492690089213,0.21695127777102,1.14592720890934,1.01774503601472,0.0467510432469068,0.0415874176536024,1.13186450432695,12
SS11,Pre,FLAT,18,1.52770376574958,0.221688882434006,1.17285029821664,1.09115276237621,0.0469821582193397,0.043788396834143,1.06888672860307,12
SS11,Pre,FLAT,19,1.63014802205257,0.225680178800816,1.19449528100938,1.16432292517917,0.0472133941980296,0.0461098554008614,1.01033415703841,12
SS11,Pre,FLAT,20,1.7316981886708,0.231245861945066,1.21137825927884,1.2368544900738,0.0474456588731506,0.0485355023646938,0.958009766111174,12
SS11,Pre,FLAT,21,1.83136945397267,0.237397672545066,1.22373398113524,1.30804406157447,0.0476487117727772,0.0510267834446298,0.911552701325765,12
SS11,Pre,FLAT,22,1.92549361432619,0.245927428712047,1.23152999306364,1.3752716484134,0.0478567775142945,0.0535365908388419,0.87203802940634,12
SS11,Pre,FLAT,23,2.01302034303771,0.255630077919385,1.23459048064466,1.4377870613858,0.0480229536916105,0.0560208140312516,0.837679733473055,12
SS11,Pre,FLAT,24,2.08939759776513,0.267082185576026,1.23268250526794,1.49233903300946,0.0482006358831419,0.058445586810175,0.809935753965358,12
SS11,Pre,FLAT,25,2.15348888908787,0.279778315923588,1.2256504411131,1.53811583289628,0.0483695638811215,0.0607896579299587,0.787412156016066,12
SS11,Pre,FLAT,26,2.20497248064599,0.293388779604615,1.21350528338696,1.57488766288397,0.0485107271360882,0.0630420600239408,0.769932649265891,12
SS11,Pre,FLAT,27,2.24338506895875,0.307842373450478,1.1964853335277,1.60232361138864,0.0486267214509764,0.0651994108563374,0.754444130238399,12
SS11,Pre,FLAT,28,2.26814004591999,0.323117481977384,1.17504820763531,1.62000469727676,0.0487376660821968,0.0672619736619223,0.741294320486166,12
SS11,Pre,FLAT,29,2.28024867544613,0.3370887025766,1.14987207793769,1.62865320941128,0.0488369217858055,0.069231651674709,0.722385842677686,12
SS11,Pre,FLAT,30,2.2820046807481,0.35144373940573,1.12178636795104,1.62990742510344,0.0489111445516228,0.0711111422389479,0.705809085110668,12
SS11,Pre,FLAT,31,2.27374300435299,0.363900840931715,1.09169676025351,1.62400657493701,0.0489871078040485,0.0729035499272939,0.691860555069825,12
SS11,Pre,FLAT,32,2.25909202577818,0.375136500566007,1.0605247725176,1.6135422060575,0.0490327744491715,0.0746137930189207,0.68006570364398,12
SS11,Pre,FLAT,33,2.23880504213542,0.384267779572659,1.02912617481856,1.59905235616752,0.049078129513041,0.0762499545556511,0.670156917672345,12
SS11,Pre,FLAT,34,2.2152018732554,0.391191076917513,0.99824006639131,1.58219394192408,0.0491191304988848,0.0778245038818603,0.661760115583755,12
SS11,Pre,FLAT,35,2.19083215662029,0.395706119772503,0.968450654228567,1.56478802578976,0.0491440615198365,0.079356074884294,0.654221698163512,12
SS11,Pre,FLAT,36,2.16721362674927,0.39760181669961,0.940182931857466,1.54791864005555,0.0491597897725069,0.080870302897234,0.647982249209723,12
SS11,Pre,FLAT,37,2.14569565486808,0.397410547324386,0.913698359901434,1.53254956459387,0.0491743852434656,0.0823999097718656,0.64101436102791,12
SS11,Pre,FLAT,38,2.12801224656156,0.396190278752195,0.889136496145311,1.51991930193793,0.0491843149531959,0.0839836638346669,0.6321845141507,12
SS11,Pre,FLAT,39,2.11531025518768,0.393678779250314,0.866545411838234,1.51084698485263,0.0491899187459266,0.0856636103545621,0.618479828837858,12
SS11,Pre,FLAT,40,2.10869488042014,0.390945369820612,0.845926627802964,1.50612199522206,0.049193012883047,0.0874822314641252,0.603857409887896,12
SS11,Pre,FLAT,41,2.10885743459002,0.388368515650905,0.827277743283874,1.50623809851085,0.0491994169874983,0.0894779937432562,0.591912424734804,12
SS11,Pre,FLAT,42,2.11696961081975,0.386538645955398,0.810606789411188,1.51203216912873,0.0492005039112912,0.0916808052431524,0.577309397467397,12
SS11,Pre,FLAT,43,2.1333224662818,0.385883334445472,0.795953269674187,1.52371209282218,0.0492047666438678,0.0941091634430307,0.562677651894295,12
SS11,Pre,FLAT,44,2.15829558585927,0.386106882466662,0.783375408773762,1.54154898569567,0.049212028344752,0.0967671356828977,0.547953187430378,12
SS11,Pre,FLAT,45,2.19226681453277,0.387210735002343,0.772933579894061,1.56581272113932,0.0492183097129418,0.0996435378115463,0.533133436648547,12
SS11,Pre,FLAT,46,2.23480923409698,0.388254072612362,0.764670775108195,1.59619837552231,0.0492299969824489,0.102713306255963,0.518244697207086,12
SS11,Pre,FLAT,47,2.28564078622511,0.389391573762009,0.758586043184819,1.63250449046682,0.0492478939988307,0.105940069584428,0.503253555217936,12
SS11,Pre,FLAT,48,2.34427662804034,0.389597967346779,0.754619323229618,1.67438477001143,0.049268018817008,0.109280987171699,0.488206679096892,12
SS11,Pre,FLAT,49,2.40991350300103,0.3883869408375,0.752650369895598,1.72126549324639,0.0492913264498187,0.112692446851351,0.473095924997952,12
SS11,Pre,FLAT,50,2.4816386606164,0.385473380547368,0.75250143552559,1.77249473390056,0.0493185962578771,0.116134942903355,0.457954734300086,12
SS11,Pre,FLAT,51,2.55849583261476,0.38044205815889,0.753951535410698,1.82738948340279,0.0493503857384536,0.119578193469433,0.443088346198466,12
SS11,Pre,FLAT,52,2.6397750095743,0.373928015502832,0.756759569926193,1.88544262200951,0.0493856659890102,0.123002518543857,0.428665755371729,12
SS11,Pre,FLAT,53,2.72457982630376,0.365625176071867,0.760687208167069,1.94601392654626,0.0494270896681669,0.126399469839077,0.414775199786358,12
SS11,Pre,FLAT,54,2.81254278945512,0.355663508525572,0.765523160045,2.00884091721111,0.0494714534017562,0.129768509431019,0.401502967956509,12
SS11,Pre,FLAT,55,2.90319076661386,0.345014742378137,0.771103950394366,2.07358566216632,0.0495221149790839,0.133112567108742,0.388963015766509,12
SS11,Pre,FLAT,56,2.99679441270372,0.334013969346698,0.777326322988458,2.14044147498114,0.049570466363612,0.136432153202202,0.377086752126667,12
SS11,Pre,FLAT,57,3.09277932444405,0.32181776884161,0.78415318600121,2.20899809174153,0.049621494696476,0.13971971912782,0.36626921034014,12
SS11,Pre,FLAT,58,3.19093440342716,0.309828365266652,0.791615239694045,2.27910473674356,0.0496772353189274,0.142955072308671,0.35618939185233,12
SS11,Pre,FLAT,59,3.29158590937255,0.297446259543675,0.799801108185922,2.35099443893052,0.049726605830097,0.146102649443585,0.347005027160781,12
SS11,Pre,FLAT,60,3.39311577367888,0.284419604654828,0.808844357053876,2.42351150302716,0.0497870507597478,0.149112605606151,0.338892258050843,12
SS11,Pre,FLAT,61,3.49647546658542,0.271651624169837,0.818908374161164,2.4973355106403,0.0498365192667071,0.151924235609436,0.331559930218491,12
SS11,Pre,FLAT,62,3.60002211561721,0.258285173259664,0.830156393628602,2.57129305048468,0.0498884179273461,0.154474846361928,0.324513745164206,12
SS11,Pre,FLAT,63,3.70260607615856,0.245422977397364,0.842735658409776,2.64456299615721,0.0499500700978065,0.15670828850983,0.318832340918997,12
SS11,Pre,FLAT,64,3.80607875068239,0.232418568065292,0.856745038443769,2.71846770017667,0.049988318416316,0.158586519443666,0.314453823554932,12
SS11,Pre,FLAT,65,3.90723301387955,0.219973055866656,0.872211019032901,2.79071649355419,0.0500425464951261,0.160098730508129,0.311798908250943,12
SS11,Pre,FLAT,66,4.00753504654352,0.208619463161855,0.889071901407586,2.86235658665794,0.0500926373476739,0.16126451537331,0.309594366987983,12
SS11,Pre,FLAT,67,4.10706676610161,0.198379112449821,0.90715294461072,2.93344648849278,0.0501401144167617,0.162135960702618,0.307445252256071,12
SS11,Pre,FLAT,68,4.20624220360677,0.188537780999789,0.926174811518794,3.00428191812238,0.0501836898304837,0.162788047621059,0.305841747304432,12
SS11,Pre,FLAT,69,4.30539902052309,0.179101712026368,0.945750517555488,3.07510404811405,0.0502230951600399,0.163309970826103,0.304910634616502,12
SS11,Pre,FLAT,70,4.40470898269131,0.169276695160431,0.965411266874464,3.14603556113429,0.0502570732698438,0.163790583612949,0.304574672498699,12
SS11,Pre,FLAT,71,4.50387194140853,0.159925312526058,0.984627514383473,3.21686207786844,0.0502854911028983,0.164306635973099,0.30419367570646,12
SS11,Pre,FLAT,72,4.60173788814723,0.149401844163777,1.0028521532332,3.28676221199169,0.0503101266131464,0.164912523204596,0.303499322952563,12
SS11,Pre,FLAT,73,4.69674411405302,0.138756698248377,1.01955041480482,3.35461980857827,0.0503309171947734,0.165634636309903,0.302628233303051,12
SS11,Pre,FLAT,74,4.78743067787346,0.128111217256061,1.03423138634192,3.41939211381281,0.0503392868343434,0.166469734858201,0.301485269041609,12
SS11,Pre,FLAT,75,4.87067053997194,0.118012861089102,1.04647595735793,3.47884565939205,0.0503390178773772,0.167387517160527,0.300163056042728,12
SS11,Pre,FLAT,76,4.94424321276614,0.109399183712068,1.05592512046266,3.53139447608978,0.0503200354922709,0.168337385178456,0.298631296160935,12
SS11,Pre,FLAT,77,5.0032451417668,0.103075220947943,1.06227085757004,3.57353623109357,0.0502975364828681,0.169257858952243,0.297052878114262,12
SS11,Pre,FLAT,78,5.04658086505595,0.0992789484982908,1.06521337650627,3.60448849764986,0.0502479501751944,0.170088950500329,0.295426721865958,12
SS11,Pre,FLAT,79,5.07009600951606,0.0983664790657532,1.06440893357976,3.62128404100753,0.0501804176281941,0.17078515052364,0.293778105028895,12
SS11,Pre,FLAT,80,5.07005112266474,0.099283400436912,1.05939580646321,3.62125198085758,0.0501016610575221,0.171326948361205,0.292519981600436,12
SS11,Pre,FLAT,81,5.04629197810175,0.1022128685613,1.04956975612283,3.60428216196806,0.0499863440372298,0.171729014138766,0.290520317300656,12
SS11,Pre,FLAT,82,4.99479124486205,0.106980137638917,1.03413480041819,3.56749808864261,0.0498476442750673,0.172039265573211,0.28854852978157,12
SS11,Pre,FLAT,83,4.91361436347349,0.111706483103897,1.01215406716823,3.50951801400114,0.0496763474501497,0.172329900132927,0.286422284686945,12
SS11,Pre,FLAT,84,4.7986287111847,0.117616958898258,0.982601913704329,3.42739023835415,0.0494795958980823,0.172677562638384,0.284115244216566,12
SS11,Pre,FLAT,85,4.64793537434497,0.123663946411577,0.944517607214292,3.3197584746243,0.0492332957399337,0.173137711925101,0.281545186108173,12
SS11,Pre,FLAT,86,4.45594976951143,0.128438013599962,0.897200659206469,3.18263396937194,0.0489434839806251,0.173716390369472,0.279076202439921,12
SS11,Pre,FLAT,87,4.21614670953057,0.131802442491472,0.840387873772912,3.01135614889998,0.0486273632187201,0.174350451832676,0.276610504284332,12
SS11,Pre,FLAT,88,3.92725978084574,0.132747129433646,0.77448513373137,2.80502048532703,0.0482601871205148,0.17489760444662,0.274407459783119,12
SS11,Pre,FLAT,89,3.58805014527084,0.13166380604465,0.700623460580046,2.56274214630588,0.0478529323738144,0.175150966028289,0.272873139295277,12
SS11,Pre,FLAT,90,3.20363445608338,0.129535348184382,0.620709315654823,2.28817566911201,0.0474066831577027,0.174878378673833,0.272158709576874,12
SS11,Pre,FLAT,91,2.78640463167304,0.126171707145048,0.537263059243044,1.9901719031609,0.0469103488942068,0.173892113107436,0.270345008463144,12
SS11,Pre,FLAT,92,2.35294148708102,0.120198239073871,0.453209853345556,1.68057359083508,0.0463925524184545,0.172158546013123,0.269547743097074,12
SS11,Pre,FLAT,93,1.92732737556327,0.111912015086165,0.371547014094398,1.37658140079094,0.0458321821623093,0.16993703257041,0.27046863969954,12
SS11,Pre,FLAT,94,1.53202856352674,0.100781563892152,0.295037938347758,1.09424172186369,0.045251384971765,0.16795966677352,0.271623945301643,12
SS11,Pre,FLAT,95,1.18663831169678,0.0886266985619609,0.225934706633834,0.847548916732609,0.0446538427414426,0.167649512415799,0.271248950910418,12
SS11,Pre,FLAT,96,0.902790307875455,0.0800548458861697,0.16583170379817,0.644812273406576,0.0440431171167343,0.171417447207463,0.263667798448102,12
SS11,Pre,FLAT,97,0.681426143501351,0.0763646691700334,0.115586363597771,0.48670431762145,0.0434370861325198,0.18316216658654,0.242803805884216,12
SS11,Pre,FLAT,98,0.514762701020695,0.0775911021240058,0.075391529746285,0.367666006839603,0.0428382636331065,0.209499205509484,0.210727199147337,12
SS11,Pre,FLAT,99,0.388439111843799,0.0794306684038071,0.0448645033669874,0.277440181405431,0.0422837699575628,0.263269789590485,0.165643067394253,12
SS11,Pre,FLAT,100,0.287191161731238,0.0782224197482239,0.0231687221854567,0.20512447274051,0.0417779432117857,0.377192784604967,0.114444888603916,12
SE15,Pre,FLAT,0,0.324098047912601,0.0401424148156402,0.0295237354549371,0.149754963958909,0.0413557109912285,0.210004958660877,0.197405313002532,14
SE15,Pre,FLAT,1,0.374259949503599,0.0361611657505114,0.0560029394931492,0.172933115796762,0.0413134466050925,0.127891274497111,0.32399432169407,14
SE15,Pre,FLAT,2,0.385907657352378,0.041539746435055,0.0931227186242509,0.178315135467452,0.0412447785578226,0.0794630358031678,0.531981984280977,14
SE15,Pre,FLAT,3,0.350281232367877,0.0573408529163221,0.14005946679035,0.161853345512527,0.0411361148552022,0.0479335974390733,0.863202393091801,14
SE15,Pre,FLAT,4,0.267290753742011,0.0753254429317364,0.195843016548176,0.12350619650748,0.0410015599650379,0.026095966304516,1.58653334399694,14
SE15,Pre,FLAT,5,0.147140070527248,0.0883872875642247,0.259070443532591,0.0679885488377316,0.0408465302009194,0.0108166217380638,3.8719217518175,14
SE15,Pre,FLAT,6,0.00875776237246382,0.092394528579907,0.327928529477209,0.00404667166894718,0.0406773233147098,0.000499965901240394,4.50377979751924,14
SE15,Pre,FLAT,7,-0.124203727242151,0.0860497600543919,0.400287363904905,-0.0573904249547543,0.0405056894670365,-0.0058685982345375,-6.4137762925985,14
SE15,Pre,FLAT,8,-0.228716760139672,0.0712116696653985,0.473851688140995,-0.105682432807345,0.0403505712502328,-0.00908944084394772,-4.14304073106788,14
SE15,Pre,FLAT,9,-0.287598835067033,0.0540429796433667,0.546356822416365,-0.132889887666655,0.040215529191055,-0.00988233311109001,-4.00160385550446,14
SE15,Pre,FLAT,10,-0.29275259650054,0.0479231933481309,0.615782726573345,-0.135271269975801,0.0401098162814451,-0.00891189413268751,-4.50765275528703,14
SE15,Pre,FLAT,11,-0.245646790125772,0.0624684219034939,0.680537718879271,-0.113505238426573,0.0400416316689443,-0.00677301641695345,-6.10333834513215,14
SE15,Pre,FLAT,12,-0.155364694287957,0.0877334262032142,0.739578230577617,-0.0717888748279475,0.0400055626733115,-0.00396744171339933,-10.2474142755681,14
SE15,Pre,FLAT,13,-0.0347973488963101,0.114846329026293,0.792465080688989,-0.0160787013787808,0.0400132860758966,-0.000881532694465989,-8.33074000769425,14
SE15,Pre,FLAT,14,0.103155972534404,0.141006788628438,0.839309880127113,0.0476649552458945,0.040055489759186,0.00222360750674478,7.22069483361913,14
SE15,Pre,FLAT,15,0.248700016733659,0.166092645197095,0.88066191581358,0.114916033226379,0.0401299149217117,0.00520606845702629,7.40769398756517,14
SE15,Pre,FLAT,16,0.396372848199823,0.191101068269136,0.917352104328912,0.183150753232743,0.0402295446174892,0.00802264285695189,5.31949038348318,14
SE15,Pre,FLAT,17,0.544716083206554,0.217430690432587,0.950306686362045,0.251695244491054,0.0403549521160331,0.0106976180552922,3.93061395322017,14
SE15,Pre,FLAT,18,0.6950210445494,0.246161803854827,0.980362610282832,0.321146184457262,0.0404934351733761,0.0132874312814576,3.18535603749895,14
SE15,Pre,FLAT,19,0.84899694246678,0.277336489494297,1.00811288086016,0.392293342521528,0.040655218317145,0.0158494812723363,2.68695028070027,14
SE15,Pre,FLAT,20,1.00824234424321,0.310368818046077,1.03380254491788,0.465875363632875,0.0408129675905258,0.0184207957335439,2.30137019523311,14
SE15,Pre,FLAT,21,1.17192627676972,0.344091403857124,1.05728698669491,0.541508282664741,0.0409803796135371,0.0210096583386942,1.98474248006319,14
SE15,Pre,FLAT,22,1.33749083713294,0.376491848673163,1.07807242826742,0.618010177476377,0.0411501124897839,0.0235988397848133,1.7589645679346,14
SE15,Pre,FLAT,23,1.50101261820945,0.405436142001116,1.09541289021921,0.693568171698586,0.0413111830128726,0.0261553860230616,1.59085349544303,14
SE15,Pre,FLAT,24,1.65757222709001,0.430292337424917,1.10845376789968,0.765909176947873,0.0414663369254792,0.028642472115586,1.45315066302581,14
SE15,Pre,FLAT,25,1.80176274174093,0.449676452982197,1.1163888283389,0.832534833794126,0.0416272415436444,0.0310290408899043,1.3397362212404,14
SE15,Pre,FLAT,26,1.93022942209447,0.46336061574834,1.11859276671484,0.891895028063033,0.0417733282381528,0.0332954998543746,1.25665905731499,14
SE15,Pre,FLAT,27,2.03994907737795,0.473346425401145,1.11473894593686,0.942592843518535,0.0419196156019355,0.0354360928582257,1.19588725802774,14
SE15,Pre,FLAT,28,2.13083062507347,0.47896280922075,1.10483960086392,0.984586193948533,0.0420364371682843,0.0374583067215415,1.14549732874469,14
SE15,Pre,FLAT,29,2.20180037501501,0.482253194543925,1.08925675775567,1.01737896272057,0.0421611626098699,0.0393809428975451,1.09820957864967,14
SE15,Pre,FLAT,30,2.25638159959513,0.484248050484104,1.06866541204702,1.04259913720936,0.0422570983929333,0.0412316131869368,1.05191412817379,14
SE15,Pre,FLAT,31,2.29543352197204,0.485070533582556,1.04398322574314,1.06064373595269,0.0423630682338074,0.0430442468928536,1.01040250203859,14
SE15,Pre,FLAT,32,2.32434685038922,0.485685060645855,1.01628741904704,1.07400362652572,0.0424453654344906,0.0448566560493923,0.968998486296916,14
SE15,Pre,FLAT,33,2.34622002462655,0.485590220057121,0.986714698996014,1.08411049523621,0.0425177316225806,0.0467081154183189,0.927563764680946,14
SE15,Pre,FLAT,34,2.36492855568975,0.484477459435825,0.9563752953412,1.09275508724514,0.0425801215234294,0.0486371899622444,0.884969695063148,14
SE15,Pre,FLAT,35,2.3837479605176,0.481908594147518,0.926275730274949,1.1014509103452,0.0426378698811204,0.0506788024754352,0.843886627247465,14
SE15,Pre,FLAT,36,2.4058303682696,0.477575069488102,0.897259417414166,1.11165445892664,0.0426887412349775,0.0528615304737342,0.806593399083319,14
SE15,Pre,FLAT,37,2.43345375980694,0.471441864625468,0.869971476914836,1.12441831242943,0.0427341859862454,0.055204842269547,0.768547660874684,14
SE15,Pre,FLAT,38,2.46806300190906,0.463603901555081,0.844843417267209,1.14041009589443,0.0427764540131287,0.0577172731893902,0.73091720786016,14
SE15,Pre,FLAT,39,2.51046781223474,0.454373139231683,0.822101404380357,1.1600039530093,0.0428150160169175,0.0603958073835074,0.694616280200682,14
SE15,Pre,FLAT,40,2.56035905528745,0.444092576594938,0.80179143914496,1.18305704250905,0.0428561176587386,0.0632268281276751,0.660299993130633,14
SE15,Pre,FLAT,41,2.6177712597917,0.433301336576841,0.783817728499984,1.20958531897264,0.0428899636438045,0.0661883892222308,0.628252689848372,14
SE15,Pre,FLAT,42,2.68096233656956,0.422874933733643,0.76799406000209,1.23878382074191,0.0429312015418046,0.0692536676395931,0.598949868473122,14
SE15,Pre,FLAT,43,2.74960750199252,0.413157212610353,0.754100135741218,1.27050247606883,0.0429665102641164,0.0723942026914323,0.574348140644553,14
SE15,Pre,FLAT,44,2.82227643592515,0.405124603501914,0.741932783654485,1.30408038143452,0.0430034907805111,0.0755822128372561,0.553648064229769,14
SE15,Pre,FLAT,45,2.89779898444933,0.398505933317401,0.731346112754119,1.33897684750449,0.0430463036003718,0.0787918013780311,0.531643649461735,14
SE15,Pre,FLAT,46,2.97637170155435,0.393889517261342,0.72227761144789,1.37528269536133,0.0430859816078536,0.0819993523340592,0.509731086079107,14
SE15,Pre,FLAT,47,3.0573356460742,0.390179557312095,0.714753467571907,1.41269345013642,0.0431305821107185,0.0851837212518986,0.490337300431354,14
SE15,Pre,FLAT,48,3.14145219784783,0.387821781068135,0.708874397585968,1.45156092021326,0.0431767868764408,0.0883263019485479,0.473302275407299,14
SE15,Pre,FLAT,49,3.22906469521355,0.385560850624507,0.704786322989987,1.4920437508562,0.0432297851474997,0.091411732477977,0.45809287077992,14
SE15,Pre,FLAT,50,3.32209276485941,0.3834949713017,0.702646688300224,1.53502893792138,0.0432794909488536,0.0944291335262559,0.444495860784006,14
SE15,Pre,FLAT,51,3.4205219542694,0.38113031475856,0.70258973399817,1.58050980338026,0.0433428616591205,0.0973733614684483,0.432289116544369,14
SE15,Pre,FLAT,52,3.52697343088984,0.378462430122039,0.70468732506939,1.62969750181702,0.0434025333774356,0.100245976704806,0.421260121382952,14
SE15,Pre,FLAT,53,3.64194012545958,0.374695792325832,0.708937729964615,1.68281980018522,0.0434661300700843,0.103055154133683,0.411226450005312,14
SE15,Pre,FLAT,54,3.76664773160038,0.370395676672979,0.715259463882563,1.74044305087525,0.0435305649261929,0.105814534023516,0.401701065185769,14
SE15,Pre,FLAT,55,3.90131991784005,0.36466555007961,0.723497288776578,1.80267060369911,0.043598882212282,0.108540934887007,0.393841595861011,14
SE15,Pre,FLAT,56,4.04676606702179,0.357186070870171,0.733448763017445,1.86987644763726,0.0436645225865793,0.111251412862625,0.386950334141235,14
SE15,Pre,FLAT,57,4.20190371793713,0.348738281542534,0.744893340602182,1.9415604132493,0.0437391801725929,0.113959805664506,0.378435265007422,14
SE15,Pre,FLAT,58,4.36764098899441,0.33881096943226,0.757630048894084,2.01814211194723,0.0438095209829605,0.116673890286029,0.370262273797707,14
SE15,Pre,FLAT,59,4.54297362037813,0.328082802537734,0.771509881082204,2.09915750856193,0.0438823716642146,0.119393007376092,0.36269286906489,14
SE15,Pre,FLAT,60,4.72746794875202,0.316168258002378,0.786460388083344,2.18440622164182,0.0439574904866274,0.122106692940619,0.356696450566256,14
SE15,Pre,FLAT,61,4.92077660253044,0.303875254489043,0.802496049314188,2.27372774229269,0.0440352585039352,0.124794854969364,0.351007702697382,14
SE15,Pre,FLAT,62,5.12345364511881,0.292509526760456,0.819706858674343,2.36737808484676,0.0441094011785515,0.127430231148797,0.345504926930358,14
SE15,Pre,FLAT,63,5.33359901011375,0.280484569901375,0.838229928485176,2.464479291607,0.0441946480053672,0.129982822974835,0.340421508184983,14
SE15,Pre,FLAT,64,5.55289090623598,0.269371779164353,0.858205816754156,2.56580680718994,0.0442769845734999,0.132425661208611,0.335468684391529,14
SE15,Pre,FLAT,65,5.78038554456697,0.258447849054239,0.879729688738326,2.67092453802332,0.0443636830318069,0.134740547259345,0.33033530273629,14
SE15,Pre,FLAT,66,6.01586784193822,0.247578860694604,0.902806231877851,2.77973310130508,0.0444546594513808,0.136922034231069,0.325143704645125,14
SE15,Pre,FLAT,67,6.25915476763092,0.237679548981153,0.927320072602933,2.89214792460759,0.0445477523962141,0.13897793314122,0.320894483164351,14
SE15,Pre,FLAT,68,6.50885418205424,0.227891071949256,0.953025218061981,3.00752574637593,0.0446454433183292,0.140926195860367,0.317288657678336,14
SE15,Pre,FLAT,69,6.76329986641805,0.219021846474016,0.979550143582291,3.12509666214299,0.0447476994740338,0.142789775264814,0.314099492317227,14
SE15,Pre,FLAT,70,7.02074443871203,0.211474595107474,1.00642084203664,3.24405326460824,0.0448497557260124,0.144590434094873,0.310410047005143,14
SE15,Pre,FLAT,71,7.27762376605037,0.205233173715785,1.0330877845802,3.36274868611758,0.0449535388440368,0.14634425728693,0.307286192217888,14
SE15,Pre,FLAT,72,7.53163642676728,0.200437515284113,1.05895198011885,3.48011951601232,0.0450483712292532,0.148059694199159,0.303920857678741,14
SE15,Pre,FLAT,73,7.7766469418716,0.196880700894677,1.08338877162617,3.59333075284426,0.0451431286332998,0.149737876524687,0.301037817395239,14
SE15,Pre,FLAT,74,8.00839166529867,0.194671953105534,1.10576460141423,3.7004123071085,0.0452325896068317,0.151375131122602,0.298171022025733,14
SE15,Pre,FLAT,75,8.22327310207669,0.19287932144629,1.12544477929951,3.799701895637,0.0453069372740805,0.152966674326671,0.295396000007013,14
SE15,Pre,FLAT,76,8.4147694021909,0.192045576432184,1.14178817819073,3.88818598773989,0.0453730266068966,0.154510384828249,0.292766762315255,14
SE15,Pre,FLAT,77,8.57855463909489,0.189476730718856,1.15414752744412,3.96386571616631,0.0454257630244385,0.156010691624329,0.290349846760633,14
SE15,Pre,FLAT,78,8.71208648824809,0.186932023322434,1.1618382941306,4.02556635702514,0.0454520485330398,0.15748070425389,0.288253485532543,14
SE15,Pre,FLAT,79,8.80959970425199,0.183230528413342,1.16411919953499,4.07062398153796,0.0454551038826404,0.158942624886619,0.285479138942749,14
SE15,Pre,FLAT,80,8.86051741825603,0.179107504143201,1.16017888541102,4.09415136923639,0.0454606416793864,0.160425182213878,0.282992842929773,14
SE15,Pre,FLAT,81,8.87058986180653,0.174696684107511,1.14912555420346,4.09880551149549,0.045405268393511,0.161957597683743,0.280138185966322,14
SE15,Pre,FLAT,82,8.82242308473938,0.174568515895229,1.13002551009226,4.07654924056092,0.0453377830008633,0.163560079585724,0.276659456974548,14
SE15,Pre,FLAT,83,8.70996192431399,0.179306894203836,1.10194725520816,4.02458466646135,0.0452392220811311,0.165232727212214,0.273380030128669,14
SE15,Pre,FLAT,84,8.52869946136282,0.193305330417383,1.06407219917336,3.94082929125565,0.045074193252592,0.166944033828538,0.268881339864342,14
SE15,Pre,FLAT,85,8.26051590697198,0.216667927523982,1.01582202234143,3.81691056116505,0.0448738258344378,0.168623119791681,0.264100360180828,14
SE15,Pre,FLAT,86,7.89679366192791,0.245684880531362,0.956997284127357,3.64884656926987,0.0446244462070532,0.170156933034208,0.260888559806991,14
SE15,Pre,FLAT,87,7.43022452471693,0.278671070524685,0.887931724316849,3.43326043792047,0.0443240196475401,0.171394983519936,0.257971640925134,14
SE15,Pre,FLAT,88,6.86048948991746,0.310843895272926,0.809597156527527,3.1700047652867,0.0439657740195055,0.172162502862398,0.255268024043239,14
SE15,Pre,FLAT,89,6.1942446126941,0.338749990856695,0.723653946462112,2.86215509380921,0.0435551511781099,0.172281873456403,0.252820873556488,14
SE15,Pre,FLAT,90,5.45042842089726,0.356618289809525,0.632424909387114,2.51846228938779,0.043085544568028,0.171601194385051,0.251130286993441,14
SE15,Pre,FLAT,91,4.65684733648583,0.366462941805773,0.53878162588074,2.15177477781551,0.0425652353303804,0.170031379569199,0.250476305838369,14
SE15,Pre,FLAT,92,3.85010479927251,0.360549294162704,0.445930561034725,1.77900579521096,0.0419915921063678,0.167588648707149,0.250621281442535,14
SE15,Pre,FLAT,93,3.0695539521823,0.343105348243376,0.357148009880153,1.41833912434718,0.0413792531078764,0.164445295934247,0.251748334269515,14
SE15,Pre,FLAT,94,2.35369675272701,0.315982807548062,0.275487651124419,1.08756524343487,0.0407325237867964,0.160999219073861,0.253173602262788,14
SE15,Pre,FLAT,95,1.73280937682898,0.283133926325035,0.203499347071745,0.800673769700279,0.0400679739368555,0.157968688166232,0.253313059680407,14
SE15,Pre,FLAT,96,1.22609979284653,0.251005100430426,0.143020444224455,0.566540068569847,0.0393916525786935,0.156517086253648,0.250384818451669,14
SE15,Pre,FLAT,97,0.837715258538643,0.223335758269889,0.0950669605371793,0.387080450370726,0.0387290807575743,0.158329616221178,0.2412914488417,14
SE15,Pre,FLAT,98,0.559183661908159,0.202151395637308,0.0598518735501238,0.258380233002975,0.0380886732535701,0.165070080777521,0.230009477501944,14
SE15,Pre,FLAT,99,0.371457128052076,0.185807927808549,0.0368285862951996,0.17163802491868,0.0374942683084026,0.175082787396904,0.215983365821299,14
SE15,Pre,FLAT,100,0.250295208377542,0.170581879959631,0.0243436407838875,0.115653118403769,0.0369525857452315,0.176637899374013,0.1889251657416,14
GJ03,Post,HEEL,0,0.109603770002692,0.0405632949228059,0.0209775478586678,0.0526396255454121,0.0365532611924951,0.0950550740741734,0.42416537850994,14
GJ03,Post,HEEL,1,0.0919222250698905,0.0454204493003015,0.0274861672087863,0.0441476739975393,0.0364597480989219,0.0621434353638768,0.64765928075927,14
GJ03,Post,HEEL,2,0.072178857317817,0.0534694325331511,0.0380353344195007,0.0346654866106548,0.0363499831552097,0.0343902142394358,0.883298719131773,14
GJ03,Post,HEEL,3,0.0523884966015143,0.0640424309607516,0.0537009031301907,0.0251607298172597,0.0362405369806914,0.0166767689272348,1.09129946888314,14
GJ03,Post,HEEL,4,0.0347057101318435,0.0755350947061874,0.0749148972535137,0.0166681819939495,0.0360848031076397,0.00677195939008712,1.48413733232256,14
GJ03,Post,HEEL,5,0.021038898072356,0.0869004424823584,0.101857381761642,0.0101043943688224,0.0359341526130288,0.00173208269749621,1.83469180907006,14
GJ03,Post,HEEL,6,0.0135432015754908,0.0992897782047767,0.134712701685209,0.00650442096656312,0.0357690099994704,-0.00015561159526449,2.19675900554806,14
GJ03,Post,HEEL,7,0.0143893956302027,0.11597960044483,0.173776493121721,0.0069108243063177,0.0356172175507138,-0.000194280428575352,2.98188032091873,14
GJ03,Post,HEEL,8,0.0265917055317504,0.141151715256618,0.219612102341432,0.0127712525013585,0.0354689684884582,0.000691049569625058,3.0838205314535,14
GJ03,Post,HEEL,9,0.0541462207891869,0.177099133212651,0.273158039494053,0.0260049155879583,0.0353510223878996,0.00209783682233465,2.66761933563966,14
GJ03,Post,HEEL,10,0.102372464391615,0.223331141012366,0.335514953354845,0.0491666316916223,0.0352590248899842,0.00392163445888219,1.91007654713149,14
GJ03,Post,HEEL,11,0.17741976308151,0.276100741427827,0.407407198843227,0.0852097504742493,0.0352172297058817,0.00615077661009226,3.09590469037823,14
GJ03,Post,HEEL,12,0.285725121379903,0.330310709462087,0.488590763766915,0.137225785189561,0.0352252008230948,0.00876692278216051,3.34873040235891,14
GJ03,Post,HEEL,13,0.431852045741766,0.379600296677857,0.577417823084066,0.207406460364533,0.0352984644525764,0.0117126048483071,2.73532971521915,14
GJ03,Post,HEEL,14,0.617259086913292,0.417715314971095,0.670808177043672,0.296452277132626,0.035426073569616,0.0148963804531914,2.2731492923997,14
GJ03,Post,HEEL,15,0.838275227789025,0.439331235669172,0.764625930624756,0.402600148642017,0.0356125018841447,0.0182132941773878,1.99628466776368,14
GJ03,Post,HEEL,16,1.08685466040307,0.442681924194282,0.854343932770725,0.521985898336327,0.0358495779309721,0.0215617571575609,1.66892540255115,14
GJ03,Post,HEEL,17,1.35014708110925,0.426520349679517,0.935767592544053,0.648437884746813,0.0361129545539929,0.0248503840594577,1.44780369687267,14
GJ03,Post,HEEL,18,1.61355467016147,0.395570677857219,1.00562549200126,0.774945183293097,0.0364014228127775,0.02799964205075,1.29171989740935,14
GJ03,Post,HEEL,19,1.86275321801435,0.355572346278201,1.06192735048208,0.894628276722398,0.0366916050213152,0.030943144297278,1.17929630931089,14
GJ03,Post,HEEL,20,2.08479358230946,0.311755280247429,1.10407845298889,1.00126805409661,0.0369873973023281,0.0336308648607758,1.09795395726024,14
GJ03,Post,HEEL,21,2.2721233504968,0.273525036203953,1.13269838199396,1.09123730287928,0.0372771782845851,0.0360319824846516,1.03731155629126,14
GJ03,Post,HEEL,22,2.42174189191638,0.246839390364869,1.14932371273729,1.16309490408026,0.0375522333270263,0.0381374711527,0.993432198771967,14
GJ03,Post,HEEL,23,2.53446824791385,0.234593472775074,1.15601725236153,1.2172342203525,0.0378142003323603,0.0399595337048966,0.961458542226083,14
GJ03,Post,HEEL,24,2.61534567379605,0.237633340313623,1.15500887724385,1.25607738617984,0.0380535698334386,0.041528706772336,0.93780896641315,14
GJ03,Post,HEEL,25,2.67132072295897,0.253586147492506,1.14836703808164,1.28296063689055,0.0382591331400293,0.0428873752994123,0.920457409294036,14
GJ03,Post,HEEL,26,2.70652582585724,0.279543422379665,1.13778342216421,1.29986866326416,0.038463974601231,0.044081490035925,0.907401624260048,14
GJ03,Post,HEEL,27,2.72855979428481,0.309310727762355,1.12447570414376,1.31045096209639,0.0386325742595678,0.0451524954722732,0.896185339872417,14
GJ03,Post,HEEL,28,2.73922498878774,0.341560023974931,1.10917705838972,1.31557315675255,0.0387935027170358,0.046131169724991,0.886191133046213,14
GJ03,Post,HEEL,29,2.74155637961606,0.373416480707239,1.09221480042475,1.31669285856755,0.0389282213689422,0.0470349254772504,0.875680626559743,14
GJ03,Post,HEEL,30,2.73396744779546,0.403321613532228,1.07362956066059,1.31304810684673,0.039066041569803,0.0478691996300614,0.864852229022438,14
GJ03,Post,HEEL,31,2.7176143447854,0.431594040097372,1.05331046506956,1.30519416880304,0.0391858450868593,0.0486316788268354,0.855953409418354,14
GJ03,Post,HEEL,32,2.69259038607846,0.458419140398241,1.03112395239764,1.29317586125792,0.0392794410593714,0.0493179016924838,0.847371019502895,14
GJ03,Post,HEEL,33,2.6563736108103,0.482157918018657,1.00701959057513,1.27578195693756,0.0393790088164438,0.049926776481398,0.840801118979231,14
GJ03,Post,HEEL,34,2.61147573590245,0.50545086561728,0.981091642439768,1.2542187632365,0.0394629307486427,0.050464299818364,0.83546340987014,14
GJ03,Post,HEEL,35,2.55889056338166,0.527394403381876,0.953609982989841,1.22896357547546,0.0395389451510577,0.0509456513850555,0.830570757198998,14
GJ03,Post,HEEL,36,2.50077158898038,0.548222804582059,0.925016310405898,1.20105065742993,0.0396133305958198,0.0513953784003711,0.825943045757359,14
GJ03,Post,HEEL,37,2.44080505138733,0.567991972595064,0.895896109012961,1.17225040645247,0.0396786820312236,0.0518464894537008,0.821942291011969,14
GJ03,Post,HEEL,38,2.38207155527993,0.586437856336924,0.866926188137445,1.14404235081725,0.0397431698796224,0.0523386917806157,0.817596594687321,14
GJ03,Post,HEEL,39,2.32840879126971,0.603084405250687,0.838818557173728,1.11826962599984,0.0398037598052931,0.0529165115413555,0.812095724114989,14
GJ03,Post,HEEL,40,2.28325027709226,0.617430576716362,0.81226082902807,1.09658125454665,0.0398623306855711,0.053627369301259,0.804416212569979,14
GJ03,Post,HEEL,41,2.2496353975481,0.628811303930156,0.787858996645006,1.08043696797772,0.0399210485554194,0.0545191157611262,0.7931230270582,14
GJ03,Post,HEEL,42,2.23037770200396,0.636509366812478,0.766093460559934,1.07118803536997,0.0399762683028762,0.0556369231024567,0.773412218779206,14
GJ03,Post,HEEL,43,2.22719845702495,0.639824927674272,0.747292321373524,1.06966113291753,0.0400322865105848,0.0570192785343921,0.750129446335507,14
GJ03,Post,HEEL,44,2.24141635914845,0.63853094312207,0.73162672885047,1.07648959368859,0.04008912819984,0.0586937329287893,0.723864680566316,14
GJ03,Post,HEEL,45,2.27388757673265,0.63255623153766,0.719118004229684,1.09208461140188,0.0401400557723147,0.0606727746335089,0.69509380924641,14
GJ03,Post,HEEL,46,2.32409269494036,0.622754248633065,0.709661988769844,1.11619672563711,0.0401935260578845,0.0629515475125853,0.664860378707643,14
GJ03,Post,HEEL,47,2.39135157882901,0.609653541559613,0.703062965469385,1.14849928660207,0.0402451868813039,0.0655076902520696,0.634482544546172,14
GJ03,Post,HEEL,48,2.47395067371151,0.594252424901126,0.699065349396165,1.18816932190193,0.0403002726774378,0.0683032635410052,0.604528973389349,14
GJ03,Post,HEEL,49,2.57005015312141,0.578613412151614,0.697382515131772,1.23432321433758,0.0403608229320799,0.0712881829406617,0.576020771170504,14
GJ03,Post,HEEL,50,2.67789636025733,0.563922631651487,0.697735396320919,1.28611873159021,0.0404202085938093,0.0744053175140068,0.549307790542776,14
GJ03,Post,HEEL,51,2.79505778181093,0.55202334299618,0.699880996855535,1.3423880858177,0.0404845086914266,0.0775947346298735,0.524799057790038,14
GJ03,Post,HEEL,52,2.91951965157129,0.543803241767255,0.703624377880511,1.40216364115404,0.0405517260380193,0.0807963036957665,0.504496413368704,14
GJ03,Post,HEEL,53,3.04934526706611,0.539816045178077,0.70884260740656,1.46451525356374,0.0406227790515845,0.0839528726200383,0.486677060742625,14
GJ03,Post,HEEL,54,3.18298664078924,0.540358248017891,0.715485979028908,1.52869946793873,0.0406983610840082,0.0870121068441576,0.470074152402093,14
GJ03,Post,HEEL,55,3.31943020389756,0.545095224951867,0.723564209099553,1.5942294955092,0.0407773731934922,0.0899293881810984,0.454725672904461,14
GJ03,Post,HEEL,56,3.45808799828242,0.55334572972686,0.733126429684478,1.66082295643844,0.0408595597761619,0.0926712238282837,0.440845388284846,14
GJ03,Post,HEEL,57,3.59892199903866,0.564361694795427,0.744231913874333,1.72846158842791,0.040944472635321,0.0952186055038037,0.428569751356852,14
GJ03,Post,HEEL,58,3.74213522125224,0.577019600618136,0.756913165862411,1.79724289394587,0.0410337836126889,0.0975702657521344,0.417897570594815,14
GJ03,Post,HEEL,59,3.88866664719966,0.590127047787362,0.771144722519355,1.86761783992006,0.0411249462031473,0.0997445851113188,0.408828776957192,14
GJ03,Post,HEEL,60,4.03940183481119,0.602286801968072,0.786821225714011,1.94001173505883,0.0412190312016118,0.101778600204586,0.400810233739568,14
GJ03,Post,HEEL,61,4.19571175711,0.61286922721095,0.803745772745081,2.01508301936446,0.0413140307984162,0.103724703255271,0.392816914478185,14
GJ03,Post,HEEL,62,4.3584318534292,0.62020758784237,0.821632747616822,2.09323293098471,0.0414117258811241,0.105645455902854,0.38563681218263,14
GJ03,Post,HEEL,63,4.52883313257021,0.6237242788244,0.840123342077319,2.17507189990176,0.0415094138825658,0.107607553548048,0.379122917997588,14
GJ03,Post,HEEL,64,4.70773308471353,0.623071256141535,0.858818344689181,2.26099254378732,0.0416071239455494,0.10967569283387,0.372851013993463,14
GJ03,Post,HEEL,65,4.89553276509129,0.618041263998386,0.87731675049874,2.35118747825345,0.0417066080903302,0.111907813439103,0.366708928281129,14
GJ03,Post,HEEL,66,5.09290903529307,0.60916457734971,0.895260039358283,2.44598178099246,0.0418060343748446,0.114351335085609,0.360439625443268,14
GJ03,Post,HEEL,67,5.30002237063532,0.59583985117565,0.912376143055805,2.54545252381097,0.0419057342177179,0.117040172344954,0.354009520236584,14
GJ03,Post,HEEL,68,5.51711567443155,0.579643667219343,0.928512863351614,2.64971636637742,0.0420066913092418,0.119992961577859,0.347446133084276,14
GJ03,Post,HEEL,69,5.74445689489838,0.561143118091945,0.943655805975788,2.75890199672679,0.042107744484188,0.123210887583391,0.34102192501583,14
GJ03,Post,HEEL,70,5.98158832233311,0.540372507258893,0.957922240371363,2.87278958968921,0.0422113600251037,0.12667588934879,0.334074062390394,14
GJ03,Post,HEEL,71,6.22820033466772,0.518645263930434,0.97153281037765,2.99123044244432,0.0423165784310501,0.130348904639208,0.326160336923054,14
GJ03,Post,HEEL,72,6.4832544387156,0.495204708485281,0.984757984301053,3.11372579575718,0.0424213060926654,0.134169251939424,0.318116806402624,14
GJ03,Post,HEEL,73,6.74426602658353,0.47082704628322,0.99784278654227,3.23908236194139,0.042526438477605,0.138055951030798,0.310271763657047,14
GJ03,Post,HEEL,74,7.00788597951512,0.445632721222984,1.01091811492866,3.36569165291995,0.0426281829431423,0.141912645244898,0.302671943063914,14
GJ03,Post,HEEL,75,7.26906185648783,0.417855614745973,1.02391252934404,3.49112712256666,0.0427215335142857,0.145635746057152,0.295701650213729,14
GJ03,Post,HEEL,76,7.52011340542215,0.387559740900432,1.03647543608841,3.61170016059422,0.0428059997557367,0.149125008540048,0.289391606074099,14
GJ03,Post,HEEL,77,7.75370682987096,0.356344381483206,1.04793181155658,3.72388854966655,0.0428688371030817,0.152296037170424,0.283544912616802,14
GJ03,Post,HEEL,78,7.95332355260461,0.32177051180309,1.05726859917914,3.81975887909996,0.0429379023144641,0.155090014263079,0.278916854882505,14
GJ03,Post,HEEL,79,8.11281992964487,0.285694432237641,1.06316799371598,3.8963605285053,0.0429790704607276,0.157480485150976,0.274499152973789,14
GJ03,Post,HEEL,80,8.21973733507588,0.252447773242344,1.06409941839038,3.94770996827399,0.0429925783923261,0.15947451141088,0.270587359812687,14
GJ03,Post,HEEL,81,8.2625272243404,0.230042777724009,1.05843093184675,3.96826075542263,0.0429757786757148,0.161106358842084,0.266996134764976,14
GJ03,Post,HEEL,82,8.23150700099584,0.22327069601241,1.04457945553676,3.95336260966403,0.0429211544407428,0.162426947958055,0.264311192840746,14
GJ03,Post,HEEL,83,8.11449080529349,0.237961693129903,1.02117072360511,3.8971630033515,0.0428426321314806,0.163488044725157,0.262139832337106,14
GJ03,Post,HEEL,84,7.9090631883651,0.270739286691785,0.987212586953139,3.79850186394424,0.0427129350142602,0.164325218625125,0.259124476110361,14
GJ03,Post,HEEL,85,7.60684629152124,0.312415359893514,0.942224709589553,3.65335554020951,0.0425478605344153,0.164939964701214,0.256757148832388,14
GJ03,Post,HEEL,86,7.20629303140272,0.354973631061625,0.886344963381009,3.46098101127574,0.0423424586621383,0.165285523043628,0.255334307567534,14
GJ03,Post,HEEL,87,6.70986074865731,0.392501658688452,0.820387049558676,3.22255846913389,0.0420906235089841,0.165258523909494,0.25429773785117,14
GJ03,Post,HEEL,88,6.12232713653621,0.42145875023308,0.74583487520829,2.9403825062392,0.0418043392375437,0.164698910111589,0.25345104583238,14
GJ03,Post,HEEL,89,5.45979209237472,0.437146119114101,0.66477841252237,2.62218545303093,0.0414638695010675,0.163401927425673,0.253061702719771,14
GJ03,Post,HEEL,90,4.74048480916419,0.437619446514175,0.579774871911915,2.27672228110391,0.0410850328083139,0.161141866639887,0.25377555522797,14
GJ03,Post,HEEL,91,3.99216974276766,0.422517476298242,0.493655035419551,1.91732748214639,0.0406683020346461,0.15770821772585,0.255875879276087,14
GJ03,Post,HEEL,92,3.24707027794612,0.392266865732593,0.409293336675978,1.5594770466976,0.0402198525940914,0.152947688452783,0.259758019591292,14
GJ03,Post,HEEL,93,2.53957479865469,0.349707542320815,0.32937617491448,1.21968675386316,0.0397405131559073,0.146813381268941,0.265757236724839,14
GJ03,Post,HEEL,94,1.90019255566708,0.29939133035441,0.25619744430237,0.912609343565809,0.0392464292286437,0.139402889535784,0.273988046992957,14
GJ03,Post,HEEL,95,1.35315357246761,0.245523866152669,0.191502335320959,0.649881818466483,0.0387241870990389,0.130977982439827,0.284680878618782,14
GJ03,Post,HEEL,96,0.909867106088367,0.194695862941937,0.136394941208704,0.436983725645595,0.0382096616670339,0.121939494619254,0.297864414064066,14
GJ03,Post,HEEL,97,0.571257579751701,0.151070896776228,0.0913509866755199,0.274359039724357,0.0377002647214025,0.112702294597926,0.313488338254819,14
GJ03,Post,HEEL,98,0.326911076522388,0.117286895943476,0.0562483077157741,0.157006247635126,0.0372192183960753,0.103291854764406,0.340836677112874,14
GJ03,Post,HEEL,99,0.159626908116703,0.094104816266411,0.0304785200160216,0.0766643398309085,0.0367700533782819,0.0916798771801612,0.349554018550355,14
GJ03,Post,HEEL,100,0.0493752894206014,0.0803420309435946,0.013187172609192,0.023713570675835,0.0363822268052785,0.0630803632011319,0.261808450919285,14
GP04,Post,HEEL,0,-0.10408378104117,0.0632174352434763,0.0201725389992906,-0.0874485347283413,0.0349035723868012,-0.151399349345672,-0.248917276577331,14
GP04,Post,HEEL,1,-0.166539341822395,0.06903890040251,0.0287021734345369,-0.139922101900105,0.0348420085687487,-0.168593751165691,-0.209284597913822,14
GP04,Post,HEEL,2,-0.222123762352067,0.0698183180231488,0.0425978415489118,-0.18662271250841,0.0347649103005915,-0.15189623910616,-0.225692257031388,14
GP04,Post,HEEL,3,-0.261428930534014,0.065461080154299,0.0622019399934019,-0.219645911035399,0.0346680717751189,-0.123262690893267,-0.276671387819576,14
GP04,Post,HEEL,4,-0.274899488113765,0.0598007304399338,0.0874966548554518,-0.230963529501403,0.0345593339030618,-0.0927853039141982,-0.407317135036392,14
GP04,Post,HEEL,5,-0.254381247665155,0.0625169558994372,0.118477316367452,-0.213724627873444,0.0344437360598538,-0.0640298776549969,-0.548094006632869,14
GP04,Post,HEEL,6,-0.194719545643716,0.0808233355974416,0.155415351614639,-0.163598389481796,0.0343280297534354,-0.0381262692506517,-0.917557564007574,14
GP04,Post,HEEL,7,-0.0947110319334028,0.109942354926825,0.199027593944636,-0.0795737902902389,0.0342202271291626,-0.0155780834945537,-1.45562998654672,14
GP04,Post,HEEL,8,0.0428137957461217,0.141773375063507,0.250408260954796,0.0359710578027128,0.0341278301570631,0.00324518611808964,1.24746903752997,14
GP04,Post,HEEL,9,0.211611832239344,0.170348892698603,0.310656597378033,0.177790857282467,0.0340591132724169,0.0181685111271169,2.13215873593718,14
GP04,Post,HEEL,10,0.403394103739455,0.191991760161884,0.380351297761567,0.338921424041219,0.0340295603826981,0.0293568474179316,1.23662848575501,14
GP04,Post,HEEL,11,0.609743393331105,0.205142460099934,0.459090900376592,0.512290827386456,0.0340318188910382,0.0373292895239358,0.962941016744362,14
GP04,Post,HEEL,12,0.823207836350311,0.210059855548126,0.545302083965174,0.691638200933996,0.0340772361197779,0.0428255674175849,0.8100419183754,14
GP04,Post,HEEL,13,1.03825393961976,0.208106211564342,0.636434878472001,0.872314445031189,0.0341675370583666,0.0466094045298232,0.738418104914114,14
GP04,Post,HEEL,14,1.25144726212259,0.200958329020932,0.729393560523422,1.05143403004477,0.0342979219877206,0.0493359873205254,0.70709810086753,14
GP04,Post,HEEL,15,1.46107421760453,0.191773095776194,0.821103998094389,1.22755724456565,0.0344680343084087,0.0514915435272454,0.684086555194454,14
GP04,Post,HEEL,16,1.66658087375356,0.181179076678363,0.909028125605639,1.40021868881166,0.0346606964313128,0.0533894983130789,0.66505942923937,14
GP04,Post,HEEL,17,1.86739294976724,0.171319193119236,0.99145006815452,1.56893586671863,0.0348694574958215,0.0551975501827402,0.643067209340319,14
GP04,Post,HEEL,18,2.06170142840524,0.162648311728722,1.06749926803017,1.7321888882001,0.0350976459098244,0.0569747596138701,0.628950708589404,14
GP04,Post,HEEL,19,2.24777085587517,0.154458110030415,1.1369345188503,1.88851966929989,0.0353315021441277,0.05871050812607,0.611973894737276,14
GP04,Post,HEEL,20,2.42350644815705,0.147691177167242,1.1997925989436,2.03616822598125,0.0355560698367478,0.0603594581406911,0.596303637600108,14
GP04,Post,HEEL,21,2.58399264242778,0.140941681260857,1.25606502771577,2.17100462789436,0.0357892755842401,0.061869424359209,0.581683895682332,14
GP04,Post,HEEL,22,2.72702158256376,0.134515489072813,1.30549202795264,2.29117389070864,0.0360079854957465,0.0631988958443022,0.570967601172581,14
GP04,Post,HEEL,23,2.84927542616314,0.128096750673437,1.34752377064213,2.39388844796943,0.0362099237034955,0.0643258359145392,0.564546065171738,14
GP04,Post,HEEL,24,2.94626357201328,0.121831386174823,1.38137998263301,2.47537541121934,0.0364134703254597,0.0652465360473866,0.56043085866877,14
GP04,Post,HEEL,25,3.01815046957493,0.118321300148441,1.40623792371133,2.53577294669556,0.0365891741774954,0.0659710871135445,0.55560139487171,14
GP04,Post,HEEL,26,3.06167845794327,0.115999895060336,1.42138410079629,2.57234405090033,0.0367591227626945,0.0665162643929206,0.552023863166173,14
GP04,Post,HEEL,27,3.07806608959291,0.118128016862046,1.42642304518336,2.58611252050331,0.0369056636693469,0.0669005310618437,0.548156821067423,14
GP04,Post,HEEL,28,3.06533035284027,0.124877595777265,1.42131186464732,2.57541227973032,0.0370588623083383,0.0671388096263384,0.548645330907961,14
GP04,Post,HEEL,29,3.02888993291322,0.134896365037509,1.40642335380445,2.54479596952686,0.037169991778702,0.0672409186650141,0.548160201438826,14
GP04,Post,HEEL,30,2.96744614171124,0.147862212736674,1.38249136769016,2.49317246531689,0.0372800147486355,0.0672106549033583,0.552520900597604,14
GP04,Post,HEEL,31,2.88422626269976,0.162727138602595,1.3505648684171,2.42325324824939,0.0373828845545759,0.0670470635589402,0.556352603179431,14
GP04,Post,HEEL,32,2.78284301501804,0.177951262652514,1.31189143573805,2.33807363268316,0.0374721108590864,0.0667465844480536,0.561401457602754,14
GP04,Post,HEEL,33,2.66670732260614,0.192695869471624,1.26781433645378,2.2404993898041,0.0375474407490697,0.0663056066879971,0.566210343051145,14
GP04,Post,HEEL,34,2.5392475830944,0.205921760176759,1.21968254164654,2.13341097174645,0.0376104052749897,0.0657235259393424,0.572469898224615,14
GP04,Post,HEEL,35,2.4040236833149,0.216317312074511,1.16878004830883,2.01979930451376,0.0376612725234235,0.0650059540878601,0.578574335419183,14
GP04,Post,HEEL,36,2.26433124960258,0.223123494214902,1.11627156653064,1.90243328918861,0.0377037341443751,0.0641662291856829,0.583791908649934,14
GP04,Post,HEEL,37,2.12373498007006,0.226313662307379,1.06318194676028,1.78430789408957,0.037734952278488,0.0632259222815664,0.594774716976392,14
GP04,Post,HEEL,38,1.98505619380706,0.225104539720981,1.01039117343079,1.66779351946469,0.0377577631893975,0.0622135891499887,0.605638461619188,14
GP04,Post,HEEL,39,1.85077596452371,0.220007494811489,0.958641880319907,1.55497470008331,0.0377759727906203,0.0611622460095842,0.615739309055519,14
GP04,Post,HEEL,40,1.72313660106736,0.211873837070648,0.908553518314313,1.44773536657466,0.0377886483751141,0.0601056962419281,0.625340884591403,14
GP04,Post,HEEL,41,1.60376954558132,0.201329283687491,0.860642793273459,1.34744621496359,0.0377953779184535,0.0590752378370042,0.634027885410014,14
GP04,Post,HEEL,42,1.49380665623755,0.189632472281071,0.815332335041483,1.25505820358069,0.0377962873141455,0.0580970495053626,0.641486709708837,14
GP04,Post,HEEL,43,1.39393587229094,0.17796580485852,0.772966057320876,1.17114932141924,0.0377913552944081,0.0571918140537335,0.647544731834973,14
GP04,Post,HEEL,44,1.30411483841408,0.166769424471275,0.73381108360052,1.09568398261483,0.0377894275167938,0.0563757299807579,0.65654399512556,14
GP04,Post,HEEL,45,1.22475105618058,0.157174161854817,0.69806050199903,1.02900455958279,0.0377835865531837,0.0556627504828721,0.66509601391273,14
GP04,Post,HEEL,46,1.15580978724602,0.149611607745169,0.665849751507502,0.971081866053278,0.037774038510655,0.0550675828553472,0.671353813125084,14
GP04,Post,HEEL,47,1.09738217016149,0.144315268089596,0.637261032833538,0.921992474309433,0.0377552055743765,0.0546079578554133,0.674573853505165,14
GP04,Post,HEEL,48,1.04852015363108,0.140889324569547,0.612319587482165,0.880939855863852,0.0377568105047987,0.0543055909324861,0.67503928997005,14
GP04,Post,HEEL,49,1.0097634920494,0.13945659895282,0.5910103919916,0.848377498574592,0.037761755244333,0.0541867508047818,0.673215055698597,14
GP04,Post,HEEL,50,0.981509137789359,0.139564734405122,0.573284143177713,0.824638911687948,0.0377553215426858,0.0542819827489807,0.677195454608659,14
GP04,Post,HEEL,51,0.963089119705422,0.141075930866654,0.559076295539548,0.809162882906165,0.0377712404597588,0.0546267478831501,0.676007135952626,14
GP04,Post,HEEL,52,0.955335499137455,0.14356883802875,0.548279633872784,0.80264848891773,0.0377857932582406,0.0552586350759739,0.668865294936801,14
GP04,Post,HEEL,53,0.958466954888716,0.146387650221653,0.540794678322164,0.805279458068496,0.0378045652737927,0.0562199101660281,0.657362043466038,14
GP04,Post,HEEL,54,0.973169770197313,0.149922962408873,0.536532219035337,0.817632388008749,0.0378300743872864,0.0575561077010881,0.642073915148241,14
GP04,Post,HEEL,55,0.999987823328513,0.153847145588624,0.535432020396525,0.840164231367347,0.0378735374693935,0.0593139188157428,0.625268718420564,14
GP04,Post,HEEL,56,1.04077224374125,0.158385004384771,0.537472730016725,0.874430259841349,0.0379059583394251,0.0615353008121438,0.601443201218271,14
GP04,Post,HEEL,57,1.09588987538005,0.163879313377605,0.542694931844261,0.920738686344444,0.0379618127817114,0.064250821981497,0.576358006868439,14
GP04,Post,HEEL,58,1.1674132587841,0.170638119240856,0.551205490491011,0.980830806508911,0.0380148300810305,0.067470402758416,0.551189839524379,14
GP04,Post,HEEL,59,1.25598310856571,0.179152532708544,0.563156943488765,1.05524493238936,0.0380865042794753,0.0711726534017711,0.533215918225767,14
GP04,Post,HEEL,60,1.36334051738934,0.189272928136635,0.578718789226282,1.14544388557828,0.0381509542899341,0.0752988276925248,0.508611872851183,14
GP04,Post,HEEL,61,1.48921657396949,0.200143259959978,0.598037747072341,1.25120173368107,0.0382274337840594,0.0797532798888494,0.479044749786986,14
GP04,Post,HEEL,62,1.6336778178965,0.211382222974017,0.621179887819538,1.37257438156223,0.0383071168914252,0.0844105257592608,0.448536123715955,14
GP04,Post,HEEL,63,1.79501638487432,0.222039086485793,0.648083044465229,1.50812692525586,0.0384030237225135,0.0891295282654635,0.422467818497472,14
GP04,Post,HEEL,64,1.97192214685075,0.230695423339186,0.678505240107805,1.65675862863066,0.0384966828695744,0.093771874604801,0.402700605127479,14
GP04,Post,HEEL,65,2.16127637651039,0.236797557954336,0.71200110755356,1.81584921664263,0.0385956175550658,0.0982211807143775,0.387475575029815,14
GP04,Post,HEEL,66,2.35922277961598,0.240062129681484,0.747930542442426,1.98215872935608,0.0387082340670139,0.102397861258547,0.375698866477745,14
GP04,Post,HEEL,67,2.56337033512427,0.241236945802138,0.78548640425474,2.15367829195259,0.0388153488861026,0.106266689994604,0.366215162273825,14
GP04,Post,HEEL,68,2.76854448919974,0.240354955046645,0.823754762560579,2.32606037644786,0.0389439557041198,0.109837178905141,0.358274557231296,14
GP04,Post,HEEL,69,2.97391966575067,0.23802355211646,0.861795182010287,2.49861135489329,0.0390641119923006,0.113157007949143,0.349179873740432,14
GP04,Post,HEEL,70,3.1759259638597,0.235705041926517,0.898724569399959,2.6683318877066,0.0391975475156959,0.116299593829376,0.339476020975198,14
GP04,Post,HEEL,71,3.37430764300952,0.233483835254406,0.93378906498663,2.83500710823628,0.0393309179636536,0.119349414612424,0.33045994029662,14
GP04,Post,HEEL,72,3.5683557244547,0.2315136106909,0.966413235088282,2.99804135064638,0.0394659327722265,0.12238581819496,0.323841174535752,14
GP04,Post,HEEL,73,3.75739520851473,0.228515746613846,0.996209600221158,3.15686749744358,0.0396051009179773,0.12546800593251,0.317775349918995,14
GP04,Post,HEEL,74,3.94114863464573,0.223603392859581,1.02292810523263,3.31125243336469,0.0397429773827404,0.128623602126804,0.310377692174457,14
GP04,Post,HEEL,75,4.11883363814973,0.216213767020138,1.04637777507006,3.46053883557061,0.0398705650162478,0.131842471749818,0.302895409252165,14
GP04,Post,HEEL,76,4.28691406284957,0.205860665568485,1.06630570053935,3.60175571594801,0.0399914146118853,0.135076737727023,0.297006489262842,14
GP04,Post,HEEL,77,4.44115404572206,0.19267363531115,1.0823028090644,3.73134421056072,0.0400985276205321,0.138248080938837,0.29138968659759,14
GP04,Post,HEEL,78,4.57397278810868,0.176624270918309,1.09369729511066,3.84293512597506,0.0401981221295079,0.141259868553216,0.285970521016354,14
GP04,Post,HEEL,79,4.67913967798181,0.160184961439508,1.09952807659243,3.93129366108347,0.0402711054823003,0.144011869249171,0.280974425993036,14
GP04,Post,HEEL,80,4.74685931952755,0.144257109454058,1.09855074359088,3.98818997447894,0.0403197378014052,0.146411957712291,0.276791003981405,14
GP04,Post,HEEL,81,4.76689337085012,0.136274594454184,1.08934780615281,4.00502207276847,0.0403487758045632,0.148384355219149,0.273402712264241,14
GP04,Post,HEEL,82,4.73209018948783,0.140365940337759,1.07047451057413,3.97578132859515,0.0403405795392722,0.149868899591769,0.269713199349224,14
GP04,Post,HEEL,83,4.63366763230298,0.153255784689437,1.04065433372349,3.89308920957396,0.040301831597136,0.150812073351313,0.266984037935535,14
GP04,Post,HEEL,84,4.46554205374643,0.174267117464206,0.998986332707146,3.7518343920793,0.0402360493437636,0.151151475655835,0.267005538053954,14
GP04,Post,HEEL,85,4.22701453260141,0.195723884612494,0.945160862843059,3.55142966035395,0.0401226205155793,0.150796395731277,0.267803279053319,14
GP04,Post,HEEL,86,3.91689838862102,0.215470605565361,0.879613550619506,3.29087799596004,0.0399787822107672,0.149603949855951,0.269463355400782,14
GP04,Post,HEEL,87,3.54120072328671,0.230188614789998,0.803616585472332,2.97522641215229,0.0397930737140256,0.147354564951113,0.272116713077858,14
GP04,Post,HEEL,88,3.10924898254418,0.238136430561649,0.719284381679644,2.612311590809,0.0395676724670132,0.143729374411437,0.27718829756375,14
GP04,Post,HEEL,89,2.6353318023141,0.238574479892,0.629456789666429,2.21413847892604,0.0393067969381806,0.138287755203206,0.287709952562164,14
GP04,Post,HEEL,90,2.13866750559792,0.232211548161187,0.53747577538566,1.79685382068968,0.0390152010746151,0.130448123761818,0.303629589460202,14
GP04,Post,HEEL,91,1.64278496433872,0.218760067869777,0.446877391646187,1.38022597342373,0.0386851691130505,0.119470182434129,0.328692077493264,14
GP04,Post,HEEL,92,1.17152950797581,0.1990091097543,0.361027169959889,0.984289173958582,0.0383419737253826,0.104455676874194,0.372046972295722,14
GP04,Post,HEEL,93,0.749321183981828,0.173725861438017,0.282784977126471,0.629560522539027,0.0379799777112356,0.0843476149106564,0.454234508952365,14
GP04,Post,HEEL,94,0.395862056622353,0.144671798790555,0.214237753033432,0.332593190407635,0.0376115316189402,0.0579548202424349,0.672362537307994,14
GP04,Post,HEEL,95,0.123940599941091,0.114765453180071,0.156556439832365,0.104131726862544,0.0372395644951614,0.0240011200364832,1.21259852537702,14
GP04,Post,HEEL,96,-0.0624332838268805,0.0886046644430823,0.110020206368608,-0.0524548506436346,0.0368797769497945,-0.0188022424073092,-1.32216156697422,14
GP04,Post,HEEL,97,-0.168493203446259,0.071310345761459,0.0741205773881075,-0.141563686538553,0.0365369209143176,-0.0715313948614366,-0.520239123306982,14
GP04,Post,HEEL,98,-0.207683703616986,0.0647324035119976,0.0477363288363828,-0.17449054393092,0.036213454061103,-0.134447784989241,-0.285608301953437,14
GP04,Post,HEEL,99,-0.198428885717811,0.0638814314352556,0.0293889003316827,-0.166714882282537,0.0359218396506307,-0.205515056702653,-0.180916274801117,14
GP04,Post,HEEL,100,-0.160789261135328,0.0620933962806494,0.017418035683211,-0.135091030952992,0.0356693998194771,-0.277395140289141,-0.128476474262597,14
OJ08,Post,HEEL,0,0.131527512408549,0.0710670435419322,0.0163339883599099,0.0615476635128604,0.048473612809078,0.201963298333181,0.217433792537213,13
OJ08,Post,HEEL,1,0.184392395758566,0.112786594498439,0.037338520110131,0.0862855300815433,0.0484712662104808,0.117768382607388,0.355128923639945,13
OJ08,Post,HEEL,2,0.23325116690373,0.146874367341911,0.0657150794062017,0.109148755813006,0.0484384709983414,0.0844309311747892,0.538101969927249,13
OJ08,Post,HEEL,3,0.267438012407271,0.16397848489686,0.10023082081318,0.125146324877357,0.0483484956948753,0.0639800376002888,0.769366117588137,13
OJ08,Post,HEEL,4,0.278362371676962,0.158054549879638,0.139216152078426,0.130258325979728,0.0482255044225714,0.0483456072769522,1.06505528171844,13
OJ08,Post,HEEL,5,0.262255001145129,0.129396518324968,0.180896912441368,0.122720959816435,0.0480673920680426,0.0351628845196905,1.54144932785143,13
OJ08,Post,HEEL,6,0.22125135204075,0.0949485544532761,0.223889472975905,0.103533500465446,0.0478734780141334,0.0237601966220412,2.39790664581088,13
OJ08,Post,HEEL,7,0.162922766434463,0.11038730155476,0.267698358429581,0.0762389208422441,0.0476684229358291,0.0141180497825754,2.6619030996594,13
OJ08,Post,HEEL,8,0.0985715679914712,0.187974138724935,0.312965644327328,0.04612608866067,0.0474551728966786,0.0064914967666754,4.54560518705586,13
OJ08,Post,HEEL,9,0.0410986556339135,0.28619449895165,0.361365759278128,0.0192319171971401,0.0472564556111481,0.00117213348677315,-4.33301996473982,13
OJ08,Post,HEEL,10,0.00303907215123746,0.384703457441367,0.415166065622677,0.00142211911964596,0.047088471308924,-0.00168780539739855,-5.45260498047686,13
OJ08,Post,HEEL,11,-0.00448332687340509,0.473348241507453,0.476501487510949,-0.00209795113409719,0.0469532985509559,-0.00219284649259901,-5.84650620451856,13
OJ08,Post,HEEL,12,0.0269214897682424,0.545741105391945,0.546556758331724,0.0125977809750852,0.0468744363328392,-0.000716023028089205,-5.96977086467826,13
OJ08,Post,HEEL,13,0.102499489034457,0.597868218388987,0.624957156830735,0.0479641403217389,0.0468604508037082,0.00221143694278808,-8.82356914094671,13
OJ08,Post,HEEL,14,0.223364136419072,0.628144203277806,0.709458821808517,0.10452216770024,0.0469076820062865,0.00604009586288247,6.42390830566809,13
OJ08,Post,HEEL,15,0.386174304440232,0.636733167291882,0.796234051838639,0.180708398659378,0.0470249822338846,0.0103156745530145,9.35994829374472,13
OJ08,Post,HEEL,16,0.582686880493291,0.625005942655469,0.880594616925912,0.272665508510205,0.047195835909798,0.0147135806014722,4.57223642837355,13
OJ08,Post,HEEL,17,0.801396499303481,0.597430139978869,0.958029248432035,0.375009617199366,0.0474087398279282,0.019022054370928,3.16219854222533,13
OJ08,Post,HEEL,18,1.02849656863328,0.559332027678568,1.02510664708545,0.481279996642421,0.0476524716227863,0.0231028676881876,2.49581198285062,13
OJ08,Post,HEEL,19,1.24948715531922,0.513293576761057,1.08007207365773,0.58469147322085,0.0479202741505432,0.0268608867723495,2.11621312716311,13
OJ08,Post,HEEL,20,1.45282608647038,0.465000400254383,1.12278314796814,0.679842942935282,0.0482001018137116,0.0302250065282974,1.84969001511774,13
OJ08,Post,HEEL,21,1.63039959592608,0.419050002710673,1.15444235633023,0.762937608139845,0.0484829185414415,0.0331471187448505,1.64907977065262,13
OJ08,Post,HEEL,22,1.77779863187681,0.374579055598399,1.17691847991609,0.831912274357476,0.0487507211719519,0.0356015673975488,1.5094484936223,13
OJ08,Post,HEEL,23,1.89397204577909,0.333996592810073,1.19216781992397,0.886275061709434,0.0490107771604091,0.037589318828028,1.41814594010773,13
OJ08,Post,HEEL,24,1.98095223197441,0.29708908209137,1.201736192446,0.926977019301447,0.0492410505022768,0.0391361180420081,1.36676861242261,13
OJ08,Post,HEEL,25,2.04022594010313,0.262164588312677,1.20652821941308,0.954713864439474,0.0494624852275497,0.0402872297473292,1.32297509304948,13
OJ08,Post,HEEL,26,2.07509820088183,0.231426955927075,1.20678026425968,0.971032170267941,0.0496601586268696,0.0410966821166227,1.29838471277537,13
OJ08,Post,HEEL,27,2.08681647516862,0.204530810723781,1.20227051478966,0.976515680064083,0.0498556962282568,0.0416208645275153,1.28762184803035,13
OJ08,Post,HEEL,28,2.07843443671148,0.184706992101719,1.19255455620989,0.97259334569415,0.050024304615296,0.0419108448603376,1.28443139002538,13
OJ08,Post,HEEL,29,2.05149046660978,0.175076367628253,1.17728060129576,0.959985045155714,0.0501776486240695,0.0420134447304617,1.29031446632747,13
OJ08,Post,HEEL,30,2.00821280774675,0.177202813590698,1.15636366693865,0.939733473932709,0.0503206575852321,0.0419727334755529,1.28153885614426,13
OJ08,Post,HEEL,31,1.95162679086767,0.189266781321099,1.13011274447139,0.913254320920306,0.0504576860037415,0.0418348229851752,1.27785272021017,13
OJ08,Post,HEEL,32,1.88647091581575,0.208458002109268,1.09923638834509,0.882764944210095,0.0505726964011168,0.0416515110000698,1.2830724371135,13
OJ08,Post,HEEL,33,1.81686894971975,0.2305752044814,1.06476176311128,0.850195040692084,0.0506785182139825,0.0414810491333216,1.28816769079015,13
OJ08,Post,HEEL,34,1.74771094902406,0.252325113359321,1.02791846468187,0.817832888636638,0.0507727487544344,0.0413871580899502,1.28364565722078,13
OJ08,Post,HEEL,35,1.68341727973671,0.271511239145492,0.990000846173279,0.787746976945298,0.0508561881723467,0.0414338471313738,1.27950884219564,13
OJ08,Post,HEEL,36,1.62744718317156,0.287107089562852,0.952246844773939,0.761556040865905,0.0509356503749038,0.0416791435966216,1.27410774221993,13
OJ08,Post,HEEL,37,1.58234425748568,0.298651009432174,0.915755828006322,0.740450344858079,0.0510146175578778,0.0421688035235646,1.26580616210999,13
OJ08,Post,HEEL,38,1.54983381754209,0.306097697292057,0.881430527392904,0.7252372416703,0.0510848054229858,0.0429306320524724,1.25296530881325,13
OJ08,Post,HEEL,39,1.53013918969806,0.309630393767458,0.849957798341857,0.716021235791696,0.0511519295232979,0.0439715308273126,1.23453143578161,13
OJ08,Post,HEEL,40,1.52298849485773,0.310000798827117,0.821818294716749,0.712675102713858,0.0512157496393605,0.0452803053837871,1.20994146335503,13
OJ08,Post,HEEL,41,1.52746718152599,0.307718106312238,0.797293694832894,0.714770882486397,0.0512785571946429,0.0468301398753609,1.18031276883281,13
OJ08,Post,HEEL,42,1.54267899049716,0.303606632103195,0.776511031562356,0.7218891749473,0.0513396768232125,0.0485875968185396,1.14698048057091,13
OJ08,Post,HEEL,43,1.56772917903059,0.298093532963062,0.759461907439223,0.733611289557059,0.0513998956012224,0.0505185734935343,1.10215864459614,13
OJ08,Post,HEEL,44,1.60214229408298,0.292174617608008,0.746044854490167,0.749714740362807,0.0514587454663372,0.0525953127460474,1.05396444942284,13
OJ08,Post,HEEL,45,1.6455558134476,0.286014659566292,0.736090098737315,0.770029886850661,0.0515197260661059,0.0547997380516674,1.01436033365992,13
OJ08,Post,HEEL,46,1.69803180329794,0.280210440984665,0.729370810281848,0.794585772586423,0.0515834668044484,0.057123416863243,0.96528391716635,13
OJ08,Post,HEEL,47,1.75987142407031,0.275162565015219,0.72562888347783,0.823523324140183,0.0516476042679856,0.059565161480279,0.923546526471458,13
OJ08,Post,HEEL,48,1.83127729137356,0.271411291903362,0.724573231042582,0.856937354506495,0.0517130305235039,0.062126720159888,0.889389878838733,13
OJ08,Post,HEEL,49,1.9121026680935,0.269006740222358,0.72589427638911,0.89475919876222,0.0517839916949639,0.0648072265440616,0.85714414763256,13
OJ08,Post,HEEL,50,2.00205794830861,0.267895517518816,0.729278269960249,0.936853337216593,0.0518602325151537,0.0675997208690862,0.826419069677981,13
OJ08,Post,HEEL,51,2.10075674316361,0.267935119853463,0.734423491765875,0.983038961072924,0.0519353135458092,0.070487683870097,0.795300598279526,13
OJ08,Post,HEEL,52,2.20686909342065,0.268263477589636,0.7410582385535,1.03269372233605,0.0520171576964735,0.0734451632789541,0.76045823903246,13
OJ08,Post,HEEL,53,2.3193396117748,0.26837206386649,0.748957129507467,1.08532375761929,0.0521014718830931,0.0764374554867227,0.729161010265451,13
OJ08,Post,HEEL,54,2.43690727325757,0.267307194838086,0.757948639455099,1.14033897638552,0.0521858001286298,0.0794253021387904,0.70157390648628,13
OJ08,Post,HEEL,55,2.55789329081159,0.264921640812955,0.767916355574985,1.19695379834799,0.0522791064714988,0.0823690487154141,0.677573253227553,13
OJ08,Post,HEEL,56,2.68152190240381,0.26121606526913,0.778787174848286,1.25480520941402,0.0523740103024018,0.0852332592677332,0.656748773819004,13
OJ08,Post,HEEL,57,2.80712644964821,0.256745883980768,0.790522319660857,1.3135812500151,0.0524692982370773,0.0879923962663704,0.634474739354367,13
OJ08,Post,HEEL,58,2.93390968878298,0.252120242243479,0.803094126872709,1.37290885378745,0.052573145576824,0.090634601931528,0.61141606118678,13
OJ08,Post,HEEL,59,3.06217142189579,0.248779336891114,0.816467425112768,1.4329283116685,0.0526825285322718,0.0931648415141519,0.590429368326483,13
OJ08,Post,HEEL,60,3.19272686526209,0.248304197286512,0.830585248424141,1.49402110017287,0.0527942462448454,0.0956057160954355,0.571940377681314,13
OJ08,Post,HEEL,61,3.32619567962388,0.251471201522003,0.845357315953826,1.5564771865488,0.0529149362520172,0.0979967956435214,0.555641034545524,13
OJ08,Post,HEEL,62,3.46407321255377,0.258967069936884,0.860663652272247,1.62099631146308,0.0530423012596581,0.100390427697271,0.540583977012578,13
OJ08,Post,HEEL,63,3.60786524844888,0.270044916135508,0.87637314079701,1.68828309944407,0.0531766485277645,0.10284553181978,0.526634651125178,13
OJ08,Post,HEEL,64,3.75932655781603,0.283691906015005,0.892360781329347,1.75915868686635,0.0533155126264916,0.105420342236687,0.513167936502509,13
OJ08,Post,HEEL,65,3.91954855082203,0.298192726800104,0.908529203706458,1.83413379384064,0.0534637735950254,0.108164812902767,0.499711416328927,13
OJ08,Post,HEEL,66,4.09003904986409,0.311764782692052,0.924823914477613,1.91391399856759,0.0536157161696995,0.111113068887262,0.486111376363318,13
OJ08,Post,HEEL,67,4.27146976356259,0.322883121192173,0.94123786324003,1.99881362384848,0.0537713930805815,0.114279505636144,0.472270552320364,13
OJ08,Post,HEEL,68,4.46364744941814,0.329921032205794,0.957798882199815,2.08874224279002,0.0539328539471913,0.117654486696519,0.458025606515808,13
OJ08,Post,HEEL,69,4.66627868079538,0.33190715592931,0.974552231669836,2.18356254781688,0.0540941157586638,0.121204742909702,0.44367975656384,13
OJ08,Post,HEEL,70,4.87836168561739,0.328166956553848,0.9915173368885,2.28280576452911,0.0542471355043715,0.124874747590169,0.429865056573156,13
OJ08,Post,HEEL,71,5.09654015686569,0.318033509859422,1.0086375673562,2.38490132528471,0.0543977743428956,0.128591098525891,0.417251663765199,13
OJ08,Post,HEEL,72,5.31764868158545,0.302960034699176,1.02573017520912,2.48836799039585,0.0545361003471298,0.132266880139328,0.405786385751378,13
OJ08,Post,HEEL,73,5.53596750630533,0.281040156908805,1.04243077188019,2.59052922887989,0.0546613098943118,0.135807516568116,0.396984772719967,13
OJ08,Post,HEEL,74,5.74516381420005,0.255642500892826,1.05816265863921,2.6884216297218,0.0547647429661205,0.139114093452579,0.388348922595292,13
OJ08,Post,HEEL,75,5.93598114079207,0.227773794098667,1.07212227864635,2.77771367512314,0.0548484272861292,0.142089024767189,0.381832923021598,13
OJ08,Post,HEEL,76,6.09886036878438,0.206014624470358,1.0832947763306,2.85393222236188,0.0549056868374244,0.144638792179803,0.376291465584631,13
OJ08,Post,HEEL,77,6.22299889685365,0.197520650373688,1.09049261080324,2.91202224637797,0.0549331738747204,0.146683626012469,0.37150594610859,13
OJ08,Post,HEEL,78,6.29770932367867,0.20674908766249,1.09239454224375,2.94698262939537,0.054926392716191,0.148165536308533,0.368210276901176,13
OJ08,Post,HEEL,79,6.31421662699354,0.234543841784365,1.08762816775225,2.95470714217086,0.0548769863975558,0.149062931935904,0.368579787379225,13
OJ08,Post,HEEL,80,6.26353379173768,0.273937899783521,1.0748497880341,2.93099035445791,0.0548005297481917,0.149403390457141,0.365363115734223,13
OJ08,Post,HEEL,81,6.14404352545003,0.316908873242574,1.05286907625534,2.87507546206878,0.0546817991345565,0.149272784445739,0.364409762269355,13
OJ08,Post,HEEL,82,5.95730434259295,0.358143940574503,1.02074146593892,2.78769176431091,0.0545140289646767,0.148814935816245,0.364361513900675,13
OJ08,Post,HEEL,83,5.7081471694215,0.393510760841814,0.977984938656132,2.67109986976843,0.0543004204080782,0.148222744197515,0.364376811550466,13
OJ08,Post,HEEL,84,5.40409683436234,0.419370300969017,0.92461644141258,2.52882098552202,0.0540442010835898,0.147711100161613,0.36398588950648,13
OJ08,Post,HEEL,85,5.05527392828176,0.435784524005182,0.861342818330367,2.36559099313581,0.0537398454035837,0.147479634017132,0.362602053290881,13
OJ08,Post,HEEL,86,4.67025791096534,0.443486488616623,0.789539185174957,2.18542460933585,0.0533911010203958,0.14766440673395,0.360176689887317,13
OJ08,Post,HEEL,87,4.25682574834364,0.443653400289819,0.711214033581035,1.99196102772871,0.052991601621241,0.148287953670845,0.35657251171054,13
OJ08,Post,HEEL,88,3.8183896284886,0.43577015396984,0.62887345813298,1.78679696522518,0.0525670332740965,0.14921656135079,0.352735573755761,13
OJ08,Post,HEEL,89,3.36215450496417,0.421018072560214,0.545281002613055,1.57330394501046,0.0520908026280204,0.150142479937436,0.349142661874024,13
OJ08,Post,HEEL,90,2.89247803131912,0.39889787639945,0.46319253756777,1.35352110999401,0.0516009032244805,0.150606397378396,0.347098353978078,13
OJ08,Post,HEEL,91,2.4220655188966,0.367925948913373,0.385094470023553,1.13339384919029,0.0510596178396466,0.150073030816132,0.347400393158984,13
OJ08,Post,HEEL,92,1.96408762540337,0.328500722639666,0.312985840946044,0.919085308194747,0.0505037069057632,0.148072917796787,0.351615854419655,13
OJ08,Post,HEEL,93,1.53643259146755,0.27987690197861,0.248271089414818,0.718966202721937,0.0499423807100678,0.144383294063108,0.360784467523627,13
OJ08,Post,HEEL,94,1.15779593808413,0.225028060894441,0.191736458198253,0.541785011431016,0.0493546963962999,0.139223268982643,0.372103158047414,13
OJ08,Post,HEEL,95,0.840589607280658,0.169260417728773,0.143610086191457,0.393349842583616,0.0487757533391142,0.133388500981432,0.379217171678902,13
OJ08,Post,HEEL,96,0.590463069236709,0.120979563260988,0.10370373511769,0.276304338435808,0.0482044478933541,0.128252557971642,0.375061203805983,13
OJ08,Post,HEEL,97,0.403505953217564,0.0901959608136669,0.0715366390803567,0.188818659908422,0.0476640246558087,0.125594325949676,0.360280010947312,13
OJ08,Post,HEEL,98,0.268252049121423,0.0794688833148683,0.0464483520231404,0.125527249421981,0.0471684066235308,0.127098120607253,0.35354940444628,13
OJ08,Post,HEEL,99,0.169564320380798,0.0771327004107606,0.0277024446898439,0.079346803900367,0.04673994179046,0.133190023235371,0.359434588731586,13
OJ08,Post,HEEL,100,0.0929407916503398,0.0717093508550484,0.0144880516610544,0.0434911940959218,0.0463971306487253,0.138300482715713,0.234962825352418,13
RL10,Post,HEEL,0,0.16533510842054,0.0397747831072815,0.0168362663813736,0.107390629089418,0.0430093736280179,0.27505553805826,0.161268113759563,12
RL10,Post,HEEL,1,0.248251561451214,0.0500045769851249,0.0411404311083795,0.161247611661917,0.042963402418479,0.170213647122302,0.243721404825539,12
RL10,Post,HEEL,2,0.327317038785629,0.0574239308069668,0.0713623420506273,0.212603257969058,0.0428603051308073,0.129794959675753,0.327808557397246,12
RL10,Post,HEEL,3,0.385837965596541,0.061399805126152,0.104803651596876,0.250614538241934,0.0426964932825988,0.10418694510964,0.40094146008018,12
RL10,Post,HEEL,4,0.408773891305406,0.0624803141051556,0.138163289556973,0.265512181665364,0.0424814571325535,0.083572656663251,0.500970966269426,12
RL10,Post,HEEL,5,0.386919218452612,0.062546278141097,0.168310633804358,0.251316847784822,0.0422300736441923,0.0647230903143493,0.654526926435471,12
RL10,Post,HEEL,6,0.319528432347683,0.0636372714686432,0.193242271065854,0.207544300116177,0.0419409856139081,0.0463545251858405,0.939639629210471,12
RL10,Post,HEEL,7,0.214659668455378,0.067007612420495,0.212908982212294,0.139428564542467,0.041645263004476,0.0281665213889772,1.55565580212732,12
RL10,Post,HEEL,8,0.0875155456769608,0.0722294146296291,0.229522683900484,0.0568442455757627,0.0413521389518084,0.010767975865416,2.85423502755718,12
RL10,Post,HEEL,9,-0.042722872481255,0.0789551112108657,0.247419545588765,-0.0277499207282643,0.0410918653192769,-0.0042965494436428,-3.15621972193942,12
RL10,Post,HEEL,10,-0.156162172876445,0.0885466118614062,0.272480865535318,-0.101432503630841,0.0408614757688083,-0.0149960360486886,-3.02467348506442,12
RL10,Post,HEEL,11,-0.234951700541691,0.104214011044932,0.311172336666159,-0.15260891148795,0.0406910803240814,-0.0199046287862296,-2.0322570936383,12
RL10,Post,HEEL,12,-0.265214043101829,0.129061626291262,0.369126690286608,-0.172265305319237,0.0405894976209004,-0.0191959563348279,-1.91813649420926,12
RL10,Post,HEEL,13,-0.238203428197178,0.163487735000101,0.449660799218357,-0.154721016302748,0.0405529664022544,-0.0144879150926893,-2.34595514443948,12
RL10,Post,HEEL,14,-0.150790408659705,0.203721241762783,0.552511324405205,-0.0979433648504167,0.0406300438034387,-0.00782813742087003,-2.89982439555498,12
RL10,Post,HEEL,15,-0.00651906513344697,0.243440604470023,0.673276840805562,-0.00423434872631559,0.0407711111159103,-0.000800513375140191,-2.88132009962803,12
RL10,Post,HEEL,16,0.18474525448115,0.275152390992941,0.803965477062522,0.119998161851694,0.0410103725530167,0.00574386969543244,3.85615166909389,12
RL10,Post,HEEL,17,0.407473676230556,0.292695436342361,0.934434100050907,0.264667648908991,0.0413116319989578,0.011498950921015,3.15934668569707,12
RL10,Post,HEEL,18,0.642610047916962,0.293400752960811,1.05451207220703,0.417396510422044,0.0416581579642403,0.0164354275670214,2.54403094290249,12
RL10,Post,HEEL,19,0.870914372217951,0.278385763777919,1.15603033571727,0.565687730869642,0.0420304992243752,0.0206190670112942,2.03588515450361,12
RL10,Post,HEEL,20,1.07559356327986,0.252158348483983,1.23422964595268,0.69863364477525,0.0424157632720871,0.0241315259088663,1.74569629807928,12
RL10,Post,HEEL,21,1.24661794363647,0.2234589325765,1.28820658869872,0.809719644425177,0.0427853557040415,0.0270496823367209,1.54617638148269,12
RL10,Post,HEEL,22,1.37898776769729,0.199226984045892,1.32036633628742,0.895698229458606,0.0431748027488655,0.0294529895049912,1.41780609557346,12
RL10,Post,HEEL,23,1.47781869831393,0.183965657615018,1.33512287819704,0.95989219233682,0.0435032020188935,0.0314343288140957,1.32889819441061,12
RL10,Post,HEEL,24,1.54807815451581,0.177566181209954,1.33746820307769,1.0055280362485,0.0438435248275091,0.0331034782320396,1.27181152551334,12
RL10,Post,HEEL,25,1.60069369277854,0.175401284141599,1.33175299097011,1.03970357106317,0.0441310026970082,0.034578096599081,1.22947699229135,12
RL10,Post,HEEL,26,1.64175759730533,0.174821245254841,1.32092725407873,1.06637593715726,0.0444114780766696,0.0359628670135849,1.19657021509264,12
RL10,Post,HEEL,27,1.67741404738991,0.173049785446345,1.30641160571328,1.08953598248737,0.0446424078898402,0.0373306262721768,1.1673279156329,12
RL10,Post,HEEL,28,1.70698214285145,0.17028825024803,1.28835589493057,1.10874143983351,0.044874754644622,0.0387108147812303,1.14497911362665,12
RL10,Post,HEEL,29,1.73035806312382,0.168339420126544,1.26617693338913,1.12392487429929,0.0450689910744822,0.0400924940802657,1.12162021490681,12
RL10,Post,HEEL,30,1.74370827517169,0.16823847446178,1.23911301540255,1.13259627920532,0.0452436992445893,0.0414382620138698,1.0772878062344,12
RL10,Post,HEEL,31,1.74362538160794,0.171737104547446,1.20666786678626,1.13254243709009,0.0454091986397357,0.0427020541303526,1.04876752551121,12
RL10,Post,HEEL,32,1.72921952222553,0.179615040718283,1.16887104674448,1.1231853542755,0.0455434697963368,0.0438446763234674,1.03067820872744,12
RL10,Post,HEEL,33,1.69986328473576,0.190812560847238,1.12634287931957,1.1041175056991,0.0456615053864446,0.0448425229758573,1.01401707957875,12
RL10,Post,HEEL,34,1.65764671137063,0.204877990090403,1.08021324286058,1.07669644301622,0.0457563561410036,0.0456905796212764,0.992443159667907,12
RL10,Post,HEEL,35,1.60512172132921,0.220799463562272,1.03193924745913,1.0425797222704,0.0458418183644241,0.0463997443058386,0.977707856053949,12
RL10,Post,HEEL,36,1.54631247799421,0.238165296239528,0.9830932623195,1.00438117086561,0.0459113502317323,0.0469923677470409,0.966214644601576,12
RL10,Post,HEEL,37,1.48505295163337,0.256683108525721,0.93517569918543,0.964591079478148,0.0459665535548248,0.0474985652675426,0.947309080507831,12
RL10,Post,HEEL,38,1.42472110122972,0.275611651104434,0.88946804461187,0.925403544351023,0.0460131061104295,0.047953316174153,0.928855230187678,12
RL10,Post,HEEL,39,1.3684552345444,0.29394510493711,0.846953649479011,0.888857000321013,0.0460467316795772,0.0483959357032961,0.916749671941449,12
RL10,Post,HEEL,40,1.31864906532606,0.31077570647483,0.808299360957995,0.856506243751592,0.0460696612612089,0.0488702089762907,0.906065808357544,12
RL10,Post,HEEL,41,1.27709740830244,0.324900104596639,0.773895551505617,0.829517066255643,0.0460826946172897,0.0494244008176685,0.895052236036106,12
RL10,Post,HEEL,42,1.24481691159294,0.335293759592019,0.74392241346099,0.808549814459761,0.0461014713225828,0.0501111273329803,0.883342008582227,12
RL10,Post,HEEL,43,1.22347478966415,0.342220301344522,0.718418139629328,0.79468739938089,0.0461141256535833,0.0509859578282792,0.867834931089078,12
RL10,Post,HEEL,44,1.21379234205099,0.345344381891657,0.697350466066416,0.788398328957578,0.0461295964356564,0.0521052523507496,0.845550896622653,12
RL10,Post,HEEL,45,1.21675330416493,0.345950966587805,0.680652702864852,0.790321571922514,0.0461551656392904,0.0535217058732289,0.818956936982324,12
RL10,Post,HEEL,46,1.23364352956921,0.344397668256216,0.668249128680758,0.801292332754594,0.0461704343768203,0.055278148038275,0.786907991084997,12
RL10,Post,HEEL,47,1.26456172347512,0.342455754978789,0.660056795886218,0.821374723757829,0.0462026503756901,0.0573982211053259,0.752271850689398,12
RL10,Post,HEEL,48,1.31048025368044,0.34092445057225,0.655963596931061,0.851200330023309,0.0462215803099814,0.0598767843215616,0.716290859056133,12
RL10,Post,HEEL,49,1.37022728208729,0.340246821737718,0.655818982154284,0.890008003893241,0.0462547907731121,0.062674102667348,0.684988635741401,12
RL10,Post,HEEL,50,1.44304588099104,0.341017113733723,0.659408337008091,0.937306095752793,0.0462906790480434,0.0657154150920371,0.651765475883948,12
RL10,Post,HEEL,51,1.52729522391475,0.343588654005117,0.666428916160113,0.992028834458321,0.0463268070836756,0.0688986316548294,0.619383586281757,12
RL10,Post,HEEL,52,1.6196606477473,0.347136048197942,0.676478876571979,1.05202323653207,0.0463856609819179,0.0721110698019031,0.603725954746834,12
RL10,Post,HEEL,53,1.71862434894258,0.352080860929508,0.689048090314671,1.11630343829869,0.0464342241883384,0.0752484397585379,0.589087744981445,12
RL10,Post,HEEL,54,1.82057172258523,0.358650591874584,0.703538045460928,1.18252163414401,0.0465016346962588,0.0782336100761737,0.576457163835932,12
RL10,Post,HEEL,55,1.92385384486502,0.366810763278687,0.719305479924284,1.24960679343822,0.046571247769093,0.0810281144163323,0.555361704848873,12
RL10,Post,HEEL,56,2.0267579883157,0.376072903578258,0.735719850631777,1.31644644296363,0.0466480831391738,0.0836363943107884,0.534622725516831,12
RL10,Post,HEEL,57,2.12899093818658,0.386682143557428,0.752247986931057,1.38285013002794,0.0467296348187184,0.0861012122756242,0.521995961564531,12
RL10,Post,HEEL,58,2.23111539871896,0.397691342762221,0.768521726923035,1.44918334967355,0.0468152443362369,0.0884942114417219,0.510910538084711,12
RL10,Post,HEEL,59,2.33454390154965,0.408378143602656,0.784395426690145,1.51636358798392,0.0469105861615948,0.0909034541286033,0.503455354990661,12
RL10,Post,HEEL,60,2.44197672837011,0.417989801100124,0.799962168152566,1.58614476735545,0.047011695730522,0.0934199316036292,0.494213312996515,12
RL10,Post,HEEL,61,2.55645116091644,0.426174772735908,0.815528679483571,1.66049970287547,0.0471212402894254,0.0961257346637824,0.481303900106089,12
RL10,Post,HEEL,62,2.68141776680976,0.431494295186779,0.831552512951355,1.74166965250236,0.0472338296508432,0.0990838105737442,0.468119013674249,12
RL10,Post,HEEL,63,2.81985033568077,0.434199650132104,0.848546927990284,1.83158619109808,0.0473535848730199,0.102331525605302,0.454241483319317,12
RL10,Post,HEEL,64,2.97385874931559,0.433966518741189,0.866975374291236,1.93161975676544,0.0474848995752414,0.105877716579345,0.440134608252899,12
RL10,Post,HEEL,65,3.14491722237778,0.429677189391,0.887161238784494,2.04272790075685,0.0476235937189815,0.109704482559118,0.425930182710116,12
RL10,Post,HEEL,66,3.33359861281359,0.422017242427199,0.90923190350377,2.16528271328238,0.0477657928702862,0.113772144040729,0.412146564447799,12
RL10,Post,HEEL,67,3.53835652069606,0.410791141432739,0.93310875432606,2.29827975637018,0.047917963619545,0.11802357040716,0.398759826955855,12
RL10,Post,HEEL,68,3.75779600337358,0.396227226015986,0.95853875499895,2.44081296856522,0.0480688809228673,0.122390203007253,0.386361410674234,12
RL10,Post,HEEL,69,3.98846828663936,0.378933600411476,0.985145128973253,2.59064225679113,0.0482230658473461,0.126795581951291,0.374979989675488,12
RL10,Post,HEEL,70,4.22682044168218,0.359556447603306,1.01247583581418,2.7454598761062,0.0483758360936649,0.13116018894399,0.364669559893466,12
RL10,Post,HEEL,71,4.46781909148215,0.337966367082113,1.04002626414272,2.90199648142229,0.0485319878426859,0.13540540520475,0.355509718312121,12
RL10,Post,HEEL,72,4.7089413605579,0.315902847013071,1.06721572148885,3.05861338155248,0.0486641224490088,0.139458777227755,0.347358775243696,12
RL10,Post,HEEL,73,4.94270465904787,0.2924108881619,1.09334532462629,3.21045038654601,0.0487899951433545,0.14325690500399,0.340076819746756,12
RL10,Post,HEEL,74,5.16456761159383,0.270068716099335,1.11754120139605,3.35455772268991,0.0488897504514309,0.146746712209755,0.333394921098036,12
RL10,Post,HEEL,75,5.36709167368293,0.24542544973567,1.1387269736454,3.48610380894627,0.0489605291182376,0.149884091765175,0.327494381754438,12
RL10,Post,HEEL,76,5.54111585855602,0.222443173117064,1.15563619866398,3.59913828098809,0.0490075429556008,0.152627564581897,0.322221500697365,12
RL10,Post,HEEL,77,5.67926601241184,0.199267139063987,1.16687289887019,3.68887138167739,0.0490094261221083,0.154934525125427,0.317292755263843,12
RL10,Post,HEEL,78,5.77036921301746,0.178879728820065,1.17100931090848,3.74804592795834,0.0489759647192746,0.156758361255297,0.313033694052146,12
RL10,Post,HEEL,79,5.80552127892554,0.164081850117854,1.16670316842563,3.77087835905978,0.0489004248080842,0.158052592030146,0.309556369668435,12
RL10,Post,HEEL,80,5.77745070898799,0.16023086858233,1.15281962966034,3.75264559414198,0.0487770397422034,0.158780603715885,0.3073607796189,12
RL10,Post,HEEL,81,5.68026758704227,0.169727460165738,1.1285211675726,3.68952193757366,0.0486119287498777,0.158928889511484,0.305705628400288,12
RL10,Post,HEEL,82,5.51353456048801,0.190625777677021,1.09336955949894,3.58122331435504,0.048398980536185,0.158520603340957,0.305138200527496,12
RL10,Post,HEEL,83,5.27885855102843,0.216610432671565,1.04738236071775,3.42879347335626,0.0481522473528296,0.157621774947599,0.306171906613642,12
RL10,Post,HEEL,84,4.98434243440868,0.243314935237339,0.991083181774549,3.23749550075435,0.0478660038926958,0.156334943713475,0.306717466954342,12
RL10,Post,HEEL,85,4.64029157330447,0.265285058963101,0.925508109307164,3.0140230709377,0.0475396815419616,0.154777756123402,0.30698664069504,12
RL10,Post,HEEL,86,4.2577365219613,0.279032484215061,0.852165231644661,2.76554089423884,0.047177924410313,0.153048715324586,0.308372650298082,12
RL10,Post,HEEL,87,3.8470234847416,0.28180404150116,0.772973964908196,2.49876917307444,0.0467916227697603,0.151187170526251,0.310106047480454,12
RL10,Post,HEEL,88,3.41871284297838,0.274750752393548,0.690113944776742,2.22056722489747,0.0463786235692721,0.149141312462255,0.311901091602836,12
RL10,Post,HEEL,89,2.98125769730148,0.258334702232637,0.605872468001475,1.93642561854758,0.0459516639582581,0.14676430353599,0.316068519189334,12
RL10,Post,HEEL,90,2.54436741370063,0.233808828734067,0.522468730280468,1.65265090882525,0.0455105451223652,0.143855638814993,0.322102828680713,12
RL10,Post,HEEL,91,2.11911776642761,0.204545388435033,0.441918150758888,1.37643717795483,0.0450591907485783,0.140256288161192,0.330442865946494,12
RL10,Post,HEEL,92,1.71848074554878,0.172752268739733,0.365920479919692,1.11621016313804,0.0446021565237624,0.13599982031332,0.340073258899347,12
RL10,Post,HEEL,93,1.35654426722173,0.141292598297004,0.295821296163112,0.88112043253414,0.0441419862051169,0.131482801350127,0.349592574263536,12
RL10,Post,HEEL,94,1.04556149665553,0.112957305359244,0.232594600193905,0.679126822791391,0.0436812274878916,0.127629150106988,0.355786434069309,12
RL10,Post,HEEL,95,0.792468482024734,0.0907691144463045,0.176876330776723,0.514734526932453,0.0432305324153298,0.125998656890726,0.354616832015155,12
RL10,Post,HEEL,96,0.596738318816027,0.0763543358129155,0.12903895422135,0.387601303023996,0.042807727520278,0.128871299062872,0.340192374824727,12
RL10,Post,HEEL,97,0.44993939451519,0.0675445599933055,0.0891760354606559,0.29225053946918,0.0424087328229757,0.139332111789376,0.304514404495718,12
RL10,Post,HEEL,98,0.338018851476352,0.0603137660203365,0.0571910603235611,0.219554439773291,0.0420541159685394,0.161781766339372,0.263781443945444,12
RL10,Post,HEEL,99,0.245857940396125,0.0516828024692648,0.0327557926383112,0.159692875505977,0.0417669676779896,0.203845823914459,0.211580404378893,12
RL10,Post,HEEL,100,0.162098891831285,0.0421052571248398,0.0152988071622666,0.105288599225889,0.0415510346598926,0.28579459413686,0.157990484702374,12
SS11,Post,HEEL,0,0.142770169124893,0.0351391244173435,0.0213356489570958,0.131544411158491,0.0406841113987552,0.251300049631928,0.162250373509026,13
SS11,Post,HEEL,1,0.18123949446424,0.043605642159618,0.0422153989265308,0.1669889636196,0.0406455881104547,0.161827564490206,0.26031892274059,13
SS11,Post,HEEL,2,0.200478613350146,0.0541445511825848,0.0689297926520106,0.184715345682235,0.0405719323009473,0.109957141034951,0.398920827583587,13
SS11,Post,HEEL,3,0.191339996922309,0.0655930229634532,0.101016453742485,0.176295281994059,0.0404611693468069,0.0718250839323921,0.611082697869856,13
SS11,Post,HEEL,4,0.149605420724658,0.0756270755849571,0.138020802674962,0.13784221939338,0.0403039163444325,0.0413501059560871,0.777313603406604,13
SS11,Post,HEEL,5,0.0776119823703355,0.0816523479379746,0.179813392171765,0.0715094937711946,0.0401160472973463,0.0168551659666872,1.83588393143733,13
SS11,Post,HEEL,6,-0.0154618511783121,0.0822798738129173,0.226862395032537,-0.0142461140246464,0.0399161456253645,-0.00190157646489559,-2.4452041939771,13
SS11,Post,HEEL,7,-0.115490168715088,0.0783525564687932,0.280264216777117,-0.106409387418538,0.0396948834691173,-0.0148357411073918,-2.43689937507909,13
SS11,Post,HEEL,8,-0.206235374871135,0.0734303690011644,0.341449309467371,-0.190019463545931,0.039490905634371,-0.0221186903482923,-1.85317762899577,13
SS11,Post,HEEL,9,-0.272869515313442,0.0735947245195862,0.411590940461807,-0.251414283074845,0.0393180732655157,-0.0244543248449187,-1.67932800389105,13
SS11,Post,HEEL,10,-0.304757933204981,0.0826858195292338,0.490942829491423,-0.280795372836314,0.0391934756557028,-0.0230159390376993,-1.65197625718504,13
SS11,Post,HEEL,11,-0.297187242366622,0.098365438411947,0.578342602233206,-0.273819951608621,0.0391311732583074,-0.01914920053619,-2.06324999394825,13
SS11,Post,HEEL,12,-0.251521460419518,0.115084145825338,0.671044915418486,-0.231744786795523,0.0391371430475688,-0.01406637982972,-2.98822977274952,13
SS11,Post,HEEL,13,-0.174128272304679,0.128529913112543,0.765040292829034,-0.160436883886625,0.0392335774260697,-0.00865903071793015,-3.78812497363808,13
SS11,Post,HEEL,14,-0.0745972144955463,0.136217449494708,0.855804426011114,-0.0687317715950601,0.0393988180989401,-0.00347184606232121,-5.51251598664676,13
SS11,Post,HEEL,15,0.0367509173558015,0.137394385665644,0.939198150012539,0.0338612597627045,0.0396285387304858,0.00122449889946011,4.57025480149371,13
SS11,Post,HEEL,16,0.150348271747095,0.132964651206982,1.01227842351733,0.138526661394982,0.0399169115624776,0.00533737744193431,5.55181942232949,13
SS11,Post,HEEL,17,0.259058989277877,0.124669592847003,1.07368880558308,0.23868965350921,0.0402336687347115,0.00887259265876483,4.29224988013524,13
SS11,Post,HEEL,18,0.358676919066418,0.115158520665544,1.12360484184046,0.330474807194909,0.0405543482181682,0.0118851202308638,3.27082179072051,13
SS11,Post,HEEL,19,0.446881697386712,0.106096861020754,1.16333499641852,0.411744204693194,0.0409074625190814,0.0144488985662074,2.74463404980655,13
SS11,Post,HEEL,20,0.524309667267086,0.0988758509555537,1.19478767536927,0.483084154540849,0.0412262753019517,0.0166435550409779,2.42391718629795,13
SS11,Post,HEEL,21,0.591798157929943,0.0936366565309904,1.21992268730078,0.545266148290921,0.0415532606674579,0.0185465734282941,2.19765316724858,13
SS11,Post,HEEL,22,0.651488133778555,0.0894528730892553,1.24032049375917,0.600262810221057,0.0418539525303205,0.0202284536852633,2.05381067882126,13
SS11,Post,HEEL,23,0.705230840554939,0.0862402930599119,1.25696266827449,0.649779825997501,0.0421304902560777,0.0217517661237591,1.92617929938922,13
SS11,Post,HEEL,24,0.754351594389948,0.0840671734726349,1.27015572289494,0.69503830456129,0.0423899216270076,0.0231691985804476,1.83369469952451,13
SS11,Post,HEEL,25,0.799952506941595,0.083549100298273,1.27963183266956,0.737053700541165,0.0426225955592764,0.0245238215485896,1.7229241562338,13
SS11,Post,HEEL,26,0.842213651553125,0.0847754453233917,1.28474941992547,0.775991928441872,0.0428389999274326,0.0258499482112649,1.66735395708682,13
SS11,Post,HEEL,27,0.88098722236843,0.0881478004228962,1.28473157393105,0.81171680411215,0.043046813579493,0.0271737336931747,1.60780263806913,13
SS11,Post,HEEL,28,0.916411809372822,0.0937634382055071,1.27890903765977,0.844356020459573,0.0432247682698815,0.0285133931668407,1.51695507789647,13
SS11,Post,HEEL,29,0.947790801675434,0.100031334895434,1.26688685709396,0.87326773983691,0.0433815879187694,0.0298794011443942,1.43257889404863,13
SS11,Post,HEEL,30,0.974669082045922,0.106427211660711,1.24863866694675,0.898032630051445,0.0435167184722708,0.0312746935015744,1.35782531107274,13
SS11,Post,HEEL,31,0.996038184525876,0.112821760738707,1.22455435308337,0.917721518983502,0.0436576997538129,0.0326949099939651,1.30339189592211,13
SS11,Post,HEEL,32,1.01251496344695,0.118046226731339,1.19536595600492,0.932902758833866,0.043761714092973,0.0341296328452538,1.25688156471319,13
SS11,Post,HEEL,33,1.02344458324392,0.12278168806142,1.16206443381239,0.942973002563283,0.0438589919056774,0.0355642134693395,1.21626332843824,13
SS11,Post,HEEL,34,1.02924061946578,0.126541770745608,1.12577873844307,0.948313307029764,0.0439377121304302,0.0369825972541251,1.18302499606128,13
SS11,Post,HEEL,35,1.03020336991488,0.129751544782152,1.08765389117632,0.949200358167236,0.0440046830860698,0.0383696442824675,1.15695507744651,13
SS11,Post,HEEL,36,1.02703878563222,0.13316811711032,1.04875253682565,0.946284599374095,0.0440602465771444,0.0397138524664804,1.12956461431144,13
SS11,Post,HEEL,37,1.02037026672657,0.136410721998175,1.00998093627229,0.940140413945731,0.0441097880082942,0.0410088681041116,1.08209954119819,13
SS11,Post,HEEL,38,1.01125413650004,0.140095416722981,0.972053299258477,0.931741068409872,0.0441480528587196,0.0422540615128393,1.04637908185686,13
SS11,Post,HEEL,39,1.00040076739058,0.143753791380648,0.935485884182962,0.921741079915488,0.0441805192605818,0.0434542225919044,1.02354085229468,13
SS11,Post,HEEL,40,0.988642804354697,0.146956027492629,0.900619413416433,0.91090762406502,0.0442052987275392,0.044618668012274,1.00224765031787,13
SS11,Post,HEEL,41,0.976583574159458,0.149215529784012,0.86765853151339,0.899796589142384,0.0442270484164499,0.04576024420008,0.981524368518106,13
SS11,Post,HEEL,42,0.96500496478778,0.150322346884788,0.836725874787932,0.889128384704669,0.0442405240076888,0.0468941948596303,0.960504023044883,13
SS11,Post,HEEL,43,0.954272736180843,0.149806167285491,0.807918069852515,0.879240011656074,0.0442551037790587,0.0480375472765886,0.938295207093413,13
SS11,Post,HEEL,44,0.945160640946424,0.147805658403457,0.781344043965769,0.870844383848257,0.0442646330894915,0.0492079822844396,0.914210807010522,13
SS11,Post,HEEL,45,0.938284240123985,0.144484704863855,0.757156963734249,0.864508661879011,0.0442713382886118,0.0504234602528288,0.889050893035492,13
SS11,Post,HEEL,46,0.934180678942024,0.140149496505721,0.735558018930744,0.860727756227343,0.0442832669391643,0.0517016501794895,0.866956522049474,13
SS11,Post,HEEL,47,0.933800750353046,0.135259097095909,0.716771689873096,0.860377700730276,0.0442915109265487,0.0530590923400055,0.85012805934604,13
SS11,Post,HEEL,48,0.937703939096317,0.130201790515142,0.701019495488079,0.863973988862602,0.0443044237057479,0.0545107492161098,0.832781509505419,13
SS11,Post,HEEL,49,0.946644089512097,0.125451955082635,0.688477918021398,0.872211191559219,0.0443197606395271,0.0560693108249248,0.804033872866976,13
SS11,Post,HEEL,50,0.961048495994648,0.121181717479921,0.67923482657359,0.885483005835612,0.0443420072753202,0.0577439914749393,0.774025371836024,13
SS11,Post,HEEL,51,0.981439037646705,0.117902609647943,0.673272573620528,0.904270276392644,0.0443660965172134,0.0595398558267609,0.755048267225385,13
SS11,Post,HEEL,52,1.00762470598865,0.115152412822225,0.670440750965956,0.928397013399026,0.0444031210514763,0.0614565119852946,0.726104652930998,13
SS11,Post,HEEL,53,1.03995581108149,0.113266855412959,0.670482285670379,0.958185982674674,0.0444338219374469,0.0634880309756561,0.698591857160055,13
SS11,Post,HEEL,54,1.07774990560654,0.112033806401532,0.6730503002246,0.993008396488702,0.0444730506480362,0.0656234339964568,0.672616121094683,13
SS11,Post,HEEL,55,1.12036931321955,0.111233998853498,0.677758538953604,1.03227671782461,0.0445260247801221,0.0678487675147752,0.648506679489331,13
SS11,Post,HEEL,56,1.16777139737519,0.111016553771058,0.68423546725246,1.07595166257083,0.0445744231219891,0.0701500640545713,0.626238531869116,13
SS11,Post,HEEL,57,1.2191179186585,0.111471165014968,0.692178867632663,1.12326090054856,0.0446352264091506,0.0725162065067473,0.606025749244005,13
SS11,Post,HEEL,58,1.27451406134029,0.112672569114814,0.701413844505138,1.17430134558125,0.0446982425010769,0.0749411563085076,0.587032947925345,13
SS11,Post,HEEL,59,1.33404040031318,0.115025174440074,0.711927691822906,1.2291472371047,0.0447685735772587,0.0774243742774038,0.567179005020343,13
SS11,Post,HEEL,60,1.39852910736923,0.118890703502015,0.723879719649474,1.28856531476098,0.0448392262909901,0.0799695436343161,0.5506378714477,13
SS11,Post,HEEL,61,1.46869675877271,0.124389258927055,0.737584220253151,1.35321581172978,0.0449196710368326,0.0825824149114126,0.538832927884432,13
SS11,Post,HEEL,62,1.54591457433891,0.131065381934447,0.753450363921033,1.42436213131363,0.0450059459893718,0.0852687282726128,0.528010031573267,13
SS11,Post,HEEL,63,1.63169709481863,0.139326761547478,0.771881998473882,1.50339972868683,0.0450959310371978,0.0880339252132839,0.51651389644095,13
SS11,Post,HEEL,64,1.72707165475235,0.148282285823924,0.793160194887078,1.59127516094891,0.0451954378718798,0.0908844783467331,0.504561225551827,13
SS11,Post,HEEL,65,1.83316869243454,0.157265374039541,0.817321273689801,1.68902998209335,0.0452981420194964,0.0938306214647295,0.492293764053429,13
SS11,Post,HEEL,66,1.95002414230801,0.166337358696028,0.844071778978261,1.79669730110324,0.0454131832550131,0.0968897418325742,0.479756770264011,13
SS11,Post,HEEL,67,2.07771641779912,0.174421513925648,0.872757233576903,1.91434936590027,0.0455296247418619,0.10008714543064,0.466742792627263,13
SS11,Post,HEEL,68,2.21468023194605,0.181711093806072,0.902400717163487,2.04054396518115,0.0456591160005539,0.103454252413081,0.453605260251153,13
SS11,Post,HEEL,69,2.35946736097649,0.187291446926142,0.931811440600813,2.17394674636702,0.045792964144274,0.107024292341832,0.439915716250655,13
SS11,Post,HEEL,70,2.50955957421634,0.19137628381417,0.959741529341008,2.3122374826681,0.045934280777166,0.110825029011654,0.426016429242611,13
SS11,Post,HEEL,71,2.66201277843874,0.193124787282033,0.9850551134831,2.45270356953753,0.0460842649507348,0.114871424574051,0.411825900873493,13
SS11,Post,HEEL,72,2.8140029784268,0.192424607233592,1.00686439501363,2.59274305735098,0.0462387987479647,0.119159202152775,0.397486116190407,13
SS11,Post,HEEL,73,2.96283988118456,0.189521823016104,1.02463655518549,2.72987718594332,0.0463915998282996,0.12365749153198,0.383360487973196,13
SS11,Post,HEEL,74,3.10599304206869,0.18518775392761,1.03819788667738,2.86177447491765,0.0465360042661001,0.128306682266912,0.368700987967339,13
SS11,Post,HEEL,75,3.23994080437086,0.178396903686147,1.04767439886414,2.98519016900864,0.0466798777585068,0.133018931199531,0.356509072931444,13
SS11,Post,HEEL,76,3.36134734919551,0.169934073761886,1.05337678260738,3.0970507386755,0.0468296749566433,0.137684733996155,0.344393982357795,13
SS11,Post,HEEL,77,3.47029646578904,0.160013516385439,1.05563788131765,3.19743338496905,0.0469441763694081,0.142185490439594,0.333346731450515,13
SS11,Post,HEEL,78,3.56066097591182,0.14956757027178,1.05465146806184,3.28069269849783,0.0470683357942189,0.146410632175045,0.323428256059919,13
SS11,Post,HEEL,79,3.6340616223248,0.139980279553991,1.05034783342466,3.34832198597596,0.0471413301146552,0.15027532558801,0.314690926869782,13
SS11,Post,HEEL,80,3.68494712160271,0.130437479200339,1.04232451260139,3.3952064512676,0.0471956442020078,0.153733332138981,0.306897468048995,13
SS11,Post,HEEL,81,3.71208271049777,0.123713484379948,1.02986084258772,3.42020841830679,0.0472077733639193,0.156782948408516,0.30088121675247,13
SS11,Post,HEEL,82,3.71051390062312,0.121919390810579,1.01198826329751,3.41876296109087,0.0471995700972532,0.159457041121824,0.295957497127649,13
SS11,Post,HEEL,83,3.67865282760072,0.124799945598564,0.987638525550155,3.38940706612135,0.0471473926358745,0.161805222961608,0.291155636032049,13
SS11,Post,HEEL,84,3.61241010521441,0.132260687504561,0.955829959825179,3.3283728881607,0.0470589891506014,0.163868305193054,0.287614675067352,13
SS11,Post,HEEL,85,3.50889593002865,0.144643662290661,0.915840128427416,3.23299784374608,0.0469278127292862,0.165652382935171,0.282406623071928,13
SS11,Post,HEEL,86,3.36493253017217,0.158769620696872,0.867374359297678,3.10035402341182,0.0467573416472586,0.167112758765897,0.278121858278797,13
SS11,Post,HEEL,87,3.17820796940735,0.173500058152818,0.810651491768238,2.92831127424936,0.0465588702737824,0.16815229863806,0.275411729146487,13
SS11,Post,HEEL,88,2.95107689815329,0.186322536607872,0.746438515514629,2.71903910481055,0.0463099324695841,0.16864188260505,0.274521661443988,13
SS11,Post,HEEL,89,2.68538388170196,0.193913572085908,0.676019253588433,2.47423704558318,0.0460481685963816,0.168467770184818,0.274843133142096,13
SS11,Post,HEEL,90,2.39186399597,0.194763583483016,0.601081749090356,2.20379609304679,0.0457363106788014,0.167600698832476,0.27615383320815,13
SS11,Post,HEEL,91,2.08193255245666,0.187099790631528,0.523612490323775,1.91823399358048,0.0453906888466966,0.166190165389945,0.277701990551506,13
SS11,Post,HEEL,92,1.77031901660875,0.169944569104352,0.445746716724507,1.63112206163152,0.0450235684466068,0.164666875192199,0.278892652626217,13
SS11,Post,HEEL,93,1.47355477784837,0.146399762920834,0.369639999755797,1.3576918536272,0.0446233854340746,0.16384666095302,0.27760187294389,13
SS11,Post,HEEL,94,1.20505938637647,0.122092986151366,0.297356123465608,1.11030776501522,0.0442014165933371,0.165042369203724,0.271297059526278,13
SS11,Post,HEEL,95,0.973707948059256,0.101486490193685,0.23074850401464,0.897147068276914,0.0437521071403539,0.170202568005409,0.258108701539327,13
SS11,Post,HEEL,96,0.781820941681358,0.0904194588187712,0.171362425160419,0.720347787182941,0.043286795693589,0.18219315560177,0.240057867981634,13
SS11,Post,HEEL,97,0.625583058955283,0.0876855270688228,0.120347487458253,0.576394604176818,0.0428183726072492,0.205499242321628,0.206792933703892,13
SS11,Post,HEEL,98,0.496925313264012,0.0868760367412122,0.0783816730153684,0.457852982340311,0.0423620482782891,0.248196170933866,0.167532172292448,13
SS11,Post,HEEL,99,0.386648919492445,0.0831893942323463,0.0456166789613168,0.356247420252108,0.0419296210730579,0.328739627870317,0.122597360803571,13
SS11,Post,HEEL,100,0.287110061985698,0.0750369061496996,0.0217081515605613,0.264535121538924,0.0415604330407217,0.508990366132303,0.0775951276858336,13
BO11,Post,HEEL,0,0.04982598637296,0.021579866365064,0.020092545866636,0.0539866979585027,0.0340894846525973,0.0985598916739539,0.318326521425922,12
BO11,Post,HEEL,1,0.0407548785990607,0.0360715512323899,0.0350264419318597,0.0441581086783456,0.0340313506865759,0.0472537178280476,0.646688592524096,12
BO11,Post,HEEL,2,0.0268305035944009,0.0510944884513264,0.0579535679699517,0.0290709808087517,0.0339402509841745,0.020244283430293,1.04693155376865,12
BO11,Post,HEEL,3,0.00749749807725324,0.0640733892978267,0.0882860738816496,0.00812357553970648,0.0338288925942989,0.00579723880474543,1.16375859217182,12
BO11,Post,HEEL,4,-0.016545561680227,0.0731252430897827,0.125253112052832,-0.0179271963488704,0.0336956906647985,-0.00254695574142615,-2.11844058939357,12
BO11,Post,HEEL,5,-0.0432207168330661,0.0772957374331518,0.168034857657604,-0.0468298563675399,0.0335425170466088,-0.00748050516684894,-2.78978397094813,12
BO11,Post,HEEL,6,-0.0691678319868608,0.0768985730209034,0.216029385705408,-0.0749436815152664,0.0333780835324698,-0.010159103141521,-2.3966813076243,12
BO11,Post,HEEL,7,-0.0903329790298096,0.0735244177315106,0.269183567354214,-0.0978762210158807,0.0332298905051438,-0.0111210554647346,-2.42746181532476,12
BO11,Post,HEEL,8,-0.102603937879559,0.0700353393821939,0.328050343902228,-0.111171864460326,0.0330898340405157,-0.0106838440161643,-2.61884182983321,12
BO11,Post,HEEL,9,-0.102231891737606,0.0697914780943929,0.393515539345325,-0.110768750660592,0.0329821075449546,-0.00911526144820692,-3.089126624668,12
BO11,Post,HEEL,10,-0.0863342867706239,0.075100213392326,0.466130456631163,-0.0935436185539892,0.0329060936864921,-0.0067022897035524,-3.99317572377885,12
BO11,Post,HEEL,11,-0.0530172362313749,0.0856001307657676,0.545452260416569,-0.0574444326619718,0.0328963687188792,-0.00373180818756229,-3.88424025465814,12
BO11,Post,HEEL,12,-0.0018478330801758,0.0987655507503581,0.629584434959713,-0.00200213610685926,0.0329412766207455,-0.000453591434799853,-3.89869831033206,12
BO11,Post,HEEL,13,0.0659623190955245,0.111531253421579,0.715220991127642,0.071470492746432,0.0330568893057624,0.00294468747836605,5.52320445977551,12
BO11,Post,HEEL,14,0.147678630273019,0.12128377937532,0.798216978767851,0.16001051234184,0.0332182168437103,0.00633699252626331,4.7686093569978,12
BO11,Post,HEEL,15,0.238979898094252,0.126329780067072,0.874516820099524,0.258935878960738,0.0334292944445117,0.00964125112403015,3.20076187576018,12
BO11,Post,HEEL,16,0.335055963288955,0.126438175486688,0.941067554559741,0.363034761698013,0.0336617741946985,0.0127994192109632,2.49695698637705,12
BO11,Post,HEEL,17,0.430652115616973,0.122243678102122,0.996385510551037,0.46661365651601,0.0339165363367474,0.015762067641278,2.01214175649399,12
BO11,Post,HEEL,18,0.521365478386125,0.115392433037064,1.04067794786404,0.564902025158843,0.0341815774667636,0.0184838693682973,1.78935003974624,12
BO11,Post,HEEL,19,0.603986281263604,0.107817368679213,1.07531482665848,0.654422065899193,0.0344428970485849,0.0209242066504496,1.61882747141057,12
BO11,Post,HEEL,20,0.67654963817994,0.101076970317938,1.10232898656757,0.733044815148432,0.0347006145904861,0.0230563958420302,1.49571276259402,12
BO11,Post,HEEL,21,0.738545934791707,0.0959032552568416,1.12367648983003,0.800218103293142,0.034943697377191,0.0248721806227034,1.4065791148105,12
BO11,Post,HEEL,22,0.790198578952544,0.0921239518767077,1.1408271664139,0.856183993826569,0.0351731650367214,0.0263851317099822,1.3357472441357,12
BO11,Post,HEEL,23,0.832350837381643,0.088949526378364,1.15451860597028,0.901856170329943,0.0353851868500697,0.0276285333402366,1.28149914792457,12
BO11,Post,HEEL,24,0.866155657924895,0.0857071722961295,1.16481479057361,0.938483857387641,0.0355730731977388,0.0286489479518305,1.23632548259473,12
BO11,Post,HEEL,25,0.89204702491118,0.0819218314931544,1.17130281847369,0.966537279125417,0.03575917781053,0.0294988115997729,1.20169492614295,12
BO11,Post,HEEL,26,0.911589079241797,0.0781386285802286,1.17340682926476,0.987711189798025,0.0359210005910642,0.0302315898453142,1.17870377733716,12
BO11,Post,HEEL,27,0.925565697146281,0.074643158272215,1.17064056090333,1.00285492310303,0.0360657085462355,0.0308973141652652,1.16346884498721,12
BO11,Post,HEEL,28,0.935022274108665,0.0729475047574936,1.16281383192994,1.01310117011895,0.0361957897681589,0.0315415226230535,1.14745575523621,12
BO11,Post,HEEL,29,0.940246471636271,0.0736540883182291,1.1500980675499,1.01876161348454,0.0363421940521789,0.0322029774626585,1.13105941677629,12
BO11,Post,HEEL,30,0.943714769115278,0.0779652512826803,1.13299401212454,1.02251953062897,0.0364537530993067,0.0329131195192463,1.1106563221807,12
BO11,Post,HEEL,31,0.945439327822382,0.0850301301913983,1.11224146245913,1.02438809835456,0.0365671686525319,0.0336942813287847,1.08565324707336,12
BO11,Post,HEEL,32,0.946111349576213,0.0932728059645186,1.08869810529396,1.02511623718505,0.0366830966790171,0.0345589040987256,1.05989730814734,12
BO11,Post,HEEL,33,0.946768098517221,0.102724333542589,1.06322234437887,1.02582782784875,0.0367842750549981,0.0355099654968686,1.03260419274792,12
BO11,Post,HEEL,34,0.947501351378524,0.112010016947609,1.03660701262339,1.02662231088124,0.0368757070908629,0.036542677508328,0.99881283056835,12
BO11,Post,HEEL,35,0.948182169337955,0.121062515068924,1.0095286323526,1.02735998044317,0.0369707846569917,0.0376484973680056,0.966852015158589,12
BO11,Post,HEEL,36,0.949431794438175,0.129367525308747,0.982549157267946,1.02871395530163,0.0370496371194294,0.0388185480527166,0.938739969236604,12
BO11,Post,HEEL,37,0.95104241616707,0.136669019501298,0.956127556819387,1.03045907175859,0.0371290986016715,0.0400482537115268,0.918961685446577,12
BO11,Post,HEEL,38,0.953523547936562,0.143562204136693,0.930639261654441,1.03314739006767,0.0372072914812283,0.041339583121282,0.899987571503765,12
BO11,Post,HEEL,39,0.957382830916766,0.149125761439377,0.906390415499155,1.03732894189947,0.0372794773890357,0.0427021417762735,0.881286539637028,12
BO11,Post,HEEL,40,0.963132880134384,0.153992967095055,0.883629347231062,1.04355914812227,0.037353605384048,0.044152904062894,0.861360304459631,12
BO11,Post,HEEL,41,0.971568002673964,0.158320007210284,0.862550931012604,1.05269864431565,0.0374253219177993,0.0457137786722974,0.835769029057309,12
BO11,Post,HEEL,42,0.983457975498193,0.161940382630426,0.843303099546449,1.06558148755315,0.0374899610830327,0.0474088779545959,0.808900586477594,12
BO11,Post,HEEL,43,0.999113483229957,0.164908618791455,0.825995888983949,1.08254430613089,0.0375587605154668,0.0492607624687559,0.780876232254878,12
BO11,Post,HEEL,44,1.01933563146541,0.167570714088905,0.810701650461099,1.10445510184876,0.0376209005330796,0.0512866710217475,0.751430369977597,12
BO11,Post,HEEL,45,1.04413147721978,0.169584805224518,0.797455833240518,1.13132152101701,0.0376850695512133,0.0534957240599366,0.721594856466194,12
BO11,Post,HEEL,46,1.07369281248106,0.171350525857146,0.786261955754617,1.16335137118505,0.0377512202444661,0.0558876908000937,0.691181864928686,12
BO11,Post,HEEL,47,1.10807693559211,0.172702342135015,0.777083580576783,1.20060673538535,0.0378127999864432,0.0584513062555689,0.661439941243779,12
BO11,Post,HEEL,48,1.14676204268287,0.173866431324791,0.769864457107761,1.24252223659327,0.0378808914815312,0.0611658302676193,0.632682814756761,12
BO11,Post,HEEL,49,1.18958696938434,0.174683988569435,0.764528655745872,1.2889232524331,0.03794662235393,0.0640022499813086,0.605495854102669,12
BO11,Post,HEEL,50,1.23599040937766,0.175349998899688,0.760991582410107,1.33920160478529,0.0380140514012734,0.0669261520678515,0.580307455850979,12
BO11,Post,HEEL,51,1.2854615471563,0.176018383773536,0.759167206787737,1.39280382257035,0.0380842115827776,0.069901565713416,0.557320587919557,12
BO11,Post,HEEL,52,1.3375064311494,0.176629835594851,0.758964847121541,1.44919470686493,0.0381566433802367,0.0728936774648535,0.534120081356924,12
BO11,Post,HEEL,53,1.39185479039955,0.177700010525982,0.7602981903376,1.50808141777548,0.0382290284997412,0.0758723707543331,0.512094102487912,12
BO11,Post,HEEL,54,1.4481044644932,0.179343745568329,0.763080546367123,1.56902821254293,0.0383030096904637,0.078813105172434,0.491815529605326,12
BO11,Post,HEEL,55,1.50599756749917,0.18208620058035,0.767230835995119,1.63175567050972,0.0383808965501909,0.0816990568774799,0.473300067180626,12
BO11,Post,HEEL,56,1.56558017078803,0.186285383738368,0.772673960930011,1.69631371022939,0.0384596133805886,0.0845205302712407,0.456413061540086,12
BO11,Post,HEEL,57,1.62691376575871,0.192065525044679,0.77933254506313,1.76276895793098,0.0385391809226816,0.087276281496886,0.441080397415619,12
BO11,Post,HEEL,58,1.69016329446265,0.199343346199891,0.7871277536595,1.83130012912742,0.0386200862775214,0.0899729522394215,0.427230273041183,12
BO11,Post,HEEL,59,1.75563387246449,0.207507524894272,0.795978194138081,1.90223781801324,0.0387019182355199,0.0926252806280385,0.415891436974174,12
BO11,Post,HEEL,60,1.82366644659856,0.215903548701662,0.805798468720538,1.97595144213748,0.0387862708204225,0.0952554908138663,0.406625424828447,12
BO11,Post,HEEL,61,1.89487550412541,0.223867787435159,0.816506338376409,2.05310680142802,0.0388714635335763,0.0978924944220276,0.39745664599738,12
BO11,Post,HEEL,62,1.96977206238578,0.230777720615532,0.828028036085819,2.13425758565271,0.0389606911912025,0.100570906670261,0.388233429512176,12
BO11,Post,HEEL,63,2.04926243406523,0.236033058230415,0.840307007938978,2.22038578900316,0.0390508995176438,0.103328452239115,0.3787971062784,12
BO11,Post,HEEL,64,2.13427560508701,0.239701710005454,0.853318360633361,2.31249797223408,0.0391425865303706,0.106204459705119,0.369073900100188,12
BO11,Post,HEEL,65,2.2256228406918,0.241593114433723,0.867076345225595,2.41147314516947,0.039238623818435,0.109234938276402,0.359077935435856,12
BO11,Post,HEEL,66,2.32439384073433,0.241926112560304,0.881642707798947,2.51849200288844,0.0393376877723408,0.112449345136042,0.348808914687116,12
BO11,Post,HEEL,67,2.4314447889687,0.240803966279676,0.897136572752023,2.63448222464222,0.0394418114459052,0.115866162805485,0.338403396726097,12
BO11,Post,HEEL,68,2.54795756448587,0.23834704632714,0.913709411335231,2.76072438215957,0.039543852773986,0.119486496511121,0.327930028564371,12
BO11,Post,HEEL,69,2.67363292766494,0.235115462125778,0.931532232723787,2.89689424785952,0.0396559232496915,0.123291853724411,0.317705918405938,12
BO11,Post,HEEL,70,2.80926730095612,0.230377020883141,0.95073059157542,3.04385474933061,0.0397619469280497,0.127239764546944,0.308747607206823,12
BO11,Post,HEEL,71,2.9525769359663,0.224647856509913,0.971323774537616,3.19913143410962,0.0398804929992899,0.13126472569878,0.300341014199185,12
BO11,Post,HEEL,72,3.10373238312928,0.218088046245729,0.993132379193361,3.362909094419,0.0399796084109442,0.135280353020995,0.292398140275967,12
BO11,Post,HEEL,73,3.25779968146141,0.209164019369238,1.01570115400399,3.52984175959657,0.0400772208294862,0.139185046058982,0.285215140283163,12
BO11,Post,HEEL,74,3.41066051027008,0.200400522730398,1.03823604587268,3.69546720919245,0.0401631037571763,0.142869674131207,0.278831585044204,12
BO11,Post,HEEL,75,3.55623357636993,0.189071895275151,1.059578386166,3.85319633253783,0.040228587854666,0.146225416895173,0.273101093955709,12
BO11,Post,HEEL,76,3.68533174438012,0.17666511558732,1.07824107384033,3.99307482387753,0.0402882265363337,0.149154078666035,0.268560741820982,12
BO11,Post,HEEL,77,3.79127781903535,0.165107527473394,1.09247838940522,4.10786790974818,0.0403180209607235,0.151572852785954,0.264636946307074,12
BO11,Post,HEEL,78,3.86488148577217,0.155859352347739,1.10044483627435,4.18761783973482,0.040321386221205,0.153422325388869,0.261756841007343,12
BO11,Post,HEEL,79,3.89686092465017,0.149908392012134,1.10033667141334,4.22226771690265,0.0403097211699932,0.154669674122091,0.260118226036295,12
BO11,Post,HEEL,80,3.88374749086546,0.148580704669669,1.09058365981496,4.20805924777904,0.0402538928814678,0.155314172871399,0.259507323689292,12
BO11,Post,HEEL,81,3.82031655968416,0.152038863135848,1.07001099647553,4.13933152611832,0.0401709077739379,0.155390685946068,0.258191305678725,12
BO11,Post,HEEL,82,3.70686943391215,0.158184520813956,1.03796782834479,4.01641101497241,0.0400529722249841,0.154968203391632,0.257054239406312,12
BO11,Post,HEEL,83,3.54610474262265,0.165050387557797,0.994368996892869,3.84222169203411,0.0398977205914681,0.15413918643276,0.256780276944913,12
BO11,Post,HEEL,84,3.34311244832074,0.170539664535258,0.93982411480582,3.62227855637092,0.0397063305519179,0.153002748528107,0.257036256789706,12
BO11,Post,HEEL,85,3.10407464155746,0.172584359416343,0.875506276760265,3.36327993308635,0.0394816811468733,0.151629025204015,0.257462915148661,12
BO11,Post,HEEL,86,2.83598277126271,0.171479220080402,0.803195629889195,3.07280109101395,0.0392267190607076,0.150023060057094,0.258120115877609,12
BO11,Post,HEEL,87,2.54634737198961,0.166675710593008,0.725092520895681,2.75897973077826,0.03893198686034,0.148085556369004,0.259105868411055,12
BO11,Post,HEEL,88,2.23968187419237,0.158479711564538,0.643670701082907,2.42670617617266,0.0386309743612986,0.145591761005458,0.261164888189358,12
BO11,Post,HEEL,89,1.92524386807952,0.14891866014435,0.561459258996599,2.08601107109993,0.0382898242524534,0.142205859929591,0.264804846357608,12
BO11,Post,HEEL,90,1.60927253090131,0.137480501175291,0.480840595272336,1.74365459437914,0.0379455680383512,0.137541816494798,0.271090455903619,12
BO11,Post,HEEL,91,1.30269357842052,0.124272482158396,0.403855049697055,1.41147481204378,0.0375843984450571,0.13129024873998,0.28126363052061,12
BO11,Post,HEEL,92,1.01678014837491,0.109881900200136,0.332109469416017,1.10168622352266,0.037219941966475,0.123378953126329,0.296901807782537,12
BO11,Post,HEEL,93,0.763447266752935,0.094486928697192,0.266741127157412,0.82719881727826,0.0368531726475048,0.114158403458173,0.319363414000607,12
BO11,Post,HEEL,94,0.552228672634439,0.0793161426229433,0.208461211340944,0.598342445855111,0.0364884122563022,0.104545020172006,0.348469691171404,12
BO11,Post,HEEL,95,0.388088718163641,0.0666810592099396,0.157645986181077,0.4204960088853,0.0361341129494671,0.0961029647952953,0.381175030652328,12
BO11,Post,HEEL,96,0.269781790314904,0.0580120651471212,0.114401939675074,0.292309878612637,0.0357945802424009,0.0910514475684584,0.398286433996654,12
BO11,Post,HEEL,97,0.190089385345131,0.0527553095903371,0.0786568953568528,0.205962771211977,0.0354736781536516,0.0923120679981816,0.389139316857237,12
BO11,Post,HEEL,98,0.137605261910955,0.0485733215089181,0.0501545897738123,0.149095968852088,0.0351909111661396,0.103807324751757,0.345381591317197,12
BO11,Post,HEEL,99,0.100216209797031,0.0432702349504359,0.0285013603109683,0.108584749499197,0.0349452714248387,0.132111291052946,0.264720082191981,12
BO11,Post,HEEL,100,0.0679570036565608,0.0362588855155434,0.013083847029174,0.0736317431452319,0.0347510239880023,0.194471897404308,0.180211892362622,12
SE15,Post,HEEL,0,0.192125999905381,0.0429169469012477,0.0193428594486032,0.0990710252890028,0.037897726785838,0.197313535396611,0.188590693039522,13
SE15,Post,HEEL,1,0.231404331224957,0.0662472965214738,0.0404885330647482,0.119325153087364,0.0378034281436868,0.111818627062213,0.344958175718573,13
SE15,Post,HEEL,2,0.244246087117141,0.0932299216458494,0.0671755853356629,0.125947088293303,0.0376801188863524,0.0711309264757213,0.556507552659886,13
SE15,Post,HEEL,3,0.218257397998864,0.120629947294308,0.0981997954144718,0.112545851198205,0.0375154710279632,0.0436912270668123,1.04160953352539,13
SE15,Post,HEEL,4,0.146694438644507,0.145355853513209,0.132070797660945,0.0756439443274899,0.037331158254172,0.0222606558746086,1.63288926610303,13
SE15,Post,HEEL,5,0.0314538342679133,0.164594085033316,0.16734559234447,0.0162193748463362,0.0371285844606373,0.00458237183195618,-1.71224126498294,13
SE15,Post,HEEL,6,-0.116849427040048,0.175989729125349,0.20306844676865,-0.0602541693835878,0.0369104471231804,-0.00997765131611655,-2.07447829519823,13
SE15,Post,HEEL,7,-0.281044955263729,0.177947916072301,0.239121825288433,-0.144922664730396,0.0366883589359899,-0.0213921610504291,-1.29302598286348,13
SE15,Post,HEEL,8,-0.440564347886395,0.16994028324541,0.276368028178732,-0.227179880247241,0.0364770479735839,-0.0293997720618701,-1.09538001677581,13
SE15,Post,HEEL,9,-0.575947591853941,0.153324268051787,0.316516508169816,-0.296991133244865,0.036286918521295,-0.0337984497860285,-1.02723912293234,13
SE15,Post,HEEL,10,-0.671407186247691,0.131699364719734,0.361737641072424,-0.346215495876256,0.0361314521333641,-0.0346724662264049,-1.0874630621786,13
SE15,Post,HEEL,11,-0.716970709484099,0.11360760417529,0.414093984215865,-0.369710623891378,0.0360112595029636,-0.0325096064883711,-1.17060829589838,13
SE15,Post,HEEL,12,-0.707919730577338,0.111629602135229,0.474940860797027,-0.365043427569154,0.0359397108747549,-0.0281293123564668,-1.20547481667303,13
SE15,Post,HEEL,13,-0.644614538937072,0.132385923721305,0.54441765151137,-0.332399692494221,0.0359203437283926,-0.0224668070497646,-1.5337386375242,13
SE15,Post,HEEL,14,-0.531201876206713,0.167619006872299,0.621218580017296,-0.273917713048514,0.0359489570279633,-0.0163308800025015,-2.21088900332828,13
SE15,Post,HEEL,15,-0.374078415305202,0.206006076715468,0.702711251105654,-0.192895975354836,0.0360431736455136,-0.0102759925722233,-3.6192802291442,13
SE15,Post,HEEL,16,-0.182317057421065,0.240601219731438,0.785340677550242,-0.0940129801030278,0.036173754604741,-0.00460491901855812,-4.04753825663991,13
SE15,Post,HEEL,17,0.034094216795628,0.267421342918406,0.865247893971779,0.0175809053227147,0.0363531412096271,0.000560049802016126,4.8945707578951,13
SE15,Post,HEEL,18,0.263723975114288,0.285163229826171,0.938934836603732,0.135990988313561,0.0365708614064889,0.00519603965606488,4.12801187449159,13
SE15,Post,HEEL,19,0.495375624400015,0.294414235395636,1.00379418219666,0.255443672572474,0.0368020243777607,0.00932066432161749,3.10705536137683,13
SE15,Post,HEEL,20,0.718422662845017,0.296836585935712,1.05841231243328,0.370459333114538,0.0370529016143941,0.0129609548871715,2.53712699867382,13
SE15,Post,HEEL,21,0.92412935930328,0.294613454926332,1.10256271684347,0.476533333182047,0.0373178015682125,0.0161420001529563,2.19803683538969,13
SE15,Post,HEEL,22,1.10733755863844,0.291251050904697,1.13696342679355,0.571005836426924,0.0375656502017187,0.0188881530392356,1.9917745471497,13
SE15,Post,HEEL,23,1.26439030018025,0.287915268350309,1.16290586760527,0.651991107221393,0.0378196473817131,0.0212298932875181,1.83120218761175,13
SE15,Post,HEEL,24,1.3961279366807,0.286487070335602,1.18184536305085,0.719922478944523,0.0380557011336225,0.023208987495391,1.68185292760068,13
SE15,Post,HEEL,25,1.50515087329637,0.287436510361781,1.19505943193898,0.776140867480435,0.0382658543382631,0.0248801414786952,1.57933363400118,13
SE15,Post,HEEL,26,1.59446014551879,0.290988512225242,1.20344737085604,0.822193776359233,0.0384663530631342,0.0263079363521007,1.50199146167196,13
SE15,Post,HEEL,27,1.66792220273728,0.295419215450239,1.20748041169849,0.860074965433377,0.0386530598898936,0.0275607040705365,1.45051863693404,13
SE15,Post,HEEL,28,1.72950575703842,0.300517253819077,1.20724947936444,0.891830926982361,0.0388135771709829,0.0287023342237062,1.40568932276521,13
SE15,Post,HEEL,29,1.78045096628485,0.304929254356686,1.20261789456812,0.918101156498886,0.0389765577846836,0.0297863294621819,1.36451018653408,13
SE15,Post,HEEL,30,1.82311739348281,0.309311667960062,1.19337831669628,0.940102378041013,0.0391256453894096,0.0308527547362057,1.32384220997972,13
SE15,Post,HEEL,31,1.85878075997269,0.312975012516904,1.17939836378146,0.958492425640766,0.0392484315853342,0.0319285673785922,1.28218363710547,13
SE15,Post,HEEL,32,1.88694542149124,0.316664484199662,1.16072796567926,0.973015717100197,0.0393647823744845,0.0330303242647283,1.23985919244024,13
SE15,Post,HEEL,33,1.90824312052527,0.321155951813337,1.13764906174613,0.983998014554142,0.0394681364235095,0.0341680585855281,1.20401055241898,13
SE15,Post,HEEL,34,1.92264724830754,0.327177156904006,1.11067301481739,0.991425597018184,0.0395700666252143,0.0353492427067709,1.16111476333813,13
SE15,Post,HEEL,35,1.93192172125461,0.335112096432791,1.08050680108199,0.996208039500376,0.0396525414310021,0.0365814684530802,1.12229701706116,13
SE15,Post,HEEL,36,1.93678787216955,0.345087873597451,1.04798296552917,0.99871730196663,0.0397267186855461,0.0378739434599128,1.11053195289769,13
SE15,Post,HEEL,37,1.93875847832809,0.356848068392026,1.01398590687506,0.999733457888594,0.03979298103555,0.0392376555752575,1.08126308651957,13
SE15,Post,HEEL,38,1.93939146007093,0.369765704571037,0.979382047566326,1.00005985905389,0.03985219592391,0.0406841732562459,1.03622363168715,13
SE15,Post,HEEL,39,1.94014018940069,0.383021618041639,0.94496327070362,1.00044594621752,0.0399056964977746,0.0422239577718368,0.992508089006052,13
SE15,Post,HEEL,40,1.94224400803756,0.39545965804325,0.911409975541387,1.00153079402302,0.0399535504721462,0.0438644465140789,0.944445089558788,13
SE15,Post,HEEL,41,1.94658817557552,0.406303523691702,0.879271177959277,1.0037708923555,0.0399975490167116,0.0456081713559963,0.910432522266146,13
SE15,Post,HEEL,42,1.95374633045886,0.414688011641817,0.848961739777629,1.00746204162118,0.0400386677950777,0.0474519761564282,0.873701852740516,13
SE15,Post,HEEL,43,1.96389475136757,0.419604765659735,0.82077842937292,1.01269514107146,0.0400789970868068,0.0493870587247365,0.839492031927705,13
SE15,Post,HEEL,44,1.97744766450698,0.421298310144386,0.794917170846755,1.01968378915156,0.0401153576768221,0.0514001044140819,0.808202937684994,13
SE15,Post,HEEL,45,1.9942383287249,0.419202941753602,0.771493863033758,1.0283420046985,0.0401517399874897,0.0534749764874473,0.780177534488721,13
SE15,Post,HEEL,46,2.01461895212962,0.413986530089632,0.750568451015625,1.03885140612115,0.0401847326411375,0.0555950638844973,0.753593213718916,13
SE15,Post,HEEL,47,2.03837554981116,0.405375438974654,0.732157798512766,1.05110165070464,0.0402212328807265,0.0577456064592002,0.72259189293081,13
SE15,Post,HEEL,48,2.06618577113696,0.394856993903416,0.716241977163701,1.0654421727663,0.0402566322502609,0.0599149046064768,0.69222399875007,13
SE15,Post,HEEL,49,2.09830816822921,0.382911907786997,0.702772305556983,1.08200629639473,0.040293369627117,0.0620949744211692,0.663020284643128,13
SE15,Post,HEEL,50,2.13499598896153,0.370644786441126,0.691674711462346,1.10092461050818,0.0403352939312597,0.0642811262221735,0.643284629600947,13
SE15,Post,HEEL,51,2.17722051276782,0.35857207910875,0.682859732836997,1.1226979616834,0.0403705764741205,0.0664702076568746,0.624482893032676,13
SE15,Post,HEEL,52,2.22397399710267,0.34745981147961,0.676224758156378,1.14680670090228,0.0404237513380721,0.0686590521957192,0.606295374398164,13
SE15,Post,HEEL,53,2.27675817416908,0.338345038811101,0.671681293655471,1.17402520617268,0.0404703709948742,0.0708419165057507,0.588228949724642,13
SE15,Post,HEEL,54,2.33502824095222,0.330661915817455,0.669172357897068,1.20407254626568,0.0405198176736374,0.0730089023728162,0.570793756088856,13
SE15,Post,HEEL,55,2.39828058197192,0.325138062351765,0.668694804867641,1.23668902857332,0.0405828093606374,0.0751454603098752,0.555412898232432,13
SE15,Post,HEEL,56,2.46753304444003,0.32178426726806,0.670315901975937,1.27239951265087,0.0406449134429814,0.0772336631961614,0.541552384447101,13
SE15,Post,HEEL,57,2.54297950283656,0.320028383978662,0.674182977531089,1.31130397113879,0.0407098868954802,0.079254579725884,0.528296816617534,13
SE15,Post,HEEL,58,2.62489873223149,0.319710673615803,0.680522655251411,1.35354615622065,0.0407880083526308,0.0811924568648092,0.512076624426872,13
SE15,Post,HEEL,59,2.71577993750808,0.321509055449077,0.689617845317634,1.40040964263418,0.0408637939269604,0.0830405899536873,0.502866022040549,13
SE15,Post,HEEL,60,2.81695241408033,0.324615638405582,0.701766703708028,1.45257989023199,0.0409460536723495,0.0848061655633891,0.498203631485751,13
SE15,Post,HEEL,61,2.9310317176086,0.329667790256397,0.717238259057495,1.51140562735433,0.0410335168891936,0.0865133927288722,0.493516489572725,13
SE15,Post,HEEL,62,3.06079380947479,0.336614822722643,0.73620952634801,1.57831829659827,0.0411253237493346,0.0882041498271543,0.489281487392361,13
SE15,Post,HEEL,63,3.20920586277175,0.345421065079201,0.758706750251626,1.65484794012708,0.0412181381416619,0.0899343377230141,0.481026607670297,13
SE15,Post,HEEL,64,3.37826367296388,0.357518975190161,0.784576169339126,1.74202370289264,0.0413201028880287,0.0917672912851399,0.4679952140199,13
SE15,Post,HEEL,65,3.56983220490821,0.371316713950329,0.813473159212431,1.84080726619058,0.0414291307565765,0.0937653145755319,0.455263769584178,13
SE15,Post,HEEL,66,3.78549063444222,0.386052597583437,0.844875600507704,1.95201294234411,0.0415379451932015,0.0959802111010485,0.442981775995891,13
SE15,Post,HEEL,67,4.02500830584392,0.401517612437707,0.878137015990433,2.07552179222537,0.0416496081962412,0.0984458495228338,0.431127493718271,13
SE15,Post,HEEL,68,4.28581798221622,0.41451735158232,0.912548880518925,2.21001000337962,0.0417745560948714,0.101172879178512,0.419612612044255,13
SE15,Post,HEEL,69,4.5661807731469,0.42458726018413,0.947403839507423,2.35458090562122,0.0419035524148606,0.104145994736068,0.408023790573241,13
SE15,Post,HEEL,70,4.86427773673198,0.431241243797082,0.982045719315714,2.50829654969051,0.0420185064672233,0.107325038369221,0.396656331246532,13
SE15,Post,HEEL,71,5.17143549269822,0.433416972520089,1.01588578615388,2.66668445046412,0.0421508344826967,0.110648308449183,0.38560457778589,13
SE15,Post,HEEL,72,5.48459429441165,0.430783979519182,1.04838196411255,2.82816682962834,0.0422724689367072,0.114038481613631,0.374071617649133,13
SE15,Post,HEEL,73,5.79458457963521,0.421394182244323,1.07898573852841,2.98801534259302,0.0423966064853295,0.117410772592772,0.362909033581363,13
SE15,Post,HEEL,74,6.09498136353361,0.406960072217513,1.10707397123486,3.142916904011,0.042508816553931,0.120681770506922,0.352908759231367,13
SE15,Post,HEEL,75,6.37665715684413,0.388861254234368,1.13188875052388,3.28816486449583,0.0426088026555118,0.123778533261304,0.343890355397174,13
SE15,Post,HEEL,76,6.62880663806847,0.36100280100446,1.15248580545363,3.41818738952258,0.0426999587098841,0.126646298828775,0.335928471265157,13
SE15,Post,HEEL,77,6.84099222127902,0.33457094826288,1.16774213471599,3.52760226981242,0.0427874312838149,0.129254898379474,0.329803185294243,13
SE15,Post,HEEL,78,7.00646922828229,0.304701491354734,1.17638992492067,3.61293156805234,0.0428505247842755,0.131602414386981,0.324008119779551,13
SE15,Post,HEEL,79,7.11618763002233,0.278328372946948,1.17709785292989,3.66950857771688,0.0428935492278295,0.133716534367865,0.31883985442253,13
SE15,Post,HEEL,80,7.1644447244186,0.259866729484742,1.16858323688863,3.69439266327356,0.042909288420153,0.135652317249001,0.314955923102334,13
SE15,Post,HEEL,81,7.14686386110592,0.254663386320756,1.14974629578932,3.68532697640811,0.0428946751901944,0.137485958994865,0.310505354435009,13
SE15,Post,HEEL,82,7.0600505481382,0.263721085407468,1.11979323077784,3.64056112520274,0.0428516413810178,0.139302716298076,0.306550464618581,13
SE15,Post,HEEL,83,6.90423985731572,0.284283029496742,1.07835504299003,3.56021632596488,0.042768174892603,0.141179297015122,0.301846101550026,13
SE15,Post,HEEL,84,6.67621567344285,0.313025919489111,1.02559674647122,3.44263416791184,0.042659197897878,0.143160921297065,0.296974488416182,13
SE15,Post,HEEL,85,6.37854160517098,0.345587505728794,0.96226141057949,3.28913659256979,0.0425047076633077,0.145234896376991,0.292360614523892,13
SE15,Post,HEEL,86,6.00964174968268,0.375796045108248,0.889677765084486,3.09891097536967,0.0423120669047783,0.147306386491404,0.288337009246905,13
SE15,Post,HEEL,87,5.57138414619656,0.401698566086316,0.80971955321266,2.87292058292173,0.0420757951770565,0.149182672633614,0.282513507454902,13
SE15,Post,HEEL,88,5.06602952992104,0.417762333594994,0.724679877817232,2.6123311780853,0.0418093016964446,0.150575337744392,0.277561632631888,13
SE15,Post,HEEL,89,4.50476512895201,0.422953139044097,0.637104993846447,2.32291152801397,0.0414998526087253,0.151128695162365,0.274209572836687,13
SE15,Post,HEEL,90,3.90316496713524,0.415153813780114,0.549598178809523,2.01269247970937,0.0411556729633676,0.150484802571342,0.273223049504088,13
SE15,Post,HEEL,91,3.28506480377221,0.392901621422831,0.464605805023486,1.69396509796077,0.0407770344647409,0.148387496686482,0.275051813775762,13
SE15,Post,HEEL,92,2.67954856057403,0.357198115072054,0.384247601432348,1.38172669674316,0.0403661193960609,0.144813550452578,0.280350591360394,13
SE15,Post,HEEL,93,2.11681304310346,0.310858072630459,0.310198215261544,1.0915484558502,0.0399280377799958,0.140118431347906,0.286487880653788,13
SE15,Post,HEEL,94,1.62307242102693,0.258814199082439,0.243646169376621,0.836947882892645,0.0394642813579686,0.135161605523741,0.288916233498127,13
SE15,Post,HEEL,95,1.21478668683221,0.207517017231353,0.185309368966955,0.626412680382499,0.0389791867852972,0.131389146818091,0.286992777399441,13
SE15,Post,HEEL,96,0.89566141882625,0.164833803822303,0.135497133170568,0.461853653949072,0.0384826161574439,0.130870815309122,0.288704412751024,13
SE15,Post,HEEL,97,0.656545773193648,0.134901963221325,0.0941993354361489,0.338552111278479,0.0379982339563961,0.136386450157711,0.278450388656625,13
SE15,Post,HEEL,98,0.479979921752409,0.116278489362492,0.0611403977485308,0.247504778060049,0.037499195536661,0.151784871686296,0.25310074151529,13
SE15,Post,HEEL,99,0.343542455103446,0.102162481782718,0.035815449679151,0.177149908258962,0.0370455584232848,0.183456806801835,0.209102027746186,13
SE15,Post,HEEL,100,0.228505366234615,0.0873061249916071,0.0175281930096256,0.117830282877129,0.0366347048971572,0.247623193493257,0.15348477882865,13
GJ03,Post,FLAT,0,0.293275381963435,0.0597598739515416,0.021701705860861,0.139098298671878,0.0394928753804017,0.255149106232944,0.150949933954047,14
GJ03,Post,FLAT,1,0.350434951719135,0.0672757831546023,0.0414718120233589,0.166208650903303,0.0394294650783679,0.159099652078172,0.245355732382243,14
GJ03,Post,FLAT,2,0.391283909317676,0.0742494278672412,0.0690058299003706,0.185583002976213,0.0393443053512438,0.107846721279201,0.337408259132482,14
GJ03,Post,FLAT,3,0.4112721518418,0.0789166387743939,0.105011489017883,0.195063275442086,0.039237877984256,0.0751892774198511,0.484144927344968,14
GJ03,Post,FLAT,4,0.411097088743617,0.0791160988825261,0.150340028757013,0.194980244336801,0.0391232783533416,0.0527732585056784,0.696597839932808,14
GJ03,Post,FLAT,5,0.397935292917939,0.0737798260394773,0.205724079399884,0.188737703982538,0.0389927204686906,0.037293775210693,1.00266987972745,14
GJ03,Post,FLAT,6,0.384249083308173,0.0656227870273541,0.271525457735388,0.182246438131174,0.0388612620620813,0.0270684132309502,1.37396819996474,14
GJ03,Post,FLAT,7,0.385686507190652,0.0647633036214521,0.347437593371266,0.182928197422338,0.0387377135786968,0.0209381662549824,1.74466798567005,14
GJ03,Post,FLAT,8,0.417603523019385,0.0821587119771833,0.432278266257054,0.198066196973264,0.0386378820567446,0.0179364241740642,2.07842095370406,14
GJ03,Post,FLAT,9,0.491552599634913,0.113554115259559,0.523888225464319,0.233139685503777,0.0385770586227225,0.0172119016725743,2.15922367981122,14
GJ03,Post,FLAT,10,0.612921853606124,0.148550223571086,0.619271241351512,0.290704206008178,0.0385616548553694,0.0180505569206293,2.03787693275435,14
GJ03,Post,FLAT,11,0.780005965312042,0.179520313429028,0.714857923899292,0.369950938269848,0.0385913639114795,0.0198852469663736,1.80924625474697,14
GJ03,Post,FLAT,12,0.984082519846335,0.201487978047601,0.806889347563028,0.466742906775674,0.0386842515411398,0.0222910595882717,1.63346777720382,14
GJ03,Post,FLAT,13,1.21259090245682,0.212672296352472,0.891867156411518,0.575122706814069,0.0388294392881623,0.0249705263159556,1.48672324415818,14
GJ03,Post,FLAT,14,1.45187999450701,0.213586989297525,0.966933195809509,0.688615715917264,0.0390043325588988,0.0277300203132958,1.35698306074436,14
GJ03,Post,FLAT,15,1.68817606011805,0.205561859889021,1.03011975769245,0.800689155185526,0.0392151381697697,0.0304541905156978,1.24263260178183,14
GJ03,Post,FLAT,16,1.91114364222671,0.192314376314584,1.08048503637783,0.906440995393387,0.0394483947076266,0.0330836059634273,1.14955368404356,14
GJ03,Post,FLAT,17,2.11409385732201,0.176981544437876,1.11805504442165,1.0026987496101,0.0396880259749061,0.0355955813635518,1.08251020293704,14
GJ03,Post,FLAT,18,2.29285488972854,0.162867641612788,1.14363980608623,1.08748375716888,0.0399370677599098,0.0379883721753084,1.02648789784472,14
GJ03,Post,FLAT,19,2.44691047620227,0.1527201237806,1.15861786769143,1.16055115831224,0.0401822590410805,0.0402699527942981,0.979416282052079,14
GJ03,Post,FLAT,20,2.57749645732213,0.149738308612084,1.16463960954924,1.22248710289294,0.0404150072420669,0.0424500205191635,0.943584239467576,14
GJ03,Post,FLAT,21,2.68657879600287,0.155807532368305,1.16337882833023,1.2742240322733,0.0406307327144434,0.0445357214116198,0.910638646678283,14
GJ03,Post,FLAT,22,2.77555606445935,0.170911084580685,1.15635113122528,1.31642527869197,0.0408379666907349,0.0465305272964458,0.875874293696809,14
GJ03,Post,FLAT,23,2.84735034851061,0.195738920451663,1.14479559468676,1.35047676538355,0.0410226028544987,0.0484356041343173,0.845243115924684,14
GJ03,Post,FLAT,24,2.90272774757573,0.2270259835009,1.12963628557925,1.37674184751647,0.0411968952504858,0.0502525819618502,0.820937249535075,14
GJ03,Post,FLAT,25,2.94400313349969,0.262759502065857,1.11150930213036,1.39631845132347,0.0413494821456199,0.0519870754611015,0.800357361831441,14
GJ03,Post,FLAT,26,2.9721108623793,0.301682844128078,1.09084161719373,1.40964973484448,0.0414907112096887,0.0536520651706886,0.781136094099547,14
GJ03,Post,FLAT,27,2.98930688482262,0.339580337964101,1.06793949731139,1.41780567841456,0.0416121139814514,0.0552700626112716,0.763332218889083,14
GJ03,Post,FLAT,28,2.99667166714684,0.374583820205814,1.04307478044569,1.42129873904764,0.0417295833534624,0.056873790059479,0.745745972021578,14
GJ03,Post,FLAT,29,2.9976385408419,0.405986063645795,1.0165539961555,1.42175731993879,0.0418328234025803,0.058504999391736,0.72800121036947,14
GJ03,Post,FLAT,30,2.99444926022665,0.432262274354862,0.988765509809761,1.42024466823036,0.0419320891847607,0.0602113352393041,0.70974430685805,14
GJ03,Post,FLAT,31,2.99091853015393,0.453766145464313,0.960191293398454,1.41857006962308,0.0420199177403956,0.0620418522833122,0.690482088037424,14
GJ03,Post,FLAT,32,2.9900113102611,0.469067720694501,0.931396842560945,1.41813978207979,0.0420957009537069,0.064041584037017,0.669596264348959,14
GJ03,Post,FLAT,33,2.99409681252878,0.479767123810523,0.903001804695753,1.42007750494916,0.0421679895070021,0.0662460310640923,0.647342166664865,14
GJ03,Post,FLAT,34,3.00549778222051,0.485608059764639,0.875637864314952,1.42548489876691,0.0422352527115499,0.0686768630467738,0.623931555394001,14
GJ03,Post,FLAT,35,3.02615889447954,0.488119511091892,0.849902688306861,1.43528430826613,0.0422959152903303,0.0713386941656263,0.599863429993169,14
GJ03,Post,FLAT,36,3.05685403522745,0.488036412434365,0.826317809050092,1.44984278169456,0.0423548673010745,0.0742185266597141,0.575742266879351,14
GJ03,Post,FLAT,37,3.09825180941296,0.48619263573875,0.805293342390528,1.46947743332968,0.0424108086657159,0.0772877034685064,0.551925085114916,14
GJ03,Post,FLAT,38,3.1501634945455,0.483475536230556,0.787106638318816,1.49409875351954,0.0424683537812803,0.0805065504403783,0.529089447944801,14
GJ03,Post,FLAT,39,3.212613929431,0.480636388252079,0.771898384375646,1.52371852312221,0.042525011587625,0.0838309711220177,0.507559613415148,14
GJ03,Post,FLAT,40,3.28527229821403,0.478042835239621,0.7596727976134,1.55817983867598,0.0425805570033402,0.0872193859953614,0.487456105457889,14
GJ03,Post,FLAT,41,3.36757330163647,0.475844428181112,0.750314608467601,1.5972145830122,0.042637202047777,0.0906388242686339,0.469029297016296,14
GJ03,Post,FLAT,42,3.45920321191281,0.473623204589358,0.743612059207714,1.64067395741167,0.0426935331178591,0.0940687571547952,0.452047129933158,14
GJ03,Post,FLAT,43,3.55978809821206,0.471492044425875,0.739284518088777,1.6883806093054,0.0427505526770661,0.0975018342265499,0.436315856045457,14
GJ03,Post,FLAT,44,3.66901919303482,0.468326966222711,0.737012776374775,1.74018809260042,0.0428069697028292,0.100941368732034,0.421779777137053,14
GJ03,Post,FLAT,45,3.78627209369157,0.464456946509549,0.736465575927703,1.79580025781697,0.0428664922685259,0.104396459464592,0.408113088103989,14
GJ03,Post,FLAT,46,3.91089061224319,0.459379323626638,0.737329428805318,1.85490587997144,0.0429303375951122,0.107876421965541,0.395504697598252,14
GJ03,Post,FLAT,47,4.04273215524392,0.453152065768008,0.739324197444789,1.91743732806947,0.0429924316317503,0.111385212325883,0.383553209178777,14
GJ03,Post,FLAT,48,4.18089838829734,0.445689466033606,0.742221101369048,1.98296852889161,0.0430528045372948,0.114917860990019,0.372282400350881,14
GJ03,Post,FLAT,49,4.3233842295318,0.4373869562234,0.745847012333474,2.0505484872497,0.0431209842269248,0.118458921897532,0.361974312315163,14
GJ03,Post,FLAT,50,4.46992607558526,0.428172333504067,0.750083839776153,2.12005217806005,0.0431863398797327,0.121982825194321,0.352399606665205,14
GJ03,Post,FLAT,51,4.61886381364779,0.418756044114706,0.754866872969488,2.19069222235507,0.0432528513415946,0.125455961054237,0.343624701546791,14
GJ03,Post,FLAT,52,4.76864906304776,0.408993670822219,0.760176007098705,2.26173423487652,0.0433223983316858,0.128839768089574,0.335752511968252,14
GJ03,Post,FLAT,53,4.91843170841013,0.398915411522278,0.766031402086621,2.3327750123226,0.0433919216934761,0.132093915392828,0.328727401622158,14
GJ03,Post,FLAT,54,5.06692671630965,0.388135353112582,0.77248499143445,2.40320507304507,0.0434641230779601,0.135179683892116,0.322495291170427,14
GJ03,Post,FLAT,55,5.21398193588522,0.377111980861467,0.779613545355123,2.47295225303964,0.0435349458027535,0.138062799645333,0.316400546606795,14
GJ03,Post,FLAT,56,5.35869078122241,0.364943593373342,0.787512838837937,2.54158656545419,0.0436089303420448,0.140715704642913,0.310556927207341,14
GJ03,Post,FLAT,57,5.50177945903026,0.35111026929644,0.796288931277244,2.60945244464606,0.043680476792529,0.143120308753447,0.305396630914493,14
GJ03,Post,FLAT,58,5.64336248038943,0.335981603478433,0.806052657724147,2.67660420235596,0.0437528194045489,0.145268960025414,0.300923577172165,14
GJ03,Post,FLAT,59,5.78445645593432,0.319501304134349,0.816910643641848,2.74352400932971,0.0438246118128778,0.147165599304309,0.297024893789871,14
GJ03,Post,FLAT,60,5.92660138993624,0.301141216790253,0.828957735334103,2.81094227796215,0.0438928491493962,0.148825326138397,0.293686786700705,14
GJ03,Post,FLAT,61,6.07078382430415,0.281985070590861,0.842267196535135,2.87932691762974,0.0439611181133471,0.150273255559564,0.290905403884611,14
GJ03,Post,FLAT,62,6.21880222734385,0.26235606462302,0.856879403483924,2.94953092826681,0.0440271344780981,0.151542490050601,0.28902784299036,14
GJ03,Post,FLAT,63,6.37263687823921,0.243245297575274,0.872789553538982,3.02249354133399,0.0440872467634164,0.152671543492788,0.287528024223485,14
GJ03,Post,FLAT,64,6.53298389709827,0.225421259040261,0.889934828755134,3.098544921341,0.0441450362457604,0.153701579838614,0.286253751227832,14
GJ03,Post,FLAT,65,6.70036746394753,0.210328182492054,0.908184381779062,3.17793368291549,0.0442022597523514,0.154673932425491,0.285140419967491,14
GJ03,Post,FLAT,66,6.87544947807069,0.199144946770755,0.927328919092637,3.26097375988866,0.0442560070365604,0.155628462358846,0.284040206336696,14
GJ03,Post,FLAT,67,7.05826058062785,0.19038068318837,0.947080462242058,3.3476796851313,0.0443032385645938,0.156601833081464,0.28296261534137,14
GJ03,Post,FLAT,68,7.24723603658723,0.184823396096146,0.967081371541375,3.43730931663569,0.0443475438504364,0.157626308601051,0.281438083176379,14
GJ03,Post,FLAT,69,7.44072067094785,0.180913623209082,0.986922135411381,3.52907761739975,0.0443888967967858,0.158728579189832,0.279454537582643,14
GJ03,Post,FLAT,70,7.63691597036787,0.177243179282584,1.0061665725171,3.62213156612889,0.0444252642280717,0.159928686845579,0.277341431698844,14
GJ03,Post,FLAT,71,7.83314083375762,0.172605353953038,1.02438492398309,3.71519953682558,0.0444577178485833,0.161238572824173,0.275145262776691,14
GJ03,Post,FLAT,72,8.02682467058087,0.167237803492336,1.04118358701636,3.80706231781316,0.0444852474190123,0.162660600919975,0.273114969281794,14
GJ03,Post,FLAT,73,8.21504380492968,0.160034804448194,1.05622824661961,3.89633323168986,0.0445074705359408,0.164186178568637,0.271146147029195,14
GJ03,Post,FLAT,74,8.39522505004195,0.151937559201472,1.06925612574681,3.98179183540868,0.0445211977968306,0.165794763190444,0.268911302906953,14
GJ03,Post,FLAT,75,8.56404347162092,0.143027649031114,1.08005976815703,4.06186113774457,0.0445256440162552,0.167454452290586,0.266486998820286,14
GJ03,Post,FLAT,76,8.71798425060335,0.135591454692462,1.0884506619824,4.13487408656191,0.044518517074133,0.169123936193361,0.263717902746291,14
GJ03,Post,FLAT,77,8.85211194521253,0.129118439668027,1.09420698680718,4.19848983910142,0.044501071850429,0.170756394310755,0.260833122260043,14
GJ03,Post,FLAT,78,8.96072245649256,0.12300781676975,1.09700833268321,4.25000298430915,0.0444735278586925,0.172304906929084,0.258358438883458,14
GJ03,Post,FLAT,79,9.03941283168196,0.119745859253475,1.09636640238157,4.28732523494409,0.0444240781715521,0.173728568570779,0.256048031926998,14
GJ03,Post,FLAT,80,9.07951519727627,0.118059881530797,1.09157930018555,4.30634548406811,0.0443558007434266,0.174998213448333,0.25387626181428,14
GJ03,Post,FLAT,81,9.07135490286184,0.119447344753609,1.08171020964597,4.30247511805883,0.0442701781230726,0.176099763162602,0.251858636881607,14
GJ03,Post,FLAT,82,9.00655740073877,0.123751186504602,1.06561509960959,4.27174215219186,0.0441571081994274,0.177034562408546,0.249912599937883,14
GJ03,Post,FLAT,83,8.8726217221791,0.135164622430506,1.04201068868357,4.2082174714144,0.0440227229210551,0.177815197864382,0.248308360821439,14
GJ03,Post,FLAT,84,8.66259791748915,0.153284840186544,1.00960136183088,4.10860476707699,0.0438441005427305,0.178458311889598,0.246009554660549,14
GJ03,Post,FLAT,85,8.36422482344975,0.179416054008508,0.967270419150729,3.96708866206849,0.0436288117648466,0.178974990874002,0.244139790261843,14
GJ03,Post,FLAT,86,7.96984507675587,0.213886521413512,0.91427194877474,3.78003732680638,0.0433712769472239,0.179360194356014,0.241235759183948,14
GJ03,Post,FLAT,87,7.47563460990998,0.251584294493115,0.850453127189462,3.54563703495826,0.0430640762441075,0.179583201019819,0.238326162221477,14
GJ03,Post,FLAT,88,6.88178982441627,0.289839840803868,0.776450722173569,3.26398093827423,0.0427091494631197,0.179580062924905,0.235608551154208,14
GJ03,Post,FLAT,89,6.19845340117433,0.324887734242011,0.693771649146297,2.93987963370127,0.0422913143518233,0.179248499205024,0.233683551188051,14
GJ03,Post,FLAT,90,5.43981563674148,0.353344930382536,0.604793485817631,2.58006347172283,0.0418229243291394,0.178445326387292,0.233037704503151,14
GJ03,Post,FLAT,91,4.63162240514225,0.370688783798838,0.512633304573483,2.19674352594028,0.0412985584328535,0.176985915992079,0.233601895584434,14
GJ03,Post,FLAT,92,3.80467950904255,0.373196588571807,0.420866580674649,1.80453075589398,0.0407334833480877,0.17464362485652,0.235561025080647,14
GJ03,Post,FLAT,93,2.99572126275404,0.359090093032828,0.333157037568413,1.42084796942217,0.0401360250184849,0.171139976958727,0.23745848075759,14
GJ03,Post,FLAT,94,2.24200940305682,0.329219460257585,0.252868474790694,1.06336812685641,0.0395175349364978,0.166115141781218,0.241495676276794,14
GJ03,Post,FLAT,95,1.57601057771323,0.285996939223382,0.182688444810856,0.747489914022602,0.038897596711061,0.159046518845533,0.249016213420484,14
GJ03,Post,FLAT,96,1.02169309945791,0.234016203351649,0.124400865836866,0.484581320627556,0.0382915974778785,0.14899241099781,0.26238110368077,14
GJ03,Post,FLAT,97,0.590616018600288,0.179382965324505,0.0788047915867308,0.280124716932091,0.0377160435131168,0.133821935330142,0.287618375440365,14
GJ03,Post,FLAT,98,0.28095160385859,0.128259003796623,0.0458672993799876,0.133253223793389,0.0371932063237709,0.107712376825261,0.347694139205539,14
GJ03,Post,FLAT,99,0.079210875818346,0.0863519863088773,0.0251099429722769,0.0375691201521136,0.0367409722286251,0.0545559367286008,0.33002421992176,14
GJ03,Post,FLAT,100,-0.0366377009125488,0.057442047729111,0.0156527303718542,-0.0173769848327059,0.0363599988644791,-0.0407376929064888,-0.339243122451994,14
GP04,Post,FLAT,0,0.0831370154597888,0.0339144055269636,0.0243199336246627,0.0707213169888009,0.038994747141909,0.11166544169856,0.361933379953603,13
GP04,Post,FLAT,1,0.169108819151999,0.0434608653363595,0.0536991312450372,0.143854074369977,0.0389454954525936,0.104055522746938,0.391912191380869,13
GP04,Post,FLAT,2,0.275312343201731,0.0517146015641277,0.0957336004119131,0.234197142955132,0.0388645179149836,0.095194691061606,0.416357165605201,13
GP04,Post,FLAT,3,0.396351253509984,0.0583439562436913,0.148742095304474,0.337160078255946,0.0387436989217137,0.0880652782939906,0.435041762489162,13
GP04,Post,FLAT,4,0.525590512478108,0.0634386197244975,0.210918297729448,0.447098720512152,0.0385940642970427,0.0820875955251208,0.455886833001312,13
GP04,Post,FLAT,5,0.656362940604784,0.0676216375086478,0.279847659447093,0.558341568138972,0.038422574167182,0.0769323677009853,0.479016398532588,13
GP04,Post,FLAT,6,0.782621234351819,0.0712262689200923,0.352710356960785,0.66574442311478,0.0382441785954277,0.0724432619072777,0.517108133011309,13
GP04,Post,FLAT,7,0.899745057703809,0.074762089821355,0.426641228226898,0.765376951326269,0.0380700041990526,0.0685330893599419,0.55283241859699,13
GP04,Post,FLAT,8,1.00440145617727,0.077950161674662,0.499120420375922,0.854403942377297,0.037926055238592,0.0651415592989744,0.584544514182044,13
GP04,Post,FLAT,9,1.09581710350463,0.0806716722765154,0.568308959155145,0.932167558699342,0.0378139041144109,0.0622271871768676,0.608167286272674,13
GP04,Post,FLAT,10,1.174916520974,0.08275687737938,0.633256708476629,0.999454253386933,0.0377538859181671,0.0597740884710417,0.631622943287751,13
GP04,Post,FLAT,11,1.2455288874645,0.0846063772443526,0.693950114502775,1.05952135498165,0.0377446438110767,0.0577995905195032,0.661671530620396,13
GP04,Post,FLAT,12,1.31327365899764,0.0864438898144146,0.75119098887447,1.11714910882189,0.0377907995204255,0.0563526932844346,0.678722281959758,13
GP04,Post,FLAT,13,1.38539799708502,0.0878811356774823,0.806340196592874,1.17850238387363,0.0378831420428776,0.0554974356364026,0.688389393727616,13
GP04,Post,FLAT,14,1.46903201758669,0.0890437298077078,0.860954716666582,1.24964648307222,0.0380159306753371,0.0552845296824562,0.689579234188012,13
GP04,Post,FLAT,15,1.5694284034117,0.0893727058436046,0.916366430954938,1.33504965261341,0.0381902775038003,0.0557214489021716,0.682710858449148,13
GP04,Post,FLAT,16,1.69004882726439,0.0882799282260768,0.973288876586787,1.43765659830941,0.0383802644856233,0.0567535571983373,0.669208333250583,13
GP04,Post,FLAT,17,1.82981270369355,0.0857065435303204,1.03155435672789,1.55654810955581,0.0385834816245353,0.0582650311107608,0.651603717997501,13
GP04,Post,FLAT,18,1.98373595038455,0.0822516208984514,1.09005502110098,1.68748442788497,0.0388006717709746,0.0600985915793878,0.634999756356518,13
GP04,Post,FLAT,19,2.14451222693247,0.0778667949405664,1.1468976066964,1.82425034322534,0.0390179114675242,0.0620851862714262,0.627458366452127,13
GP04,Post,FLAT,20,2.30265612837042,0.073376005719678,1.19971610562109,1.95877700287971,0.0392327788960865,0.0640725897030868,0.617595966425486,13
GP04,Post,FLAT,21,2.44843344311159,0.0689795983367866,1.24605441176832,2.08278390436119,0.0394447022538119,0.0659449455658656,0.600022444322577,13
GP04,Post,FLAT,22,2.57403614226815,0.0663898186359716,1.28372663888166,2.18962907137344,0.039644840414319,0.0676309450357291,0.586694602671206,13
GP04,Post,FLAT,23,2.67359865662128,0.06543390208061,1.31109262690719,2.27432289997467,0.0398319559006356,0.0691024154495336,0.576700695103768,13
GP04,Post,FLAT,24,2.7444360175925,0.0680830172695396,1.32721569266733,2.33458139532947,0.0400013397864559,0.0703666718367993,0.567922164619641,13
GP04,Post,FLAT,25,2.78581446105816,0.0745304071593369,1.33189769826699,2.36978037379477,0.0401600260689855,0.0714556255704199,0.562573986662837,13
GP04,Post,FLAT,26,2.80038122248029,0.083942727688354,1.325604087051,2.38217173216068,0.0402976545535063,0.0724140159274727,0.557847354764888,13
GP04,Post,FLAT,27,2.79109188206239,0.0956428599518647,1.30933846592564,2.37426966369361,0.0404204931992297,0.0732888005138621,0.554005384936531,13
GP04,Post,FLAT,28,2.76047488050061,0.10878970999936,1.28444410509554,2.34822501125183,0.0405498003896076,0.0741204369487029,0.545996821475144,13
GP04,Post,FLAT,29,2.71594316285319,0.121694511636065,1.25243417021674,2.31034366920001,0.0406339395727851,0.0749375103230932,0.538422020287059,13
GP04,Post,FLAT,30,2.65658708431605,0.134078321428795,1.21483821860973,2.25985183927058,0.0407382810011197,0.0757547744947242,0.532270751417165,13
GP04,Post,FLAT,31,2.58833635259128,0.14471207736592,1.17309166749887,2.20179368543463,0.0408167937483885,0.0765746652683299,0.527716579303196,13
GP04,Post,FLAT,32,2.51256972476323,0.152923465194024,1.12847070239007,2.13734206091858,0.0408834446258334,0.0773914663464436,0.524593849688901,13
GP04,Post,FLAT,33,2.43123549091587,0.16009227416799,1.08207112234404,2.06815429777663,0.0409400848935958,0.0781967732096293,0.520675626942304,13
GP04,Post,FLAT,34,2.34624569929227,0.164754226492962,1.03481665146952,1.99585689858587,0.040983196105364,0.078984628297058,0.514902537779541,13
GP04,Post,FLAT,35,2.25874963661694,0.166938007592813,0.987487962954181,1.92142751536214,0.041023068626357,0.0797551074706236,0.509508069421113,13
GP04,Post,FLAT,36,2.17089727802409,0.166902527594224,0.940757089270598,1.84669504552427,0.0410529874745056,0.0805153138107453,0.504378988415485,13
GP04,Post,FLAT,37,2.08417794322459,0.16492085906923,0.895218414173089,1.77292639348047,0.0410776200930711,0.0812780013479416,0.501691902413339,13
GP04,Post,FLAT,38,2.00022443556356,0.161254750594729,0.851408390294592,1.70151051939862,0.0410978840488639,0.0820586121869362,0.498679644924939,13
GP04,Post,FLAT,39,1.92042501652791,0.156155971756505,0.809813298107472,1.63362836151827,0.0411165491279637,0.0828719800923345,0.495510229335647,13
GP04,Post,FLAT,40,1.84623692001121,0.149929760342126,0.770867136200118,1.57051953013267,0.0411309163901239,0.0837301247486753,0.491829440666221,13
GP04,Post,FLAT,41,1.77857468165285,0.142903189340752,0.734944471410722,1.51296198394643,0.0411458291588925,0.0846420172979563,0.487285198749352,13
GP04,Post,FLAT,42,1.71838467186336,0.135428240217859,0.702351213665894,1.46176076222419,0.0411622198088284,0.0856155269402905,0.481977766146139,13
GP04,Post,FLAT,43,1.666524137857,0.127891578093342,0.673319680345569,1.41764509071026,0.0411808720414315,0.0866608540206912,0.476614433320729,13
GP04,Post,FLAT,44,1.62377936187726,0.120585438180322,0.648006673582275,1.38128382810106,0.0412030943383807,0.0877943019578727,0.471081263232907,13
GP04,Post,FLAT,45,1.59095318668209,0.113972295028074,0.626495942540991,1.35335992045694,0.0412300012002226,0.08904096721561,0.465262536780093,13
GP04,Post,FLAT,46,1.56895443126945,0.108396639247526,0.60880292736139,1.33464646356542,0.0412594761640513,0.0904350215330807,0.459058010709062,13
GP04,Post,FLAT,47,1.55855763675164,0.104369339173763,0.594881488154632,1.32580232841461,0.0412921867505598,0.0920173233378579,0.452131274674878,13
GP04,Post,FLAT,48,1.56040564241391,0.102238623465868,0.584630096405712,1.32737435254268,0.041329918663151,0.0938308590406803,0.444361626551951,13
GP04,Post,FLAT,49,1.57520485318342,0.102233004121238,0.57789937570366,1.33996344622407,0.0413693289158249,0.0959153238530501,0.435457204483237,13
GP04,Post,FLAT,50,1.60336041462374,0.104070264421054,0.574500261946454,1.36391425050308,0.0414102216249044,0.0983021670187286,0.422519634159533,13
GP04,Post,FLAT,51,1.64503862195613,0.107474767613863,0.574217181430723,1.39936822603945,0.0414547446225378,0.101011497022535,0.408541883464156,13
GP04,Post,FLAT,52,1.70049093362505,0.111608393689921,0.576818011573856,1.44653927842341,0.0414978133784222,0.104049986974543,0.397430161526747,13
GP04,Post,FLAT,53,1.76954241978454,0.116155954241795,0.582080094748376,1.50527860186707,0.0415436473224027,0.107411644406263,0.387199153895727,13
GP04,Post,FLAT,54,1.85201867047855,0.120485099935112,0.58981039037222,1.57543783283201,0.0415941481931122,0.1110782992235,0.374527587332649,13
GP04,Post,FLAT,55,1.94800581986784,0.124511731298564,0.599866306139206,1.65709024218624,0.0416457938433573,0.115020146762637,0.360818194986857,13
GP04,Post,FLAT,56,2.05756289920304,0.127988001654612,0.612170414837364,1.75028604544164,0.0416965055969955,0.119195604777094,0.347460432270425,13
GP04,Post,FLAT,57,2.17980975379273,0.131602119597899,0.626716751172697,1.85427653038397,0.0417641718643148,0.123550498443477,0.334387244161603,13
GP04,Post,FLAT,58,2.31579998926289,0.133931377527595,0.643565616627566,1.96995795696487,0.0418248069904531,0.128016981870103,0.322154411872641,13
GP04,Post,FLAT,59,2.46457866213069,0.137634437410393,0.662827739291351,2.09651799315171,0.0418955785550742,0.132513098398045,0.312395860851167,13
GP04,Post,FLAT,60,2.62571515689885,0.14083350619308,0.684638009885559,2.23359033165146,0.0419734343202128,0.136944115925253,0.30414672707159,13
GP04,Post,FLAT,61,2.79867992050802,0.144360440317349,0.70912231168805,2.38072450296429,0.042053745161778,0.14120650012802,0.294639639870848,13
GP04,Post,FLAT,62,2.9819709177501,0.147085431546123,0.736359310123705,2.53664278611964,0.0421381404492454,0.145194946456629,0.28743443467203,13
GP04,Post,FLAT,63,3.17284008364637,0.149147196668778,0.766343436748521,2.69900751271085,0.0422380203816061,0.148812014193345,0.281437499301622,13
GP04,Post,FLAT,64,3.37010375927483,0.15027291177123,0.798950939214113,2.86681179167542,0.0423354626083854,0.151979109368952,0.275069473264847,13
GP04,Post,FLAT,65,3.56983630066335,0.149942640155526,0.833917266861802,3.03671623549502,0.0424439960055022,0.154646533545975,0.269854024175622,13
GP04,Post,FLAT,66,3.77015148141659,0.148271711545637,0.870831332990519,3.20711630720039,0.0425492536140543,0.156800039674396,0.265869353355499,13
GP04,Post,FLAT,67,3.96709877378019,0.144209826046803,0.90914842601751,3.37465145163999,0.0426617852515911,0.1584623885706,0.263639547650641,13
GP04,Post,FLAT,68,4.15815044851764,0.139515406697097,0.948221528385508,3.53717143116563,0.0427798558868742,0.159689732651047,0.262485427576925,13
GP04,Post,FLAT,69,4.34132457913577,0.132157567697868,0.987347235642486,3.69299030058197,0.0429004066156177,0.160563498284177,0.262019541129343,13
GP04,Post,FLAT,70,4.51558005764701,0.124293509655594,1.02581579779005,3.84122243117594,0.0430192285093279,0.161179525945527,0.261997789889224,13
GP04,Post,FLAT,71,4.6797119363406,0.114962827377968,1.06295520244597,3.98084282236826,0.0431389683635198,0.161636863580911,0.262215709672304,13
GP04,Post,FLAT,72,4.83391558026332,0.104906379048633,1.09815723440436,4.11201766335063,0.0432540475783776,0.162027583882244,0.262603036381908,13
GP04,Post,FLAT,73,4.97739138356543,0.0949484537462396,1.13088207791993,4.23406676157041,0.0433698506347351,0.1624288624186,0.263412394474411,13
GP04,Post,FLAT,74,5.11086372326983,0.0848874739277473,1.16063942548425,4.34760631544143,0.0434767604147713,0.162897445796571,0.264127814380671,13
GP04,Post,FLAT,75,5.23431817962958,0.0757724996966236,1.18695055361516,4.45262405866461,0.0435677989335005,0.163466471830633,0.264468268546978,13
GP04,Post,FLAT,76,5.34457135868057,0.0689014769891485,1.2092938841865,4.5464120059654,0.0436544445333139,0.164144425328074,0.264398439489002,13
GP04,Post,FLAT,77,5.44137594616387,0.0635375055718021,1.2270565317319,4.62875977704564,0.0437134300950592,0.164915764794561,0.264058872120637,13
GP04,Post,FLAT,78,5.51844847251244,0.0598116075602574,1.23947548179688,4.69432227693669,0.0437587049742571,0.165743953126968,0.263718143935914,13
GP04,Post,FLAT,79,5.56934425731897,0.0575148914678798,1.24559976933754,4.73761727508871,0.0437923579230176,0.166576159045718,0.262931164674171,13
GP04,Post,FLAT,80,5.59002937089229,0.0593692213052462,1.24427366132036,4.75521326967521,0.0437865528158786,0.167349591945978,0.261766916966149,13
GP04,Post,FLAT,81,5.56889400527238,0.0638176005629717,1.23415452375587,4.73723426377257,0.0437643018639055,0.16799839848533,0.260635231562445,13
GP04,Post,FLAT,82,5.49767734614699,0.0692914805195839,1.21378059356754,4.67665311472559,0.0437185822789012,0.16845948859235,0.259460038971202,13
GP04,Post,FLAT,83,5.36940526847711,0.0798288751604216,1.18169894503306,4.56753721471964,0.0436349954570101,0.168675527823608,0.259330232769239,13
GP04,Post,FLAT,84,5.17492288866912,0.0945860526934666,1.13665215812439,4.40209887230296,0.043526579698392,0.168593234854364,0.258125442673003,13
GP04,Post,FLAT,85,4.90920095255545,0.109525984034505,1.07781271188205,4.17605990312849,0.0433923768189795,0.168155757372579,0.258245770885389,13
GP04,Post,FLAT,86,4.5720082775343,0.126402380387821,1.0050380780207,3.88922364945029,0.0432195210602449,0.167288910229641,0.25792410498278,13
GP04,Post,FLAT,87,4.16716846624845,0.146161967507753,0.919103498181737,3.54484269632983,0.0429949229153683,0.165880855350811,0.257721597046433,13
GP04,Post,FLAT,88,3.70086976991728,0.164138524830134,0.821861960694499,3.14818114031508,0.0427296054755705,0.163754619005116,0.258179546897719,13
GP04,Post,FLAT,89,3.18647668958896,0.179722384960665,0.716274828837859,2.71060762520207,0.0424193683283322,0.160630911108482,0.260714473086535,13
GP04,Post,FLAT,90,2.64327741382441,0.190375838930438,0.606275379634546,2.24852983762485,0.042047282637367,0.15607614561122,0.265102111282689,13
GP04,Post,FLAT,91,2.09252678490398,0.193181602673047,0.496455527381601,1.78002841747823,0.0416280169147177,0.149423570781884,0.273446774724579,13
GP04,Post,FLAT,92,1.55985233431024,0.187066167251003,0.391614143703482,1.32690367558157,0.041155820420983,0.139644700717538,0.288671435589289,13
GP04,Post,FLAT,93,1.07043236409921,0.171443438308467,0.29623083547644,0.910573781339882,0.04064263980819,0.125131963702884,0.317995822533348,13
GP04,Post,FLAT,94,0.647290289766056,0.14693501607303,0.213979003721452,0.550623828786099,0.0400974294689891,0.103328570886376,0.386052460478197,13
GP04,Post,FLAT,95,0.308166164724025,0.116190627535913,0.147386908250369,0.262144568218376,0.0395106517633608,0.0702320968368371,0.620237222595279,13
GP04,Post,FLAT,96,0.0621449928109318,0.0832023025291223,0.0976685558391838,0.0528642471893208,0.0389060724562672,0.0206336758415049,1.55847451443369,13
GP04,Post,FLAT,97,-0.0909923134128975,0.053050295755057,0.0645609097027207,-0.0774035031788017,0.0383045644347814,-0.0466035403621532,-0.738002426806141,13
GP04,Post,FLAT,98,-0.160914776928109,0.0334794132048603,0.0456113772649447,-0.136883732046158,0.037719181480177,-0.113517689465162,-0.343346131898962,13
GP04,Post,FLAT,99,-0.165338097418357,0.0312743788992834,0.0355632140911512,-0.140646472972132,0.0371656590403264,-0.147071100027537,-0.245733166438447,13
GP04,Post,FLAT,100,-0.126846220811745,0.0364273547307048,0.0287252736687338,-0.107902980895408,0.0366577202637105,-0.138090532487171,-0.251172982893988,13
OJ08,Post,FLAT,0,0.208605358560718,0.0534494884816358,0.0232657109316964,0.0959935696944701,0.0535824790580474,0.220547418758533,0.240916626111296,13
OJ08,Post,FLAT,1,0.261460904265145,0.0667058239394393,0.0525654223364135,0.120316015413621,0.0535568016511092,0.123708207462702,0.41249646840681,13
OJ08,Post,FLAT,2,0.298837142795651,0.0765744650645676,0.0966608266679723,0.137515374926962,0.0534796779478234,0.0780502747714013,0.627833689346187,13
OJ08,Post,FLAT,3,0.314873242954656,0.0816580936676552,0.154335169133333,0.144894679604761,0.0533515781348068,0.0518144075527782,0.936724114692358,13
OJ08,Post,FLAT,4,0.308931810365254,0.0818623249823232,0.2242192106011,0.142160620770938,0.0531848319421879,0.0350334431213656,1.39313420421336,13
OJ08,Post,FLAT,5,0.286687545400239,0.078909999432844,0.304048711346874,0.131924515553152,0.052977690352342,0.0239297694345488,2.09139721563456,13
OJ08,Post,FLAT,6,0.258874591647223,0.0761878370011153,0.390686193296994,0.119125876376671,0.0527480473698587,0.0167404967218354,3.06554101988757,13
OJ08,Post,FLAT,7,0.238560370831486,0.0771130394652165,0.480405538611668,0.109777916261367,0.0525166036099052,0.0124532439348377,4.26578295894665,13
OJ08,Post,FLAT,8,0.237687209431403,0.08260943919618,0.569289919164806,0.109376115079021,0.0522997557575502,0.0103620639883455,5.10545609112268,13
OJ08,Post,FLAT,9,0.264124048536226,0.0913843581080779,0.653696843984571,0.121541509940494,0.0521118873674913,0.00990833279033175,5.15573816247328,13
OJ08,Post,FLAT,10,0.320295716268788,0.1023367911893,0.730668584092796,0.147389929839884,0.0519707682081624,0.0106342657267582,4.71543458191784,13
OJ08,Post,FLAT,11,0.40392374212478,0.115850844688524,0.798234590328886,0.185872894917128,0.0518795599662571,0.0121747910444989,4.0555546554774,13
OJ08,Post,FLAT,12,0.509949002941649,0.132072569650702,0.855560407038483,0.23466235715252,0.0518429032999899,0.0142617131508914,3.55177014474752,13
OJ08,Post,FLAT,13,0.632906626174743,0.149438053556323,0.902954244887859,0.291243555529823,0.051862556025412,0.0167216813638905,3.11519952429521,13
OJ08,Post,FLAT,14,0.768842425414579,0.165322809366551,0.941691351001179,0.353796898877926,0.0519316467231399,0.0194631609131955,2.7592405246255,13
OJ08,Post,FLAT,15,0.916026106973131,0.178059984592401,0.973700674222663,0.421526160921149,0.052034607919423,0.0224498223271175,2.33166398910452,13
OJ08,Post,FLAT,16,1.07396193438531,0.18833447556032,1.00115776456321,0.494203219461483,0.0521721372209894,0.0256652113747389,1.94284551935152,13
OJ08,Post,FLAT,17,1.2427013650426,0.199930628446737,1.02604371958981,0.571851753558423,0.0523298129469605,0.0290805470308844,1.78462446245511,13
OJ08,Post,FLAT,18,1.42091610016844,0.217161745883262,1.04978604650477,0.653860522244505,0.0525065319489831,0.0326345429039743,1.59852298122269,13
OJ08,Post,FLAT,19,1.60536395592349,0.243221586267917,1.07303332830535,0.738737575348893,0.0527016325325596,0.0362316152084349,1.42072460249799,13
OJ08,Post,FLAT,20,1.79112339898372,0.276701085920624,1.0956011157871,0.824218179331643,0.0528956829191968,0.0397569432671676,1.3242696942046,13
OJ08,Post,FLAT,21,1.97107709897827,0.314254727114124,1.11659241652391,0.907027164495736,0.0530921907500065,0.0430987966043219,1.2429114410293,13
OJ08,Post,FLAT,22,2.13846962911383,0.352862649776337,1.13463740003125,0.984055897692082,0.0532703336177533,0.0461679287478681,1.1740853445897,13
OJ08,Post,FLAT,23,2.28430157197733,0.386128612985063,1.14820604974142,1.0511631324608,0.0534640681891986,0.048908733821717,1.11785796903472,13
OJ08,Post,FLAT,24,2.4053429867061,0.416035084528857,1.15591921806651,1.10686255246061,0.0536253740471389,0.0513006676520193,1.072171050353,13
OJ08,Post,FLAT,25,2.49555931456143,0.441048836925577,1.15678815812551,1.14837724515743,0.0538096229704499,0.0533532342060803,1.03494859840273,13
OJ08,Post,FLAT,26,2.5563114183962,0.46244525920136,1.15036145069609,1.17633343647383,0.0539668247073435,0.0550991495677651,1.00507628826621,13
OJ08,Post,FLAT,27,2.58866175601176,0.479842105173669,1.13677947675522,1.19122003579211,0.0541052936854418,0.0565887726877531,0.981034269002062,13
OJ08,Post,FLAT,28,2.59567181040616,0.494532482460336,1.11670117267273,1.19444584048722,0.0542392644531783,0.0578842348889261,0.96078492677406,13
OJ08,Post,FLAT,29,2.58306748325467,0.508458499317804,1.09119012276701,1.18864572890228,0.0543605903485691,0.0590566138494013,0.944498427049442,13
OJ08,Post,FLAT,30,2.55664669343278,0.523653931245447,1.06156697099341,1.17648771941178,0.0544832414972203,0.0601834623073391,0.930032359998515,13
OJ08,Post,FLAT,31,2.52322543491102,0.536367630608441,1.02925246205972,1.16110831625876,0.0545854478105713,0.0613457327690754,0.914452945832955,13
OJ08,Post,FLAT,32,2.4888260390519,0.549692338973357,0.995630435414365,1.14527880532657,0.0546786805262171,0.0626234400943964,0.89889018607581,13
OJ08,Post,FLAT,33,2.45877120274671,0.5623047942914,0.96196017618398,1.13144852290514,0.0547581098192839,0.0640901264153945,0.890584333696437,13
OJ08,Post,FLAT,34,2.43681562950632,0.573502871874272,0.929318141804549,1.12134526446263,0.0548319524152045,0.0658060899347133,0.888877635593841,13
OJ08,Post,FLAT,35,2.42603691485411,0.583349757640813,0.898569263312042,1.11638524184708,0.0548982190561606,0.0678118343962209,0.875192921436233,13
OJ08,Post,FLAT,36,2.42782437943335,0.591421811775178,0.870365513588483,1.11720777635362,0.0549633526390384,0.0701234230838652,0.848751572558597,13
OJ08,Post,FLAT,37,2.4429279602681,0.59700431395999,0.845161763356217,1.12415796521502,0.0550216390958737,0.0727310041276016,0.820067598462114,13
OJ08,Post,FLAT,38,2.47082254845634,0.599805755594352,0.823233256763775,1.13699416996939,0.055079008379754,0.0756011214274637,0.789215983688088,13
OJ08,Post,FLAT,39,2.51077652183989,0.599419816448257,0.804703543226858,1.15537972130435,0.0551323477621786,0.0786836323789276,0.757235313787984,13
OJ08,Post,FLAT,40,2.56147859777147,0.595278692337384,0.789568038438277,1.17871120853542,0.0551859928839303,0.0819208634434591,0.724979413679179,13
OJ08,Post,FLAT,41,2.62181637412192,0.587350555617217,0.777720223065142,1.20647673948472,0.05524206741703,0.0852581667741233,0.693557264213835,13
OJ08,Post,FLAT,42,2.69111744284263,0.575461135576115,0.768980351771443,1.23836689329496,0.0552980254955364,0.0886527486431413,0.663470916057477,13
OJ08,Post,FLAT,43,2.76910082651064,0.559599215236425,0.76312114546373,1.27425237306784,0.0553510458787614,0.0920786602684444,0.635363900562476,13
OJ08,Post,FLAT,44,2.85505210288647,0.540285484658154,0.75988938676172,1.31380442434802,0.0554161038618732,0.0955274347566027,0.609422243582747,13
OJ08,Post,FLAT,45,2.94990453379927,0.517815966843872,0.759020351541417,1.35745250462908,0.0554784352744946,0.0990050393266855,0.585607785324355,13
OJ08,Post,FLAT,46,3.05392226864826,0.493072508184915,0.760253277958693,1.40531816708655,0.0555411377378189,0.102525332157033,0.563886997418447,13
OJ08,Post,FLAT,47,3.16735821871385,0.467021730754131,0.763335907701388,1.45751779347012,0.0556053431709251,0.106102784421599,0.543858309749979,13
OJ08,Post,FLAT,48,3.28979455133357,0.440363058466236,0.7680260557569,1.51385911044087,0.0556784536597534,0.109745621095133,0.5252714026464,13
OJ08,Post,FLAT,49,3.42128573090431,0.413776745021448,0.774095056491587,1.57436718078681,0.0557521486901956,0.113450877164563,0.507858899662185,13
OJ08,Post,FLAT,50,3.56058588375451,0.388061055218873,0.781329143115388,1.63846869295954,0.055832907893914,0.117202046448693,0.491454920682991,13
OJ08,Post,FLAT,51,3.7070446095892,0.363307117945563,0.789533722474593,1.70586435337199,0.0559098014324841,0.120969592261298,0.47592009169188,13
OJ08,Post,FLAT,52,3.85833977415351,0.340278286991473,0.798533833840702,1.77548558949096,0.0559937639911834,0.124714117626505,0.461119347205281,13
OJ08,Post,FLAT,53,4.01346373104062,0.319065873519305,0.808183156489978,1.84686871439948,0.0560724399304499,0.128390371882014,0.447199698785418,13
OJ08,Post,FLAT,54,4.16973169950979,0.299854252010061,0.818366460783656,1.91877827715355,0.0561577853767771,0.131951678297487,0.434120120129452,13
OJ08,Post,FLAT,55,4.32608940833313,0.283402632261866,0.82900234639782,1.99072913557234,0.0562408191872951,0.135353911375755,0.423684238596502,13
OJ08,Post,FLAT,56,4.48080871344783,0.269147141959316,0.840043777361696,2.06192605256948,0.0563244297968931,0.138558642872421,0.417014970631406,13
OJ08,Post,FLAT,57,4.63311045154266,0.258274885692637,0.851470318396823,2.13201048190181,0.0564042659175399,0.141535099984027,0.407795513233371,13
OJ08,Post,FLAT,58,4.78143860909213,0.249588342177159,0.863277898594516,2.20026639549683,0.0564877618479503,0.144261563897738,0.398677092482685,13
OJ08,Post,FLAT,59,4.92606388443829,0.243612171484901,0.875465560899284,2.26681836014582,0.0565646826751154,0.146726527289213,0.390696829210326,13
OJ08,Post,FLAT,60,5.06603633954585,0.239064499072072,0.888022943457623,2.33122924449404,0.0566410229769421,0.14892812490181,0.383839580651634,13
OJ08,Post,FLAT,61,5.20116026456696,0.235174592711872,0.900917797321393,2.39340898907682,0.0567158085687846,0.150873845229211,0.377985988380435,13
OJ08,Post,FLAT,62,5.33223079484458,0.232767231152073,0.914087257397703,2.45372348995976,0.0567794816936856,0.152579917976488,0.372872917651626,13
OJ08,Post,FLAT,63,5.45803325418735,0.229267198429198,0.927433829510418,2.51161379168536,0.0568433184789187,0.154070178371893,0.368539535628344,13
OJ08,Post,FLAT,64,5.57941213157767,0.225347600132501,0.940825386396112,2.56746850129874,0.0568986120029436,0.155374820829318,0.365009406757072,13
OJ08,Post,FLAT,65,5.69636410847133,0.221238638154441,0.954099107135934,2.62128609171111,0.0569460126528782,0.156528825309313,0.361729029727591,13
OJ08,Post,FLAT,66,5.80856437473608,0.215432528159922,0.967069318071178,2.67291709560159,0.0569890804334044,0.157570521831144,0.358974523098373,13
OJ08,Post,FLAT,67,5.91669874316676,0.210161162852295,0.979539103745983,2.72267710226651,0.0570232578869796,0.158539529729625,0.357232351395845,13
OJ08,Post,FLAT,68,6.02009057635749,0.203602053521307,0.991314470884405,2.77025474463251,0.0570562595133982,0.159474736941781,0.355849724037649,13
OJ08,Post,FLAT,69,6.11966968178122,0.197003300610529,1.00222145815517,2.81607789060804,0.0570817060345832,0.160411782423472,0.35439977824714,13
OJ08,Post,FLAT,70,6.21579117335355,0.190774080082407,1.01212102667074,2.86030995235395,0.0570987168685817,0.161379699855218,0.352635508292128,13
OJ08,Post,FLAT,71,6.30734128547006,0.184236112192354,1.02091990096052,2.90243841026427,0.0571185384527434,0.162397531859341,0.350753895257184,13
OJ08,Post,FLAT,72,6.39608382587566,0.178480007969752,1.02856967581386,2.9432749127207,0.0571242893745682,0.163470835572222,0.348628720308409,13
OJ08,Post,FLAT,73,6.48030612557358,0.173063357520307,1.03505638039912,2.98203134377148,0.0571262490954148,0.164588475869467,0.346364674032313,13
OJ08,Post,FLAT,74,6.55899358882045,0.168247567159716,1.04036873970003,3.01824081863533,0.0571217341453719,0.165720965022974,0.344098607541412,13
OJ08,Post,FLAT,75,6.63041589444439,0.164207552090683,1.04444817959102,3.05110709838938,0.0571055628742266,0.166821669216122,0.341752629267985,13
OJ08,Post,FLAT,76,6.69167360824495,0.160829794529459,1.04712424205976,3.07929595537565,0.0570718256429802,0.16783134213527,0.339587387759468,13
OJ08,Post,FLAT,77,6.73664307486111,0.158297413902806,1.04805086333474,3.09998947762036,0.057030939626537,0.168686959678163,0.337350685043005,13
OJ08,Post,FLAT,78,6.76030825644302,0.156075809072908,1.04664362211623,3.11087944359817,0.056972943750734,0.169333163168703,0.334682198587511,13
OJ08,Post,FLAT,79,6.75494360012217,0.154360885418849,1.04204263226184,3.10841079890958,0.0569024417594529,0.169734711481352,0.333890606854133,13
OJ08,Post,FLAT,80,6.71512218714039,0.154736846506001,1.03311895181722,3.09008624766712,0.0568008422669643,0.169887107945729,0.332402034351553,13
OJ08,Post,FLAT,81,6.63330583428586,0.158082892058935,1.01853565944163,3.0524369570445,0.0566680257921662,0.169821734539946,0.332245450910332,13
OJ08,Post,FLAT,82,6.50233871446584,0.166971238347355,0.996853069810658,2.99217004237429,0.0565060365349817,0.169602994371972,0.332965892342131,13
OJ08,Post,FLAT,83,6.31555870609741,0.179282828975162,0.966695714321311,2.90621980660587,0.0563220698032792,0.169317909479246,0.330966390954299,13
OJ08,Post,FLAT,84,6.0706332976962,0.197876223707565,0.926953203268638,2.79351290193417,0.0560990035021882,0.169057851467943,0.330130034605922,13
OJ08,Post,FLAT,85,5.76630220353893,0.220687931342125,0.876989390880806,2.6534693848417,0.0558220633498431,0.168895436961175,0.330203131313187,13
OJ08,Post,FLAT,86,5.39982945779659,0.246788205785338,0.816822073765194,2.48483025063028,0.055508063785881,0.168859215790825,0.329837813059538,13
OJ08,Post,FLAT,87,4.97444728571181,0.272741609199706,0.74725543116241,2.28908286684043,0.0551374307216356,0.168909306756867,0.32673801318928,13
OJ08,Post,FLAT,88,4.49361484340608,0.296378846156032,0.669934817429992,2.06781902740553,0.0547213599091836,0.168917727827142,0.322763134982244,13
OJ08,Post,FLAT,89,3.96719643033506,0.315416247611531,0.587251890566681,1.8255779700701,0.0542459731381226,0.168659085327191,0.318986848378638,13
OJ08,Post,FLAT,90,3.40692197130576,0.324911317331261,0.502159399265076,1.56775743419347,0.0537384358977092,0.167814472606474,0.316487538950124,13
OJ08,Post,FLAT,91,2.83379005520018,0.324449884266727,0.417883824774047,1.30402030436901,0.0531791309040212,0.165995998778665,0.316329334483664,13
OJ08,Post,FLAT,92,2.27013165834584,0.309315859852554,0.337583968506746,1.04464258763331,0.0525914286663478,0.162796276666429,0.319557902668869,13
OJ08,Post,FLAT,93,1.74160723388051,0.28023456037602,0.264014367375729,0.801432410650374,0.0519945054167882,0.157875515309767,0.32720622861851,13
OJ08,Post,FLAT,94,1.27387003446487,0.23879551489331,0.199254987107861,0.586194586652996,0.0513565535695873,0.151100020873839,0.3400368848824,13
OJ08,Post,FLAT,95,0.883964478581429,0.189147828831606,0.144536995256439,0.406772416430731,0.0507373899256803,0.142755355910996,0.357234929253878,13
OJ08,Post,FLAT,96,0.581837821334466,0.137377953680004,0.100227399593224,0.267743311286473,0.0501390286936336,0.133857648560393,0.378790134382865,13
OJ08,Post,FLAT,97,0.366235339880522,0.090734814389863,0.0659219355881991,0.168529887563583,0.049571367451669,0.126653860744951,0.398819597710162,13
OJ08,Post,FLAT,98,0.225758927988086,0.0575143825825055,0.0406266836374645,0.103887098286909,0.0490482474389448,0.125495674410143,0.388680827594631,13
OJ08,Post,FLAT,99,0.142062107844399,0.0443561998040326,0.0229957130720559,0.065372476260409,0.0486007223023226,0.138656622585148,0.331878558490317,13
OJ08,Post,FLAT,100,0.0945586732462417,0.044938230302067,0.0115559948064717,0.0435129023199934,0.0482250491232787,0.18245475866969,0.258969288395892,13
RL10,Post,FLAT,0,0.198180899027279,0.0372333920455062,0.0317372988844826,0.128272767364903,0.0494026454470223,0.19874831649683,0.239044321103783,12
RL10,Post,FLAT,1,0.266256543310051,0.0395059154190528,0.0605955019083141,0.17233479011866,0.049417165522452,0.14089463896969,0.348781971286119,12
RL10,Post,FLAT,2,0.329125352015308,0.0411600512037929,0.107254025761732,0.213026683803369,0.0493555141034959,0.0989265500939317,0.51477877544642,12
RL10,Post,FLAT,3,0.379075408741532,0.0439394283699245,0.170285815624146,0.245356903505444,0.0492480867528712,0.0718423255623243,0.69678337822882,12
RL10,Post,FLAT,4,0.410655028313094,0.0485489816444588,0.247879093663251,0.26579684103049,0.0490948512982578,0.0533594348424565,0.922000042779258,12
RL10,Post,FLAT,5,0.421405494866146,0.0538933123721541,0.336999758287104,0.272755090296652,0.0489064826226876,0.0401324970775827,1.22047600837093,12
RL10,Post,FLAT,6,0.411908300099705,0.0580002919296315,0.433296358363264,0.266608022335641,0.0487008154512885,0.0303805768679567,1.59785535184752,12
RL10,Post,FLAT,7,0.385078699499068,0.0596950176631627,0.531504348452718,0.249242538915037,0.0484800239962119,0.0230483654940562,2.08332902991028,12
RL10,Post,FLAT,8,0.344651894673062,0.0589865090377193,0.626139171755283,0.223076252677538,0.0482682824340378,0.0174385677476594,2.73412896548429,12
RL10,Post,FLAT,9,0.294626127368153,0.0572339407673947,0.712360429690191,0.190697029234465,0.0480704559362245,0.0130570053594104,3.60497742006099,12
RL10,Post,FLAT,10,0.238806402438267,0.0563721281618789,0.786735277446331,0.154567661442473,0.0478978156076335,0.00955872945993824,4.98011619543548,12
RL10,Post,FLAT,11,0.181405040462462,0.0576601055598944,0.847730180044218,0.117414577632223,0.0477542574334282,0.0067308090087996,7.36411549626699,12
RL10,Post,FLAT,12,0.127754826164067,0.0608977354355639,0.895762690242621,0.0826894275720856,0.0476571328712391,0.00448967359651731,11.1961365309399,12
RL10,Post,FLAT,13,0.0849296141456412,0.0646230179589283,0.932887267560953,0.0549707700952315,0.0475885316177591,0.00287336502279426,15.841817480602,12
RL10,Post,FLAT,14,0.0611614413891589,0.0674488180030667,0.962208244968533,0.0395867986345842,0.0475618818976261,0.00200995879125863,21.2031815411881,12
RL10,Post,FLAT,15,0.0648635857334236,0.0691061371938221,0.987085099734031,0.0419830149326937,0.0475657983022294,0.0020656926505513,20.6715550077777,12
RL10,Post,FLAT,16,0.102718214905456,0.0710505923748542,1.01038976920661,0.0664844581358574,0.0476049466736357,0.00316813946554812,15.5002521908135,12
RL10,Post,FLAT,17,0.178024527144522,0.0758480986625717,1.03394125933951,0.11522653730879,0.0476735750225067,0.00534360617019581,8.60696803211906,12
RL10,Post,FLAT,18,0.289486923838186,0.0854809760837979,1.05824830163971,0.18737067506978,0.0477672302631398,0.00848234822458467,5.2718998574427,12
RL10,Post,FLAT,19,0.430923774024398,0.0994384991184319,1.08257628488919,0.278915805149462,0.0478882724484009,0.0123560695620402,3.6941712059083,12
RL10,Post,FLAT,20,0.5924896530493,0.115693510179064,1.10528220808175,0.383489467475087,0.0480180043979736,0.0166718211232931,2.8207084456625,12
RL10,Post,FLAT,21,0.761665895682879,0.132108478782823,1.12430689662545,0.492988944576654,0.0481851586862658,0.0211344557620722,2.25020262375549,12
RL10,Post,FLAT,22,0.926850130688276,0.147246855320542,1.13766500908363,0.599904591105638,0.0483459368157122,0.0254967748494685,1.85787480341674,12
RL10,Post,FLAT,23,1.07774129804958,0.160806864952852,1.14387652424223,0.697569036586284,0.0485150078809152,0.0295884656597886,1.5983546234926,12
RL10,Post,FLAT,24,1.20754509289015,0.172573844124764,1.14218648176151,0.781584661000092,0.0486897931150388,0.0333222211726741,1.4185813091088,12
RL10,Post,FLAT,25,1.3143996299835,0.183488129422148,1.13262734629445,0.850746357438723,0.0488338558004814,0.0366860789807214,1.29794057757252,12
RL10,Post,FLAT,26,1.39734733856708,0.193743004781053,1.11592703637725,0.904434337354128,0.0490123547822913,0.0397285738363114,1.19974799741697,12
RL10,Post,FLAT,27,1.46137648892613,0.203429019775029,1.09330683341534,0.945877263230897,0.0491636814443621,0.0425378316133803,1.11213834351735,12
RL10,Post,FLAT,28,1.51105000156574,0.213192638446634,1.06624596063447,0.978028489521079,0.0493028154562609,0.0452217654615336,1.04083109737691,12
RL10,Post,FLAT,29,1.55103913597268,0.223015004504913,1.03626715642624,1.00391149318128,0.0494447505787488,0.0478883226648603,0.979776779756033,12
RL10,Post,FLAT,30,1.58693247195118,0.233021376072468,1.00477636428889,1.02714348757892,0.0495550144009521,0.0506297608836889,0.925405800844874,12
RL10,Post,FLAT,31,1.62124887947551,0.242673278436108,0.972958266627602,1.0493548135986,0.0496600047731148,0.0535116634399805,0.879577575561254,12
RL10,Post,FLAT,32,1.65652027382268,0.251874199093583,0.941748633686741,1.072184255709,0.0497485051266336,0.0565686899279328,0.839917140550175,12
RL10,Post,FLAT,33,1.6936912690126,0.259992417492511,0.911845908319649,1.0962432161947,0.049823744901806,0.0598057898252579,0.80185027224531,12
RL10,Post,FLAT,34,1.73283005339664,0.266312741334876,0.883739374934935,1.12157583002823,0.0498920120456196,0.0632046527997642,0.765520699330751,12
RL10,Post,FLAT,35,1.77402063372684,0.270364363195637,0.857755743614428,1.14823647065633,0.0499489049166625,0.0667330583914894,0.73085686586616,12
RL10,Post,FLAT,36,1.81691531962233,0.271725030502031,0.834110125700889,1.17600009516338,0.050000885487437,0.0703549544364553,0.698020661668444,12
RL10,Post,FLAT,37,1.86144983405384,0.270100689871023,0.812919010554426,1.20482510018364,0.0500503738979484,0.0740376264020945,0.66710840247485,12
RL10,Post,FLAT,38,1.9081394422356,0.265450622466506,0.794248996063767,1.23504499159625,0.0500924164571878,0.0777586018221626,0.637755284450217,12
RL10,Post,FLAT,39,1.95745949843085,0.258246111779306,0.778112026665348,1.26696744288095,0.0501323003357689,0.0815079037324854,0.610087230256992,12
RL10,Post,FLAT,40,2.01017415559119,0.248649705681821,0.764481319616457,1.30108705273155,0.0501712573587538,0.0852871943043724,0.58388850268669,12
RL10,Post,FLAT,41,2.06728491961946,0.237432484285428,0.753290294127521,1.33805204675562,0.0502083192569256,0.0891071057998882,0.559470231293121,12
RL10,Post,FLAT,42,2.1299125535368,0.225730359288322,0.744445569146062,1.37858783983923,0.0502399490754827,0.0929819484546256,0.535466577454744,12
RL10,Post,FLAT,43,2.19809031501504,0.214035030966172,0.737826219305642,1.42271595804074,0.0502817998540142,0.0969237880490359,0.512941019485815,12
RL10,Post,FLAT,44,2.2730020394855,0.203455398529361,0.733294992961134,1.47120263992112,0.0503180439738574,0.100938174823561,0.492887579007346,12
RL10,Post,FLAT,45,2.35453630539174,0.194928269773123,0.730713046042738,1.5239757677765,0.0503564670114077,0.105021411680438,0.474009872043958,12
RL10,Post,FLAT,46,2.44248423971837,0.187810046531315,0.729932656919048,1.58090014835744,0.0503975781419426,0.109160080696356,0.456527883282884,12
RL10,Post,FLAT,47,2.53702662196949,0.183726478156184,0.730817963548895,1.64209279136263,0.0504337723335704,0.113332607215799,0.440313205746994,12
RL10,Post,FLAT,48,2.63678052219141,0.180000490705731,0.733244128921208,1.70665859412017,0.0504804426470625,0.117512164653398,0.425091393168086,12
RL10,Post,FLAT,49,2.74221208055453,0.177969682028484,0.737101701955592,1.77489926627985,0.050519928134549,0.121667856289451,0.411089227701863,12
RL10,Post,FLAT,50,2.85192491751576,0.176404718734337,0.742302691517443,1.84591099991082,0.0505662981973992,0.125765968101811,0.39895325476382,12
RL10,Post,FLAT,51,2.9655012184875,0.175052160907947,0.748777957500098,1.91942336414078,0.050614785537666,0.12977007737493,0.388348188533166,12
RL10,Post,FLAT,52,3.08263417377622,0.173800240617128,0.756481758678493,1.9952377761162,0.0506587828947179,0.133640731096968,0.379093227148894,12
RL10,Post,FLAT,53,3.20167455799209,0.173443100180803,0.765381869507125,2.07228677320169,0.050713781522341,0.137337346189877,0.370021617922059,12
RL10,Post,FLAT,54,3.32316736467459,0.173651196480857,0.775455291673739,2.15092310296194,0.0507577968901933,0.140819799582332,0.361661357184367,12
RL10,Post,FLAT,55,3.44527973209021,0.175072560708443,0.786686190273452,2.22996044397091,0.0508087439030645,0.144052664250531,0.354028035459801,12
RL10,Post,FLAT,56,3.5680277394908,0.178186320350374,0.799064710783262,2.30940920353897,0.0508569519793284,0.147008654811366,0.347088698840839,12
RL10,Post,FLAT,57,3.68990112434322,0.181117005804444,0.812592261445086,2.38829186286627,0.0509167705622251,0.149670301075182,0.340785843262597,12
RL10,Post,FLAT,58,3.81281502411098,0.184118794005012,0.827278812691327,2.46784799642006,0.0509600445386308,0.152034093422312,0.334650127610341,12
RL10,Post,FLAT,59,3.93434214007502,0.186448777865933,0.843152873949738,2.54650653289403,0.0510216738425613,0.154106927582806,0.329517855312131,12
RL10,Post,FLAT,60,4.05825839587541,0.187232015682372,0.860263419137756,2.62671144230272,0.0510582082229229,0.155905960517219,0.325444378766836,12
RL10,Post,FLAT,61,4.1814517494067,0.186988065759955,0.878671769528895,2.70644845255942,0.0511189452412916,0.157455339101319,0.322767766776463,12
RL10,Post,FLAT,62,4.30709806643147,0.183752685001942,0.898443785291213,2.78777314567102,0.0511733435769066,0.158783883244654,0.320597251008283,12
RL10,Post,FLAT,63,4.43585454906317,0.177810613661528,0.919621736496016,2.87111089630393,0.0512246465750932,0.159924369425512,0.318854231098291,12
RL10,Post,FLAT,64,4.56804841637392,0.172039988842871,0.94219429654134,2.95667349730053,0.0512791276030178,0.16091296514453,0.317607800646642,12
RL10,Post,FLAT,65,4.704095181289,0.162699722221511,0.966053816016609,3.04472988978009,0.0513353323347241,0.161790356005843,0.316458750305837,12
RL10,Post,FLAT,66,4.84483878157793,0.152811086742552,0.990963968056342,3.13582631323247,0.0513857068804308,0.16260152066031,0.315217108077543,12
RL10,Post,FLAT,67,4.98835350628043,0.140990307351424,1.01652824095442,3.22871634948499,0.0514443423539954,0.163395162954801,0.314652243573413,12
RL10,Post,FLAT,68,5.13453879121211,0.128237377923001,1.0421869693869,3.32333490827774,0.0514995298463141,0.164220436615962,0.314093886725879,12
RL10,Post,FLAT,69,5.28178862307071,0.114614654780667,1.06723600500498,3.41864249603836,0.0515478817456633,0.165122461449504,0.312809423970946,12
RL10,Post,FLAT,70,5.42652963285385,0.100573613290134,1.09086887949284,3.51232624642602,0.051597862312091,0.166136508918488,0.311100932709219,12
RL10,Post,FLAT,71,5.56619511723421,0.0886645043473361,1.11223431888077,3.60272485837481,0.051641196217568,0.167282578365374,0.308930216339476,12
RL10,Post,FLAT,72,5.69726605030051,0.0801402080279942,1.13050612191323,3.6875606391591,0.0516727784003584,0.168560583396203,0.306507584039688,12
RL10,Post,FLAT,73,5.81474156735102,0.077859602212826,1.14493328016821,3.7635967745468,0.0516960974376143,0.169947366056283,0.304054012434323,12
RL10,Post,FLAT,74,5.91417517089027,0.0827633623160989,1.15488612324634,3.82795526498481,0.0517055073071162,0.171396034638059,0.301668606313985,12
RL10,Post,FLAT,75,5.99070536092016,0.0926434205405839,1.15986804524183,3.87748950017236,0.0516965188576504,0.172837831049808,0.299296756693999,12
RL10,Post,FLAT,76,6.03760341259221,0.105739130230075,1.15949195775597,3.90784430682387,0.0516793421382055,0.17418751082878,0.297129585478391,12
RL10,Post,FLAT,77,6.05090297231774,0.119250576725467,1.15344150922397,3.91645245896719,0.05164056822027,0.175351803235145,0.294923912437946,12
RL10,Post,FLAT,78,6.02754929130599,0.131401606843631,1.14142856470132,3.90133676766577,0.0515622223330615,0.176241617782439,0.292948448973332,12
RL10,Post,FLAT,79,5.96168983305115,0.143647959265258,1.12312689285382,3.85870917333672,0.0514556880535457,0.176784992130348,0.290750856026624,12
RL10,Post,FLAT,80,5.8484864268489,0.152133952927987,1.09815272536991,3.78543816558588,0.0513316381265165,0.176940636659306,0.289796003753283,12
RL10,Post,FLAT,81,5.6898482605401,0.159411060815322,1.0660869081085,3.68275946798182,0.0511555370692441,0.176707521880404,0.289758756651716,12
RL10,Post,FLAT,82,5.48345335420896,0.164763374099798,1.02650272068774,3.54917017690957,0.0509420698779963,0.176125494901746,0.290178728582892,12
RL10,Post,FLAT,83,5.22908081367984,0.171009200589535,0.979087568338128,3.3845273184128,0.0507050990638106,0.175269074001526,0.290598367882793,12
RL10,Post,FLAT,84,4.93135856366478,0.177334903769607,0.923736871330663,3.1918263209757,0.0504254413186638,0.174228772622703,0.291418259963215,12
RL10,Post,FLAT,85,4.59433315237756,0.182831917395368,0.860696767507181,2.97368631661455,0.0500995797031258,0.17308718590956,0.291993993733357,12
RL10,Post,FLAT,86,4.22080667348924,0.187878026522175,0.790665133155195,2.73192096300962,0.0497488987421125,0.171890244862463,0.292374749984198,12
RL10,Post,FLAT,87,3.81745186207148,0.191316598515237,0.71483016778295,2.47084919401244,0.0493621813232908,0.17062223060153,0.292554238346403,12
RL10,Post,FLAT,88,3.39112798506902,0.192778622083151,0.634887084208158,2.19491067639923,0.0489394205853933,0.169190347316445,0.29271067570354,12
RL10,Post,FLAT,89,2.94928934072971,0.191336727964963,0.552942683649139,1.90893021149903,0.0484991514073373,0.167427083801595,0.293499264356411,12
RL10,Post,FLAT,90,2.50360024847781,0.184733259562705,0.471371273078849,1.62045754068107,0.0480354176429546,0.165119215231871,0.295282575987033,12
RL10,Post,FLAT,91,2.06778715753378,0.17393815447809,0.392598882663378,1.33837712070302,0.0475508372922074,0.162071707877519,0.29839124637134,12
RL10,Post,FLAT,92,1.65743577693174,0.15837478583226,0.318873681051348,1.07277681593002,0.0470438249276929,0.158213972497453,0.302819515154526,12
RL10,Post,FLAT,93,1.28754692738754,0.138846398593062,0.25204741447645,0.833365921230607,0.0465285292728021,0.153751980421303,0.308312393857332,12
RL10,Post,FLAT,94,0.971068176249586,0.116350116731556,0.193419809723729,0.62852476136148,0.0460061358804299,0.14936583251553,0.313217219934168,12
RL10,Post,FLAT,95,0.715859699761463,0.0934996911638603,0.143658236343982,0.463340842554016,0.0454641299722178,0.146447695115705,0.313860806050142,12
RL10,Post,FLAT,96,0.522043002939943,0.0720588386891092,0.102811480532282,0.337892809040964,0.0449149245865322,0.147381394819501,0.304412129498152,12
RL10,Post,FLAT,97,0.38273276453344,0.0548784002205309,0.0704196389620134,0.247724130372255,0.0443898998325255,0.155893802241674,0.291610367433268,12
RL10,Post,FLAT,98,0.285661490021056,0.0429898991547978,0.0456461448333566,0.184894659548087,0.0438965305388108,0.177589674523624,0.259455450821,12
RL10,Post,FLAT,99,0.216117371119538,0.0364880747139028,0.0274645052984168,0.13988216526011,0.0434405497691369,0.221275736768364,0.207011788047892,12
RL10,Post,FLAT,100,0.160245010498,0.0338661510407358,0.014758514818723,0.103718728968764,0.0430458671915331,0.303021821458805,0.148188309546313,12
SS11,Post,FLAT,0,0.118628142970818,0.0426973131181794,0.0237585624574442,0.107225154926636,0.0465441238767066,0.207094934031728,0.213171043038445,13
SS11,Post,FLAT,1,0.140890911932667,0.0492670255145363,0.0582691218041113,0.127347941908283,0.0464921581141034,0.10280335978257,0.377706642346974,13
SS11,Post,FLAT,2,0.150858236169285,0.0532981542675242,0.107148409706084,0.136357169050431,0.0464124426470496,0.0604761097830859,0.648908196577626,13
SS11,Post,FLAT,3,0.145934078606146,0.054190406530438,0.169776785329242,0.13190634023049,0.0462985436500577,0.0370903100732769,1.14833422999136,13
SS11,Post,FLAT,4,0.127123569397693,0.052000408121221,0.244774818793925,0.114903968671647,0.0461633024568935,0.0224735855341545,1.95299410468292,13
SS11,Post,FLAT,5,0.0993027193810663,0.0477257595529101,0.329758275904114,0.0897573645141723,0.0460152646156685,0.0130709905189564,3.46001844889253,13
SS11,Post,FLAT,6,0.0702547299897087,0.0439076487385421,0.421550234076115,0.0635015782833975,0.0458684100560377,0.00726887914602646,6.47866334971999,13
SS11,Post,FLAT,7,0.0488303313492765,0.0445319700246317,0.51651496329142,0.0441365742809708,0.0457311654271652,0.0041418188903405,8.35970168064569,13
SS11,Post,FLAT,8,0.0427966733923883,0.0522325915308148,0.610968733276222,0.0386828944626766,0.0456202502793407,0.0030413098664348,10.7956948446372,13
SS11,Post,FLAT,9,0.0570790775620787,0.0657652783808851,0.701612382794569,0.051592419651793,0.0455448628056751,0.00344878303884302,10.1630184073805,13
SS11,Post,FLAT,10,0.0930347540769693,0.0824662283881783,0.785845318757241,0.0840918998615569,0.045514291370026,0.00493254103083269,7.98770773245568,13
SS11,Post,FLAT,11,0.148746290732879,0.100497710166406,0.86195909581684,0.134448231837523,0.0455218794448181,0.00713569010264088,5.66176705094736,13
SS11,Post,FLAT,12,0.220214884743864,0.118594878245058,0.92912606761837,0.199046992918204,0.0455888042503146,0.00978082770742638,3.95000577638259,13
SS11,Post,FLAT,13,0.302880594624556,0.135944073049217,0.987287354941826,0.273766560527535,0.045688575483101,0.0126697066728252,3.08581249939333,13
SS11,Post,FLAT,14,0.392611890478125,0.151717871417094,1.03695199405215,0.35487254312758,0.0458281449796914,0.0156780710699683,2.51115088272349,13
SS11,Post,FLAT,15,0.486431790132269,0.165094159266843,1.07895168782548,0.439674117388854,0.0460020146514691,0.018742337261978,2.1735803792011,13
SS11,Post,FLAT,16,0.582630842836222,0.175729340289113,1.11423725868299,0.526626151464904,0.0462036277147623,0.0218391702329491,1.9050740380859,13
SS11,Post,FLAT,17,0.680267919992647,0.183682482188688,1.14367254742767,0.614877981616682,0.0464182633926018,0.0249661292029795,1.70241469639975,13
SS11,Post,FLAT,18,0.778651739480297,0.189531428127147,1.16790095419001,0.703804774388213,0.0466393718622869,0.0281243781006668,1.5622258352092,13
SS11,Post,FLAT,19,0.876887764401792,0.194738357554262,1.18731071954073,0.7925979791691,0.0468675723517863,0.0313084051801264,1.45442403028651,13
SS11,Post,FLAT,20,0.973944829679418,0.200565984712342,1.20203928384639,0.880325550388671,0.0470832809909033,0.0345030515928374,1.37089941946188,13
SS11,Post,FLAT,21,1.06787979494432,0.208075350475107,1.21202960626176,0.965231129716795,0.0473015115836701,0.0376859887324,1.3051857755953,13
SS11,Post,FLAT,22,1.15733384385249,0.217469618997752,1.21712865377609,1.04608651540174,0.0474973447872393,0.0408329370283633,1.24106999089288,13
SS11,Post,FLAT,23,1.24043071406657,0.228608332566486,1.21718873950781,1.12119579857424,0.0476809169779471,0.0439235019284933,1.15142389860834,13
SS11,Post,FLAT,24,1.315751377407,0.24079209507161,1.21213272714259,1.18927635343753,0.0478506841136426,0.046944827039124,1.07840808892612,13
SS11,Post,FLAT,25,1.38225554338501,0.252437100576907,1.20202658685943,1.24938788617907,0.0480086476012728,0.0498937847495523,1.01872166220711,13
SS11,Post,FLAT,26,1.44000545659479,0.264048724452612,1.18709122290492,1.30158665820605,0.0481440018822292,0.0527765745008634,0.973368965473719,13
SS11,Post,FLAT,27,1.48832964512446,0.275029481347707,1.16770236264596,1.34526574203924,0.0482821148658661,0.055607173037969,0.924526664744986,13
SS11,Post,FLAT,28,1.52863302590026,0.284144726847133,1.14437355778485,1.3816950086494,0.0483900455281321,0.0584050238980593,0.880855347154985,13
SS11,Post,FLAT,29,1.56107096554531,0.292591397691066,1.11771597349591,1.41101489022925,0.048494992203885,0.0611921224869562,0.843345065350683,13
SS11,Post,FLAT,30,1.58678874290461,0.299718343612139,1.08841385237281,1.43426057706764,0.0485893156069759,0.0639906827225689,0.809397692466654,13
SS11,Post,FLAT,31,1.60743957911311,0.306141286287294,1.05718879077856,1.45292637639964,0.0486584307491815,0.0668205797130156,0.777023459244105,13
SS11,Post,FLAT,32,1.62341366999495,0.311729029685833,1.02477383454277,1.46736497694352,0.0487246189292671,0.0696978501409647,0.746113435549022,13
SS11,Post,FLAT,33,1.63622741311328,0.316302021255857,0.991890332213293,1.47894701436436,0.0487745853004275,0.0726339557376045,0.715996554948903,13
SS11,Post,FLAT,34,1.64664409818744,0.32039374121178,0.95922682760963,1.48836240807219,0.0488206015924274,0.0756357462743123,0.687009118070146,13
SS11,Post,FLAT,35,1.65578650050372,0.323621960110878,0.927421900240155,1.49662600792477,0.0488605636296868,0.0787062358640385,0.659657050369934,13
SS11,Post,FLAT,36,1.66492701077263,0.326370934589127,0.897049159893809,1.50488789760075,0.0488905069020231,0.0818461142860625,0.634670799792211,13
SS11,Post,FLAT,37,1.67488811234893,0.328204294290466,0.8685955674056,1.51389150022835,0.0489168217018501,0.0850552245876924,0.611151050900428,13
SS11,Post,FLAT,38,1.68658115555284,0.329344268061247,0.842457584453401,1.52446056367067,0.0489450048476324,0.088333966106322,0.589084835545015,13
SS11,Post,FLAT,39,1.70113236581499,0.329297024027952,0.818928459532669,1.53761305628882,0.0489697252346429,0.0916840139167468,0.568345392325002,13
SS11,Post,FLAT,40,1.71943848002219,0.328308005082479,0.798198993352823,1.55415951721129,0.0489926912824743,0.0951080298790678,0.548622215335583,13
SS11,Post,FLAT,41,1.74203559278257,0.326323032097889,0.78036694792512,1.5745845095946,0.0490204240855978,0.0986081318880856,0.530172129828361,13
SS11,Post,FLAT,42,1.76983293433706,0.323285703627708,0.765449924053441,1.59970986501269,0.0490438253270639,0.102183320527921,0.512623761229823,13
SS11,Post,FLAT,43,1.80306306272893,0.319109808349615,0.753404451328674,1.62974578714566,0.0490674520044925,0.10582754474277,0.491197931637295,13
SS11,Post,FLAT,44,1.84157937637527,0.313530177021313,0.744141960462984,1.66455976631204,0.0490995439951858,0.109527705871243,0.468924752407167,13
SS11,Post,FLAT,45,1.88588314121736,0.307146619081613,0.737547819764437,1.70460488486536,0.0491289485916155,0.113263332149755,0.448537730289387,13
SS11,Post,FLAT,46,1.93546574102457,0.299657868812157,0.73348998124131,1.74942141670048,0.0491643738341509,0.117007728101713,0.429848980829554,13
SS11,Post,FLAT,47,1.99029349543741,0.291418620801982,0.731833143184789,1.7989789189421,0.0492014824966633,0.120730874893199,0.412983604479343,13
SS11,Post,FLAT,48,2.04987979658686,0.282453140185632,0.732438042371875,1.85283755831933,0.0492451744598665,0.12440304579596,0.397998340087398,13
SS11,Post,FLAT,49,2.11398128239724,0.273248950922898,0.735162364586029,1.91077736564427,0.0492950748587057,0.127998565049959,0.384616385956425,13
SS11,Post,FLAT,50,2.18273326587371,0.264048409232142,0.739861623510554,1.97292064712169,0.0493420836417752,0.131498456056401,0.372756665536619,13
SS11,Post,FLAT,51,2.25546378349124,0.255237478199366,0.746388492476138,2.03866003091489,0.0493970691244803,0.134890954708037,0.362252301173657,13
SS11,Post,FLAT,52,2.33221729223727,0.246932966517453,0.754594566967455,2.10803570063671,0.049453826203854,0.138169802132808,0.352856087028851,13
SS11,Post,FLAT,53,2.4127047258903,0.239166611636504,0.764334842452102,2.18078637620967,0.0495132450262474,0.141331150006407,0.344388587274938,13
SS11,Post,FLAT,54,2.49683394720687,0.232113105692697,0.775470164990992,2.25682877697241,0.0495711879693119,0.14436980131222,0.336551875195333,13
SS11,Post,FLAT,55,2.58349774836673,0.225409777138041,0.787865741205397,2.33516212412919,0.0496407570255378,0.147277062196362,0.329504609614923,13
SS11,Post,FLAT,56,2.67288263912992,0.218838885448985,0.801390408926662,2.41595499941294,0.049707440786161,0.150040416828015,0.322982614410816,13
SS11,Post,FLAT,57,2.76376522877748,0.212602541870086,0.815913585241479,2.49810160907108,0.0497828104521682,0.152645020047584,0.316975212633727,13
SS11,Post,FLAT,58,2.85620581013484,0.206051268157762,0.831302051363288,2.58165645035346,0.0498523195771471,0.155076857885825,0.314038705141179,13
SS11,Post,FLAT,59,2.94971952901675,0.198778125136631,0.847421524093508,2.66618127510222,0.0499133347575685,0.157326195857212,0.311585255325771,13
SS11,Post,FLAT,60,3.04165286879669,0.190868482270501,0.864139682964472,2.74927763279579,0.050000916100341,0.159390516267961,0.309838164911391,13
SS11,Post,FLAT,61,3.13435333298367,0.182720580432659,0.881326977689338,2.83306737598232,0.0500686291639158,0.161276193834635,0.308261841928648,13
SS11,Post,FLAT,62,3.22661036420514,0.172893877945092,0.898862113762092,2.91645631066561,0.0501316393882393,0.162998234684738,0.30628814697361,13
SS11,Post,FLAT,63,3.31708586719782,0.161714371322603,0.916630501958155,2.99823496438559,0.0502095490116478,0.164578867488639,0.303321253615832,13
SS11,Post,FLAT,64,3.40712915233518,0.150396264314393,0.934517579481481,3.07962294667351,0.0502818608320031,0.166045033921148,0.30065466609538,13
SS11,Post,FLAT,65,3.49751062261407,0.138798561816772,0.952400041751872,3.1613166064616,0.0503382756025541,0.167425922294118,0.298134345581615,13
SS11,Post,FLAT,66,3.5866778932002,0.126420151049872,0.970128879370005,3.24191278004694,0.0504009268440885,0.168750916836194,0.295944287383019,13
SS11,Post,FLAT,67,3.67446417946207,0.114609728152522,0.987515349755043,3.32126071477082,0.0504697563635107,0.170048013119361,0.293929993508223,13
SS11,Post,FLAT,68,3.76168298032188,0.104074719287699,1.00431549023966,3.40009571294666,0.0505276192541271,0.171342862003612,0.291992897851921,13
SS11,Post,FLAT,69,3.84751616803018,0.0960468625566352,1.02022807820974,3.47767828837426,0.0505769336033216,0.172657843419872,0.289912399814569,13
SS11,Post,FLAT,70,3.93053977878936,0.090109728975662,1.03490005684625,3.55272135406915,0.0506232729313828,0.174011169971973,0.288055372940211,13
SS11,Post,FLAT,71,4.00953177049871,0.0869966769924306,1.04794373385631,3.62412033526269,0.0506663490607155,0.175415677833527,0.28611480565981,13
SS11,Post,FLAT,72,4.08338753541646,0.0864866158009987,1.05896560200746,3.69087680330821,0.050701129544915,0.176877114482332,0.284100105314024,13
SS11,Post,FLAT,73,4.15052443377734,0.0875295422649545,1.06759406589504,3.75156024779078,0.050726774360909,0.178392550165,0.282113714059057,13
SS11,Post,FLAT,74,4.20889157794,0.0907543123197492,1.07350803155902,3.80431692018517,0.050747209287114,0.179949158438156,0.280093416344038,13
SS11,Post,FLAT,75,4.25773724282652,0.094978751718961,1.0764419596938,3.8484673540855,0.050749294500318,0.181524313035418,0.278074629318048,13
SS11,Post,FLAT,76,4.29452511157692,0.0999312009307581,1.07618759844266,3.88171903304968,0.0507416486106752,0.18308734450882,0.276109752520845,13
SS11,Post,FLAT,77,4.31752531762381,0.105363427057801,1.07255734330289,3.90250837186053,0.0507223897917241,0.184603350367982,0.274437104855415,13
SS11,Post,FLAT,78,4.32591091347857,0.112166911642355,1.06533736438579,3.91008791236551,0.0506783788101979,0.186038964441737,0.271925792177758,13
SS11,Post,FLAT,79,4.31601755081268,0.119040249852085,1.05423671498989,3.90114553732677,0.0506279755590355,0.187369471351092,0.269203911071673,13
SS11,Post,FLAT,80,4.28767661257661,0.126695210935116,1.03882557744219,3.87552883780652,0.0505462508398205,0.18858538491784,0.267083361192241,13
SS11,Post,FLAT,81,4.23669080272264,0.13408602054916,1.01851533718436,3.82944397780835,0.0504525386368395,0.189697585228449,0.265361031606833,13
SS11,Post,FLAT,82,4.16187807346089,0.142040969388824,0.992565226876963,3.76182253246929,0.0503278190048354,0.190738374452795,0.262523327260579,13
SS11,Post,FLAT,83,4.06038708166482,0.149218777149965,0.960133187808694,3.67008724060294,0.0501692195723377,0.191758975988968,0.260592991211847,13
SS11,Post,FLAT,84,3.92941031130073,0.155390597367305,0.920395243940363,3.55170045528898,0.0499734965763415,0.192823618441943,0.258536198762712,13
SS11,Post,FLAT,85,3.76636171998776,0.16024755675021,0.872719041532631,3.40432471437054,0.0497395431653767,0.194002316197128,0.256464224619967,13
SS11,Post,FLAT,86,3.57007127016956,0.164027318928027,0.816826834638962,3.22690244874885,0.0494597198715706,0.195367120171989,0.254080916951803,13
SS11,Post,FLAT,87,3.33866214623283,0.165381573134006,0.752967591175334,3.01773724946173,0.0491580876040927,0.196995465479024,0.249987370675962,13
SS11,Post,FLAT,88,3.07729874083783,0.16455928798901,0.682058081446229,2.78149708811548,0.0487945737865355,0.198984547794426,0.24491572156244,13
SS11,Post,FLAT,89,2.78975704866721,0.161287812623962,0.605691810942662,2.52159499643015,0.0483910619394124,0.201484670182726,0.240917736366791,13
SS11,Post,FLAT,90,2.48469356195099,0.154362334171525,0.526079198267838,2.24585537169664,0.0479443461172234,0.204752409394057,0.236560316861705,13
SS11,Post,FLAT,91,2.17348002594967,0.144316796348615,0.445860240063502,1.96455686379354,0.0474516551269009,0.209232995075674,0.231144594529488,13
SS11,Post,FLAT,92,1.86811705436739,0.130372298336687,0.367843832840242,1.68854654181772,0.0469287916918855,0.215685442497703,0.219839967236524,13
SS11,Post,FLAT,93,1.58140892049964,0.113509284494833,0.294690512785864,1.42939788364258,0.0463708871733143,0.225347385434478,0.20651105989483,13
SS11,Post,FLAT,94,1.32286370709163,0.095114345538308,0.228629184722438,1.19570501895673,0.0457997458334026,0.24018623108331,0.192738682631523,13
SS11,Post,FLAT,95,1.09863629578576,0.0788794167512359,0.171224508664283,0.993031198782504,0.0452219992375268,0.263243728927111,0.174729307657803,13
SS11,Post,FLAT,96,0.909773952234777,0.0683547508187768,0.123275425340995,0.822323021617127,0.044642981293613,0.299155423532747,0.152271242695787,13
SS11,Post,FLAT,97,0.752158643297074,0.0647023201479736,0.0848405068688379,0.679858295318477,0.0440874317132237,0.354991906057917,0.12648359866343,13
SS11,Post,FLAT,98,0.618694846388495,0.0648086635673196,0.0553677762437199,0.559223545905432,0.0435670680502819,0.441790671203113,0.0993608155032597,13
SS11,Post,FLAT,99,0.501138801728516,0.0641519246854252,0.0338585852387602,0.452967435124624,0.0431006813850918,0.577422129219908,0.0749449653204579,13
SS11,Post,FLAT,100,0.392668808272451,0.06040214670371,0.0190731152161455,0.354923989767152,0.0427175272340122,0.793648057084265,0.0566111086589727,13
BO11,Post,FLAT,0,0.0923098024114414,0.0445675995917763,0.0195835024307548,0.0988989774626367,0.0386020901816884,0.195175869191353,0.221880741244351,12
BO11,Post,FLAT,1,0.101267404759192,0.0571571934802684,0.0527003010216235,0.108495983301311,0.0385029959308899,0.0797283118860388,0.596623110333539,12
BO11,Post,FLAT,2,0.103984260454654,0.0667383303352035,0.102005606579741,0.11140677113939,0.0383655926534493,0.0426269289629956,1.06939112118427,12
BO11,Post,FLAT,3,0.100104399117594,0.0722757986093946,0.166458490830628,0.107249961040049,0.0381986080304501,0.0251357263513242,1.36933723722972,12
BO11,Post,FLAT,4,0.0913617244088464,0.0741352086307576,0.244229414368433,0.0978832246112381,0.0380133192779293,0.0155309659805536,2.03888892798503,12
BO11,Post,FLAT,5,0.0814320692811111,0.0740917092593945,0.332231756840038,0.0872447797978416,0.0378219878508205,0.0100651409213777,2.95247164376396,12
BO11,Post,FLAT,6,0.0752519150299033,0.0748775930943266,0.426323426221584,0.0806234793504467,0.0376412775055752,0.00714362556921243,3.50570658788944,12
BO11,Post,FLAT,7,0.077880423669782,0.0790109938302982,0.52183842929745,0.0834396138231111,0.0374854855966426,0.00595022902763733,3.9291085729707,12
BO11,Post,FLAT,8,0.0933510973191673,0.0875941540787854,0.614211376545815,0.100014601144206,0.0373680025073587,0.0059964658091854,3.93573343386431,12
BO11,Post,FLAT,9,0.124074695206376,0.100040041449643,0.699573103057645,0.132931283182748,0.0372984387715904,0.00696811279720434,4.70912730590144,12
BO11,Post,FLAT,10,0.170559319655606,0.114735140663625,0.775257340581293,0.182734031164731,0.0372863974503843,0.00865019606604013,5.22388278487544,12
BO11,Post,FLAT,11,0.231991437414766,0.129777301072551,0.839962177691535,0.248551240941275,0.0373274757526321,0.0108976172653784,3.99844568792146,12
BO11,Post,FLAT,12,0.306618675164756,0.143205853223048,0.893770009964513,0.32850545286168,0.0374151159935536,0.0136045579343625,3.08317652322583,12
BO11,Post,FLAT,13,0.392056904554807,0.153284231974614,0.937911337610601,0.420042356875753,0.0375456323692843,0.0166787246759111,2.3830611838814,12
BO11,Post,FLAT,14,0.485553967588017,0.158864524181825,0.974280718869641,0.520213342926939,0.0377116643136925,0.0200202647793871,1.91880003586532,12
BO11,Post,FLAT,15,0.583955397223521,0.159266665390594,1.00493952342915,0.625638774653426,0.0379006623794663,0.0235073969405158,1.60836537086907,12
BO11,Post,FLAT,16,0.683816444082863,0.154715904178953,1.03156721995918,0.732628012683831,0.0380999187215473,0.0269999609988311,1.39777925683113,12
BO11,Post,FLAT,17,0.78132206795963,0.145906155323241,1.0551464809703,0.837093695052938,0.0383056864230163,0.0303575373456447,1.24226989509256,12
BO11,Post,FLAT,18,0.872896661029688,0.134008511984104,1.07585797248551,0.935204983124152,0.0385078874410817,0.0334632896505439,1.12770643067795,12
BO11,Post,FLAT,19,0.955320597088141,0.120598320880728,1.09321796877809,1.02351243023896,0.0387089093541384,0.0362458671867189,1.04417407180328,12
BO11,Post,FLAT,20,1.02635020356526,0.10683293447763,1.10632999221849,1.09961220801608,0.0389066060622324,0.0386869845390195,0.982775633419089,12
BO11,Post,FLAT,21,1.08569460917305,0.0953872705860956,1.11426141682652,1.16319268245561,0.0390819972444742,0.0408210402649304,0.946332480889527,12
BO11,Post,FLAT,22,1.13300397500647,0.0874836621055612,1.11629248068043,1.21387904276733,0.0392608022796728,0.0427192282848314,0.921266680599305,12
BO11,Post,FLAT,23,1.17077192699841,0.0850112407820784,1.11215586495085,1.25434291264122,0.0394109644092442,0.0444753927404359,0.887469466685363,12
BO11,Post,FLAT,24,1.20070364098681,0.0870709985117035,1.10211029424272,1.28641118523878,0.0395521822756928,0.0461894144608556,0.86815113350225,12
BO11,Post,FLAT,25,1.22562971887733,0.0923627707756503,1.08688318913002,1.31311651393767,0.0396769700595681,0.0479533447039966,0.841148281197085,12
BO11,Post,FLAT,26,1.24766899379869,0.0987992190896563,1.06754574351536,1.33672897650178,0.0397969260769694,0.0498423947975275,0.813947213698934,12
BO11,Post,FLAT,27,1.26914627314399,0.105436159601013,1.04534970064697,1.35973932762854,0.0399048955535161,0.0519072364747057,0.784369708229359,12
BO11,Post,FLAT,28,1.29097508189275,0.111361397656483,1.02153146600539,1.38312630071356,0.0400176663728734,0.0541728017011919,0.753078483064168,12
BO11,Post,FLAT,29,1.31487744329434,0.116088716436873,0.997189857565177,1.4087348389165,0.0401064954050132,0.0566376893227837,0.719378416046444,12
BO11,Post,FLAT,30,1.34089276243368,0.120090402257609,0.973186890565751,1.43660716010052,0.0401796628976115,0.0592803734640571,0.686575894180908,12
BO11,Post,FLAT,31,1.36802316945341,0.122739782089802,0.950118858562042,1.46567416536219,0.0402611256582524,0.0620662497842593,0.655555393961811,12
BO11,Post,FLAT,32,1.39640382894523,0.124265006277882,0.928328069800307,1.49608066749016,0.0403363707593597,0.0649577902048273,0.626992324107627,12
BO11,Post,FLAT,33,1.42582331087799,0.124837709774971,0.907954120805888,1.52760014434552,0.0404019433161312,0.067923599889093,0.600324068480415,12
BO11,Post,FLAT,34,1.45575099631037,0.124422092844463,0.888999078206951,1.55966410082431,0.0404670869246817,0.0709443860518039,0.57622918908977,12
BO11,Post,FLAT,35,1.48618221353098,0.122950985994313,0.871402389855542,1.59226753174324,0.0405325587369509,0.0740155222294317,0.554146933929484,12
BO11,Post,FLAT,36,1.51760867855455,0.121106639038665,0.8551088597253,1.62593725234608,0.0405937018805266,0.0771445279102189,0.532651731782092,12
BO11,Post,FLAT,37,1.55040317862463,0.119162662052039,0.840103049528525,1.66107265983913,0.0406536900982711,0.0803461197073056,0.509649845352362,12
BO11,Post,FLAT,38,1.58516625312967,0.117677247011706,0.826429080350586,1.69831716077178,0.040713326617531,0.0836366034276911,0.487765393786636,12
BO11,Post,FLAT,39,1.62269866699318,0.117029205579943,0.814181741671489,1.73852867954702,0.0407690973136882,0.0870293111761673,0.467146278320201,12
BO11,Post,FLAT,40,1.66335601812348,0.117652777475318,0.803477244809964,1.78208819704228,0.0408282007965253,0.090532005211019,0.450239840868538,12
BO11,Post,FLAT,41,1.70795591221292,0.119741529349401,0.794424629631274,1.82987168054198,0.0408839622326447,0.0941465293381724,0.434711957202788,12
BO11,Post,FLAT,42,1.7568384874125,0.122975610172743,0.787099802432656,1.8822435476318,0.0409386570625413,0.0978706149442675,0.420116326472076,12
BO11,Post,FLAT,43,1.81028851856761,0.127209169649198,0.781519013520713,1.93950890069826,0.0409926125652136,0.10169844356726,0.406028883928577,12
BO11,Post,FLAT,44,1.86840450928892,0.131942808027898,0.777644291139211,2.00177327464792,0.0410467290774609,0.105622144630701,0.392433098897288,12
BO11,Post,FLAT,45,1.93114315242322,0.136755036892991,0.775381351320288,2.06899027101543,0.0411011562149847,0.109630952359894,0.37905442149662,12
BO11,Post,FLAT,46,1.99830946137567,0.141413498209293,0.774599453255818,2.14095098484872,0.0411554834039389,0.113709311598576,0.36573037211615,12
BO11,Post,FLAT,47,2.06937572236411,0.145658319832805,0.775161700933954,2.21709003357643,0.0412129704302192,0.117835498466165,0.353119547138892,12
BO11,Post,FLAT,48,2.14394913451724,0.149482112961431,0.776934400176269,2.29698657776976,0.0412710582791175,0.121980428597101,0.341430472946166,12
BO11,Post,FLAT,49,2.22129490260652,0.152879926006965,0.779814103389393,2.37985337170999,0.0413322637832715,0.126107499495227,0.330616686646019,12
BO11,Post,FLAT,50,2.30102056834667,0.155612068338968,0.783735664625668,2.46526994300851,0.0413915131861632,0.130173847175234,0.320522537251958,12
BO11,Post,FLAT,51,2.38214791729754,0.157670162137724,0.788676070600424,2.55218825120435,0.0414550067850092,0.13413240813876,0.311141635500103,12
BO11,Post,FLAT,52,2.46417798347653,0.159232176135612,0.794652372622773,2.64007371357524,0.0415210747260583,0.137934134689368,0.302316896422753,12
BO11,Post,FLAT,53,2.54664110950193,0.160292603703578,0.801711874616228,2.72842314807986,0.0415891198744976,0.141532267826738,0.294343661684312,12
BO11,Post,FLAT,54,2.62922839508068,0.160782138651536,0.809919053071535,2.81690560478308,0.0416580121908195,0.144886045757893,0.28724392950117,12
BO11,Post,FLAT,55,2.71172869737545,0.160798292519577,0.819336565297044,2.90529486924001,0.0417275477355067,0.147964674152843,0.281331313560911,12
BO11,Post,FLAT,56,2.79426732263217,0.160847541802058,0.830002344707361,2.99372519219398,0.0417950893507835,0.150753109473291,0.27643526953326,12
BO11,Post,FLAT,57,2.87662990416417,0.160340016028579,0.841921851461486,3.08196690522887,0.0418643652988678,0.153251627134601,0.2722030952989,12
BO11,Post,FLAT,58,2.95936784182725,0.159694494097203,0.855055722223931,3.17061076772761,0.0419299660664083,0.155476752679043,0.268562035815242,12
BO11,Post,FLAT,59,3.04217505575325,0.158644595490571,0.86931844518764,3.25932885150499,0.0419989277846148,0.157457812099437,0.265418945010822,12
BO11,Post,FLAT,60,3.12582189273075,0.157457840964699,0.884594171058338,3.34894649154918,0.0420632753577791,0.159230270494872,0.262715256539286,12
BO11,Post,FLAT,61,3.2098863918731,0.156248751253665,0.900739597497034,3.43901160694213,0.0421303476295497,0.160831150112428,0.260728898938264,12
BO11,Post,FLAT,62,3.29515234566953,0.154735209744258,0.917603078364717,3.53036393814155,0.0421896435573544,0.162292838255509,0.259458896468044,12
BO11,Post,FLAT,63,3.3805982234154,0.153473681669655,0.935034762795461,3.62190903645949,0.0422531831289044,0.16364070423937,0.258382492150588,12
BO11,Post,FLAT,64,3.46677081824878,0.152282903683352,0.952885344829244,3.71423272572856,0.0423110441431365,0.164893545644319,0.257362373965579,12
BO11,Post,FLAT,65,3.55309333818534,0.15048617329054,0.971004503083766,3.80671704191929,0.0423664222417146,0.166065804089257,0.256261982570944,12
BO11,Post,FLAT,66,3.63904075220961,0.148182084783795,0.989234102767234,3.89879947672586,0.0424216955308571,0.167171203092176,0.254243519965374,12
BO11,Post,FLAT,67,3.72435906913208,0.144741077226861,1.00738953987497,3.99020790878875,0.0424753200664211,0.168226454498472,0.252353709728581,12
BO11,Post,FLAT,68,3.80848599933846,0.140308258606633,1.02525469426113,4.08033991164363,0.0425295065709815,0.169252641895648,0.250693666692319,12
BO11,Post,FLAT,69,3.89130869678736,0.135034847573659,1.04256277516219,4.16907458417477,0.0425804543286479,0.170274919020025,0.249182297527602,12
BO11,Post,FLAT,70,3.97254542083059,0.129729857550991,1.05899238099311,4.25611007477716,0.0426249216215463,0.171319879500876,0.247764136605058,12
BO11,Post,FLAT,71,4.05067608123337,0.12425099033079,1.07415945734485,4.33981778750603,0.0426692660852493,0.17240999764636,0.246406357428846,12
BO11,Post,FLAT,72,4.12536636163592,0.118801357615635,1.08761580839499,4.41983954213276,0.0427021979616316,0.1735582343186,0.245150260425412,12
BO11,Post,FLAT,73,4.19362186305288,0.113513294905077,1.09884681352431,4.49296719618459,0.0427334802893261,0.174761680612791,0.243921035994457,12
BO11,Post,FLAT,74,4.25353327570366,0.10845665699951,1.10726072413023,4.5571551512524,0.0427528408653528,0.175997603398118,0.242591223264997,12
BO11,Post,FLAT,75,4.30132752305341,0.104690042162636,1.11219810246866,4.60836100445549,0.042760405035515,0.177221603693049,0.24088865874354,12
BO11,Post,FLAT,76,4.33290861270664,0.101641086530117,1.1128980173208,4.64219638696383,0.0427495354716042,0.178370215936514,0.239020263174611,12
BO11,Post,FLAT,77,4.34298058310738,0.102699083897531,1.10851582101611,4.65298730567068,0.0427193309850542,0.179368674830149,0.237556603970619,12
BO11,Post,FLAT,78,4.32616621173439,0.111195375974835,1.09810876424721,4.63497270600711,0.0426655405865848,0.180141664480116,0.236407888137625,12
BO11,Post,FLAT,79,4.27564702198255,0.129242768713835,1.08065839806123,4.58084740102131,0.0425991273675285,0.180628380289053,0.23443980876627,12
BO11,Post,FLAT,80,4.18848564925421,0.155632195502362,1.055127936269,4.48746435380546,0.0424997094670933,0.180796608142486,0.233316387157493,12
BO11,Post,FLAT,81,4.06017862725837,0.186850750713759,1.02057658865811,4.34999863569998,0.0423767525696259,0.18065377621908,0.232915006393286,12
BO11,Post,FLAT,82,3.89049160372102,0.22114153846418,0.976235660432926,4.1681991661082,0.042213870000382,0.18024824091458,0.232489877443211,12
BO11,Post,FLAT,83,3.67878034113253,0.254651377798479,0.921759603065869,3.94137572113968,0.0420228354859943,0.179664077849369,0.232300714589266,12
BO11,Post,FLAT,84,3.4285283925959,0.284291454155183,0.857329912135126,3.67326051374285,0.0417928383959518,0.178999801112089,0.232154069476619,12
BO11,Post,FLAT,85,3.14396425306781,0.307314378442551,0.783835342215691,3.3683838734872,0.0415256970713547,0.178337633456451,0.231901153234951,12
BO11,Post,FLAT,86,2.83122260904457,0.323106454336508,0.702941841628272,3.03331838752697,0.0412210243333424,0.17770210743807,0.231567683966095,12
BO11,Post,FLAT,87,2.49682438218758,0.329964339519224,0.617057143508937,2.67505044807164,0.0408903600823965,0.177012032454077,0.231348299822601,12
BO11,Post,FLAT,88,2.15030920198359,0.326950009763159,0.529178672027483,2.30380063383514,0.0405164166436626,0.17602976471838,0.231371600066388,12
BO11,Post,FLAT,89,1.80027196725056,0.314582718361646,0.442606911834663,1.92877735695014,0.0401202651938185,0.174320567851949,0.232189958933548,12
BO11,Post,FLAT,90,1.45747540068467,0.292053385120168,0.360596344258865,1.56151159507622,0.0397085115575464,0.171223678402765,0.234630730917552,12
BO11,Post,FLAT,91,1.13426789500548,0.260646381736512,0.285976884144019,1.21523318276365,0.0392773138855066,0.165875422087806,0.239517005748947,12
BO11,Post,FLAT,92,0.842522064797922,0.221903065593978,0.22083622520637,0.902662214862418,0.0388344872832889,0.157315457619782,0.248880106597748,12
BO11,Post,FLAT,93,0.592866664521882,0.177946112893083,0.166371833853299,0.635186137996009,0.0383904936762705,0.144736519756121,0.265190324763345,12
BO11,Post,FLAT,94,0.392775181823979,0.132490167475455,0.122744373411306,0.420811905565059,0.0379602666050382,0.128037749784299,0.293644006362686,12
BO11,Post,FLAT,95,0.24518690399879,0.0900008468058674,0.089227428185119,0.262688614418531,0.0375472195937834,0.108549513815796,0.34130379485427,12
BO11,Post,FLAT,96,0.147070234917689,0.0551809836177378,0.0643303815845555,0.157568269767485,0.0371608654694968,0.0897057033166061,0.406363946879706,12
BO11,Post,FLAT,97,0.0900094840466987,0.0331154527344169,0.0461502427193946,0.0964344598472964,0.036828912920131,0.0767785311422383,0.469960716794127,12
BO11,Post,FLAT,98,0.061956895603678,0.0257413737075758,0.0327635796286816,0.0663794468398039,0.0365514981221581,0.0752237532550332,0.478089978347597,12
BO11,Post,FLAT,99,0.0497567227195325,0.0244966471689533,0.0226316483835768,0.0533084122195433,0.0363476886255853,0.0883945134737003,0.395606771673954,12
BO11,Post,FLAT,100,0.0420418531496735,0.0216820472178028,0.0147709544275552,0.0450428467889526,0.0362084369197348,0.115291569457623,0.308430045948148,12
SE15,Post,FLAT,0,0.354642488958776,0.0417367559710205,0.0294938253841939,0.18191722425164,0.0417332780596981,0.258597705222278,0.169720318587008,13
SE15,Post,FLAT,1,0.438271020237485,0.0431830646509824,0.0539308089467175,0.224815271586946,0.0416796545848551,0.174453678529833,0.248768268113305,13
SE15,Post,FLAT,2,0.484313119743824,0.0489410315717315,0.0875432454170372,0.248433002687081,0.0415895965133796,0.119136531808685,0.341319582266066,13
SE15,Post,FLAT,3,0.47886799684032,0.0610565823071972,0.129588479595761,0.245639875311896,0.0414657247960336,0.0798303626777361,0.490029571966882,13
SE15,Post,FLAT,4,0.4168253600231,0.0762121245361189,0.179270375921799,0.213814517024516,0.0413106168150371,0.0503632741267339,0.7486155469856,13
SE15,Post,FLAT,5,0.304057176239624,0.0889262592170612,0.235557459675873,0.155969008895981,0.0411295353491752,0.0280740704432678,1.31786453503623,13
SE15,Post,FLAT,6,0.156985025429468,0.094897982800828,0.297194237231835,0.0805269559184759,0.0409293446316132,0.0116622002747516,3.44495447680996,13
SE15,Post,FLAT,7,-0.000936840930268431,0.0920333140123593,0.362745202446951,-0.000480561429906873,0.0407308082879069,0.000292311535465265,4.11498315065133,13
SE15,Post,FLAT,8,-0.144234516308323,0.0815225393396763,0.430647659396704,-0.0739864614787823,0.0405334197817392,-0.0067812630353629,-5.93646987755368,13
SE15,Post,FLAT,9,-0.251077693158771,0.0686386510800464,0.499311848298065,-0.128792681173231,0.0403587477619052,-0.0103330343303544,-3.86126454876385,13
SE15,Post,FLAT,10,-0.307471715743423,0.0633745300228719,0.567255854164579,-0.157720529280502,0.0402081489990341,-0.0111660946331322,-3.33719583038618,13
SE15,Post,FLAT,11,-0.308832673050946,0.073104958920853,0.633232000666978,-0.15841864522379,0.0400931222450182,-0.0100551375471818,-3.90408337103325,13
SE15,Post,FLAT,12,-0.259123472229763,0.0931309321071929,0.696311405457721,-0.132919839765632,0.0400189782534687,-0.00768852402346851,-4.62691895329385,13
SE15,Post,FLAT,13,-0.168022321636944,0.11575939456521,0.75591240409948,-0.0861886415647794,0.0399830846324289,-0.00462504316736111,-6.55298427244827,13
SE15,Post,FLAT,14,-0.0474156199294809,0.137106530641252,0.811779290806529,-0.0243222914125909,0.0399851371727688,-0.00127508789485962,-10.4435579054601,13
SE15,Post,FLAT,15,0.0917030006422921,0.155761483587272,0.863905543347631,0.0470399228850757,0.0400307172195852,0.00209775454322486,8.75799974341404,13
SE15,Post,FLAT,16,0.241047245108212,0.171781153148065,0.912433255129691,0.123647467826924,0.0401009485641531,0.00535286986199204,6.89407954717981,13
SE15,Post,FLAT,17,0.3952633874875,0.185852734534131,0.957544277042436,0.202754098955088,0.0402093270546107,0.00843765266995188,4.98422982809539,13
SE15,Post,FLAT,18,0.551348457897492,0.198762201937616,0.999352427083082,0.282819414421019,0.0403438979270611,0.0113496211738802,3.62923435006365,13
SE15,Post,FLAT,19,0.707593655968544,0.211679889678239,1.0378118462422,0.362966868887586,0.0404966573621076,0.0141044333847566,2.90237950894638,13
SE15,Post,FLAT,20,0.862297181165245,0.22534174569949,1.07266084593135,0.442323507648936,0.0406609091336362,0.0167150039506304,2.49366276717029,13
SE15,Post,FLAT,21,1.01303516141377,0.239486748527739,1.10341300036731,0.519645982563377,0.0408334347625638,0.0191825441107878,2.20336428794951,13
SE15,Post,FLAT,22,1.15648211199083,0.254028197811245,1.12941180186171,0.593228454739672,0.0410195239795369,0.0214978063316368,1.98985163059356,13
SE15,Post,FLAT,23,1.28952800572581,0.268172921436671,1.14992478061727,0.66147560627926,0.0411983082624942,0.0236467003357556,1.81648594446427,13
SE15,Post,FLAT,24,1.40868994386216,0.281284651094655,1.16425968004427,0.722600851271352,0.0413707567731355,0.025617524297543,1.67842092707969,13
SE15,Post,FLAT,25,1.51090196296525,0.292323653203307,1.17187272914128,0.77503147472818,0.0415429599390617,0.0274065770467037,1.57647399274923,13
SE15,Post,FLAT,26,1.59508892114534,0.301793064882563,1.17245963908085,0.818215972432544,0.0417004101299571,0.0290216919215314,1.50056123577291,13
SE15,Post,FLAT,27,1.66059006398777,0.30862584520923,1.16600260020685,0.851815404148102,0.0418482005863145,0.0304822865698812,1.42832188936561,13
SE15,Post,FLAT,28,1.7087894940425,0.313965465905819,1.15278698152825,0.876539758389498,0.0419780591816292,0.031818132657716,1.36735542263993,13
SE15,Post,FLAT,29,1.74036628566077,0.317230011651348,1.13338916637147,0.892737372778098,0.0421209458911877,0.0330670269983002,1.28059285922878,13
SE15,Post,FLAT,30,1.76019152780025,0.318977444307391,1.1086443984633,0.902906918538732,0.0422281397453047,0.0342724952167036,1.24312682006653,13
SE15,Post,FLAT,31,1.77049022795723,0.318535247546402,1.07957479011475,0.908189734344189,0.0423262312907071,0.0354810751748531,1.20750929001355,13
SE15,Post,FLAT,32,1.77462041788629,0.315931188572809,1.04731971172639,0.910308354393729,0.0424188971932484,0.0367403243421475,1.16210333235601,13
SE15,Post,FLAT,33,1.77659978425325,0.311048188741153,1.0130571168278,0.911323689122266,0.0424936105380257,0.038096725259946,1.12885785300371,13
SE15,Post,FLAT,34,1.77926127584652,0.303751459156248,0.977931179954349,0.912688926447431,0.0425584905156161,0.0395934713646112,1.09474131252031,13
SE15,Post,FLAT,35,1.7851601253517,0.294054342090596,0.942984451718386,0.915714797181113,0.04261717778992,0.0412678171788359,1.05422386791215,13
SE15,Post,FLAT,36,1.79647780900286,0.282376784699586,0.909110574814328,0.921520310222777,0.0426688976576917,0.0431482392431533,1.00994953361636,13
SE15,Post,FLAT,37,1.81462871463159,0.269149621317431,0.877025238146311,0.93083098920917,0.0427153580615144,0.0452518749043001,0.958831675827956,13
SE15,Post,FLAT,38,1.84036750540126,0.254904441906026,0.847250098441766,0.944033945758903,0.0427581254083275,0.0475820804550805,0.904512720269992,13
SE15,Post,FLAT,39,1.8738112128235,0.240121642071029,0.82012083414594,0.961189212294508,0.0427994943417453,0.0501283377060083,0.858087367175562,13
SE15,Post,FLAT,40,1.91486540998488,0.225703875540181,0.795806930497302,0.982248351636229,0.0428366046777388,0.0528675987772588,0.813347987329765,13
SE15,Post,FLAT,41,1.962593236068,0.211692035163365,0.774346891352286,1.00673079215287,0.0428766420928593,0.05576788333144,0.773074756868706,13
SE15,Post,FLAT,42,2.01653779418448,0.198566696838477,0.755683242990682,1.03440216425733,0.0429141292878524,0.0587926707136393,0.73666577782324,13
SE15,Post,FLAT,43,2.07607786561445,0.187062585926259,0.739708054580748,1.06494380792244,0.0429496509114576,0.0619066292827718,0.703865650218275,13
SE15,Post,FLAT,44,2.1404935489405,0.177591832318197,0.726297260417237,1.09798644289647,0.0429900067428469,0.065080141891936,0.674108956559254,13
SE15,Post,FLAT,45,2.21016081564954,0.171131485213976,0.715338327519911,1.13372292731523,0.0430274208984826,0.06829245007025,0.646789842072663,13
SE15,Post,FLAT,46,2.28504159786542,0.167668152695108,0.706744641818262,1.17213373390104,0.0430690393364941,0.0715325835596518,0.616963175932536,13
SE15,Post,FLAT,47,2.36597042866664,0.168005637861796,0.700463898160874,1.21364694430207,0.0431129641376218,0.0747980732418933,0.587649502496997,13
SE15,Post,FLAT,48,2.45378669743294,0.171639799724387,0.696472417465706,1.25869313125221,0.0431602773521675,0.0780913249402611,0.560614769011398,13
SE15,Post,FLAT,49,2.54950899018255,0.178773856229591,0.694765438313067,1.30779478809862,0.043210867180288,0.081414547344159,0.53688001881061,13
SE15,Post,FLAT,50,2.65380873426941,0.18782542556052,0.69533950774506,1.36129632986297,0.0432658573923367,0.0847642762949298,0.515984824177123,13
SE15,Post,FLAT,51,2.76711752150035,0.198643009672531,0.69817968262963,1.41941914565103,0.0433259179965082,0.0881269640046998,0.499804785369923,13
SE15,Post,FLAT,52,2.88940528477648,0.209719125046222,0.703242022630971,1.48214781225962,0.0433895008177817,0.0914769318582578,0.484055556803773,13
SE15,Post,FLAT,53,3.01993442405232,0.221048931968086,0.710445600379025,1.54910397075809,0.0434586469236895,0.0947772144903158,0.468313581534335,13
SE15,Post,FLAT,54,3.15764416081011,0.232141989127094,0.719664462003383,1.61974348475697,0.043531539434657,0.0979836802390504,0.453779106247423,13
SE15,Post,FLAT,55,3.30077871286062,0.242676299481517,0.73073253908416,1.69316570914971,0.0436108549936624,0.101051339488115,0.440423914701623,13
SE15,Post,FLAT,56,3.44754580342541,0.252527336344242,0.743451446945824,1.76845127858451,0.0436974142231064,0.103941898292741,0.42562112389501,13
SE15,Post,FLAT,57,3.59647849741488,0.261618415226805,0.757607494032732,1.84484771481083,0.0437895586874504,0.106630599473877,0.412112082457188,13
SE15,Post,FLAT,58,3.74679602631075,0.269407953248027,0.77299228891244,1.92195451522098,0.0438825889652161,0.109111383938481,0.400272366346647,13
SE15,Post,FLAT,59,3.89798735984941,0.276361212220521,0.78942703939844,1.99950954200023,0.0439780607992386,0.111398609482093,0.39029370983386,13
SE15,Post,FLAT,60,4.05019823222853,0.281771889048003,0.806783589801391,2.07758755088581,0.044078504762403,0.113525520198331,0.381652624207038,13
SE15,Post,FLAT,61,4.20481750223128,0.285708772815035,0.824997891636619,2.15690097014727,0.0441826482678471,0.115539663448081,0.374505358803151,13
SE15,Post,FLAT,62,4.36413106889122,0.287404531562079,0.844069802643407,2.23862237334827,0.0442869834287955,0.117496453627755,0.369248085306088,13
SE15,Post,FLAT,63,4.53052140143739,0.28699284890449,0.864049969174962,2.32397387064905,0.0443922366135212,0.119451325832489,0.364833816704357,13
SE15,Post,FLAT,64,4.70633405728004,0.285160558702954,0.885011560284108,2.41415863794274,0.044499881021012,0.121452368869969,0.360214220099943,13
SE15,Post,FLAT,65,4.89384575608906,0.282257167703893,0.90701379375317,2.51034454015147,0.0446078159171506,0.123534381308602,0.355365464019309,13
SE15,Post,FLAT,66,5.09388231375903,0.279096158696652,0.930058438013478,2.61295518736132,0.0447194465651836,0.125714974283457,0.35023878263052,13
SE15,Post,FLAT,67,5.30700752300925,0.276470046930965,0.954055439713309,2.7222797823885,0.0448298070637537,0.127993291959866,0.344850406752902,13
SE15,Post,FLAT,68,5.53167121014416,0.273879143166719,0.97879708384074,2.83752314895103,0.0449395669450548,0.130351149416283,0.339347631870012,13
SE15,Post,FLAT,69,5.76522497671428,0.272574120508625,1.00394912016209,2.95732676597586,0.0450470339910578,0.132756244833563,0.33382567930469,13
SE15,Post,FLAT,70,6.00318982359859,0.270785576304872,1.02905734203542,3.07939308843417,0.0451529986005589,0.135166579456291,0.328484066968113,13
SE15,Post,FLAT,71,6.23964305430367,0.268269770783861,1.05357100063226,3.20068401305376,0.045261139607333,0.137535814596108,0.323668019647536,13
SE15,Post,FLAT,72,6.46980401146748,0.264184775682735,1.07687312512475,3.31874725635343,0.0453612089339416,0.139818210212967,0.319768335277365,13
SE15,Post,FLAT,73,6.68736201126551,0.258609089438977,1.09831424459187,3.43034569328408,0.0454527309504727,0.141972719948061,0.31629928757719,13
SE15,Post,FLAT,74,6.88550294949223,0.250549808155302,1.11724776410176,3.53198396454326,0.0455390200966504,0.143966341567357,0.313520016468277,13
SE15,Post,FLAT,75,7.05987913777227,0.239665787292423,1.13305392988685,3.62143188219301,0.0456104708982418,0.145776264661615,0.310483180269508,13
SE15,Post,FLAT,76,7.20466915392708,0.227455171529908,1.1451525611327,3.69570329258031,0.0456723981839017,0.147391245368913,0.308306577624864,13
SE15,Post,FLAT,77,7.31766846722526,0.213356351133499,1.15300317142614,3.75366736078292,0.0457121927091533,0.14881274335698,0.306159385563379,13
SE15,Post,FLAT,78,7.39186959462147,0.197330417239381,1.15609141514642,3.79172953199058,0.045753013079902,0.150055973609575,0.304712879957135,13
SE15,Post,FLAT,79,7.43115018097609,0.183378318427005,1.15389761369288,3.81187888086749,0.0457553571130231,0.151150251251117,0.302228440999056,13
SE15,Post,FLAT,80,7.43195795364015,0.170849564694664,1.14586062655535,3.81229323550758,0.045727692678227,0.152138357428691,0.301091455934825,13
SE15,Post,FLAT,81,7.38857402169771,0.162885574789469,1.13134479644781,3.79003903664026,0.0456915630325844,0.153073677846743,0.29865215749823,13
SE15,Post,FLAT,82,7.30297506182847,0.16283945160847,1.10963957888814,3.74613023929351,0.0456175100072397,0.154013481909798,0.295338184996697,13
SE15,Post,FLAT,83,7.17047640870367,0.172166830629404,1.07997563687514,3.67816380000894,0.0455093385680217,0.155008166032893,0.293577889948326,13
SE15,Post,FLAT,84,6.98581796841845,0.192522872057437,1.04159885181148,3.58344150378901,0.04536508064805,0.156087253451197,0.290848952839731,13
SE15,Post,FLAT,85,6.74294339090854,0.218644919686728,0.993877002574315,3.45885668849626,0.0451770197179876,0.157244406811697,0.287611645991145,13
SE15,Post,FLAT,86,6.43488700092872,0.249759672958046,0.936461752371663,3.30083624502756,0.0449381632398437,0.158423969094542,0.284601981233897,13
SE15,Post,FLAT,87,6.05184080223615,0.280539750559112,0.869443531372443,3.10434906879867,0.0446654565096869,0.159513410580911,0.281771040344251,13
SE15,Post,FLAT,88,5.59295581424731,0.309127953839644,0.793505638142195,2.86895966717686,0.0443344946769405,0.160342958492301,0.278359457507811,13
SE15,Post,FLAT,89,5.05778007679957,0.330805496416876,0.710026303888344,2.59443620291526,0.0439571254034917,0.160693552829945,0.274504232954317,13
SE15,Post,FLAT,90,4.45629454106895,0.344023231116353,0.62111338808653,2.28589849946951,0.0435298101734646,0.160314450994248,0.272021897214864,13
SE15,Post,FLAT,91,3.80715103618935,0.3465623837052,0.529508880215641,1.95291418928325,0.0430536475887446,0.158947432938676,0.270202080396707,13
SE15,Post,FLAT,92,3.13768340430981,0.336432080271996,0.438397709525647,1.60950442562122,0.042530448982408,0.156358055227535,0.269948234285399,13
SE15,Post,FLAT,93,2.48075340110406,0.313418140973371,0.351116403321444,1.2725259573568,0.0419704878878938,0.152374220190276,0.272972913262213,13
SE15,Post,FLAT,94,1.87136548057584,0.277836073537043,0.270798996734434,0.95993465076957,0.0413721267501427,0.146938569016335,0.278523838959064,13
SE15,Post,FLAT,95,1.33956477824657,0.232840585275175,0.200037072176319,0.687142442743817,0.0407419796480828,0.140179429302647,0.285929929037939,13
SE15,Post,FLAT,96,0.905729212129769,0.182915034396609,0.140619246565391,0.46460237936528,0.0400944285195217,0.132527694620472,0.298341122032802,13
SE15,Post,FLAT,97,0.577830686835922,0.134097673180063,0.0934051338926678,0.296403724622033,0.0394359275814742,0.124908314606588,0.302552810998768,13
SE15,Post,FLAT,98,0.350122853137416,0.0926059375228782,0.0583333265139163,0.179598834242411,0.0387843541753368,0.118946554493908,0.333832096240043,13
SE15,Post,FLAT,99,0.205862487356869,0.0638013034106054,0.0346155925745599,0.105599113031978,0.0381592272691834,0.116210527747268,0.33462667862424,13
SE15,Post,FLAT,100,0.121867520087698,0.0498866657319934,0.0208852219025837,0.062513098884105,0.0375653689224213,0.113095091089609,0.350067108320078,13
