ParticipantID,Visit,Condition,stance_pct,strain_mean,strain_sd,n_stances
GJ03,Pre,HEEL,0,-0.356906801551768,0.633862243672479,39
GJ03,Pre,HEEL,1,-0.334094943800242,0.637571558368348,39
GJ03,Pre,HEEL,2,-0.319594420940002,0.632702910563251,39
GJ03,Pre,HEEL,3,-0.316240020488252,0.616786407708804,39
GJ03,Pre,HEEL,4,-0.325408615723138,0.589200323417254,39
GJ03,Pre,HEEL,5,-0.346521948039213,0.5514404539369,39
GJ03,Pre,HEEL,6,-0.376513154869189,0.507505041333136,39
GJ03,Pre,HEEL,7,-0.409963921909481,0.462996382352349,39
GJ03,Pre,HEEL,8,-0.439359875738293,0.424355291252561,39
GJ03,Pre,HEEL,9,-0.45596088669907,0.397993645870015,39
GJ03,Pre,HEEL,10,-0.451289726786031,0.390720653915852,39
GJ03,Pre,HEEL,11,-0.418307519393398,0.411095153334232,39
GJ03,Pre,HEEL,12,-0.353089271960064,0.467926655065921,39
GJ03,Pre,HEEL,13,-0.25573650949733,0.564526741602062,39
GJ03,Pre,HEEL,14,-0.130357145265797,0.69648236518345,39
GJ03,Pre,HEEL,15,0.0145811378023838,0.852129856601231,39
GJ03,Pre,HEEL,16,0.167777793977,1.01697008519424,39
GJ03,Pre,HEEL,17,0.317156599176984,1.17610779216043,39
GJ03,Pre,HEEL,18,0.44939718564708,1.31371504663,39
GJ03,Pre,HEEL,19,0.554929833344146,1.41905576571669,39
GJ03,Pre,HEEL,20,0.626433937869028,1.48330977239711,39
GJ03,Pre,HEEL,21,0.660231586263403,1.50234559439975,39
GJ03,Pre,HEEL,22,0.658081789341108,1.47801273832886,39
GJ03,Pre,HEEL,23,0.624311812097239,1.41528230345494,39
GJ03,Pre,HEEL,24,0.566964974107467,1.32350591003742,39
GJ03,Pre,HEEL,25,0.495417332356733,1.21415619076214,39
GJ03,Pre,HEEL,26,0.419991828631472,1.09964485371433,39
GJ03,Pre,HEEL,27,0.350170837757228,0.992282638240415,39
GJ03,Pre,HEEL,28,0.293739937780728,0.902141673235039,39
GJ03,Pre,HEEL,29,0.255747485535228,0.836371279417293,39
GJ03,Pre,HEEL,30,0.238650602094688,0.79843815638752,39
GJ03,Pre,HEEL,31,0.241935529972796,0.787929917289134,39
GJ03,Pre,HEEL,32,0.262648512291089,0.800692445717903,39
GJ03,Pre,HEEL,33,0.295821653625348,0.829702675758499,39
GJ03,Pre,HEEL,34,0.335699161754469,0.867306412715701,39
GJ03,Pre,HEEL,35,0.376474199729075,0.905633029364563,39
GJ03,Pre,HEEL,36,0.412810753919015,0.938171433163697,39
GJ03,Pre,HEEL,37,0.4409314467427,0.960098039130793,39
GJ03,Pre,HEEL,38,0.458733783141127,0.969235739817451,39
GJ03,Pre,HEEL,39,0.465779317907401,0.965189367809391,39
GJ03,Pre,HEEL,40,0.463359338576214,0.949997461920505,39
GJ03,Pre,HEEL,41,0.453775957191201,0.926734846783044,39
GJ03,Pre,HEEL,42,0.44031198471142,0.899665941884597,39
GJ03,Pre,HEEL,43,0.426313477195161,0.872819692788907,39
GJ03,Pre,HEEL,44,0.414673657159221,0.849748959718445,39
GJ03,Pre,HEEL,45,0.407618027295221,0.832723670812123,39
GJ03,Pre,HEEL,46,0.406684208932136,0.823458124098755,39
GJ03,Pre,HEEL,47,0.412225636250752,0.82222455481995,39
GJ03,Pre,HEEL,48,0.423739175482097,0.828318740941493,39
GJ03,Pre,HEEL,49,0.44001743409955,0.840394896656393,39
GJ03,Pre,HEEL,50,0.459528814005675,0.85655340143752,39
GJ03,Pre,HEEL,51,0.48050274794379,0.875053839058269,39
GJ03,Pre,HEEL,52,0.501697075475596,0.894183369713586,39
GJ03,Pre,HEEL,53,0.52192896334371,0.912804795113789,39
GJ03,Pre,HEEL,54,0.540479926511723,0.929932037947553,39
GJ03,Pre,HEEL,55,0.557265176623075,0.945555559131767,39
GJ03,Pre,HEEL,56,0.572526452798311,0.959987824158288,39
GJ03,Pre,HEEL,57,0.586995053340705,0.974094134502338,39
GJ03,Pre,HEEL,58,0.601440590370259,0.988911822471215,39
GJ03,Pre,HEEL,59,0.616806040163642,1.00547452212127,39
GJ03,Pre,HEEL,60,0.633797145543458,1.02472320562878,39
GJ03,Pre,HEEL,61,0.653127975940036,1.04740392568936,39
GJ03,Pre,HEEL,62,0.675035597981833,1.07385320954392,39
GJ03,Pre,HEEL,63,0.699777379890616,1.10426110481808,39
GJ03,Pre,HEEL,64,0.727046014407398,1.1383400125953,39
GJ03,Pre,HEEL,65,0.756622038802791,1.17561318921682,39
GJ03,Pre,HEEL,66,0.787940679649991,1.21560772079036,39
GJ03,Pre,HEEL,67,0.820582327703869,1.25754972357062,39
GJ03,Pre,HEEL,68,0.854017247971117,1.30093953641964,39
GJ03,Pre,HEEL,69,0.887918593316917,1.34529862845959,39
GJ03,Pre,HEEL,70,0.921934703528634,1.39014582894954,39
GJ03,Pre,HEEL,71,0.955962175271977,1.43547161482327,39
GJ03,Pre,HEEL,72,0.990030243874336,1.48112836809987,39
GJ03,Pre,HEEL,73,1.02391710050851,1.5269793231338,39
GJ03,Pre,HEEL,74,1.05775231962726,1.57302976372839,39
GJ03,Pre,HEEL,75,1.09128573583022,1.61910924376278,39
GJ03,Pre,HEEL,76,1.12416764355953,1.66455860574667,39
GJ03,Pre,HEEL,77,1.15578535638531,1.70882329343266,39
GJ03,Pre,HEEL,78,1.18554518820645,1.75086989692113,39
GJ03,Pre,HEEL,79,1.21189120208342,1.78882796154529,39
GJ03,Pre,HEEL,80,1.23377064396904,1.82124072910058,39
GJ03,Pre,HEEL,81,1.24887608270188,1.8450480471988,39
GJ03,Pre,HEEL,82,1.2551549369509,1.85750586820068,39
GJ03,Pre,HEEL,83,1.25071519140764,1.85607729742032,39
GJ03,Pre,HEEL,84,1.23300242955053,1.83730866874718,39
GJ03,Pre,HEEL,85,1.20085710442988,1.79959940954972,39
GJ03,Pre,HEEL,86,1.15287150076396,1.74112708252644,39
GJ03,Pre,HEEL,87,1.08969728071312,1.66266367527087,39
GJ03,Pre,HEEL,88,1.01222994073087,1.56543035189608,39
GJ03,Pre,HEEL,89,0.923181356902013,1.45278440089157,39
GJ03,Pre,HEEL,90,0.826098063964388,1.32957975206557,39
GJ03,Pre,HEEL,91,0.724447571899157,1.20012374626568,39
GJ03,Pre,HEEL,92,0.621173188639858,1.06855629646416,39
GJ03,Pre,HEEL,93,0.517726576936368,0.93696835411229,39
GJ03,Pre,HEEL,94,0.413319923058618,0.805197979220112,39
GJ03,Pre,HEEL,95,0.305366619327573,0.671006267724435,39
GJ03,Pre,HEEL,96,0.190075615762047,0.531786277060236,39
GJ03,Pre,HEEL,97,0.0637243258126908,0.388560535902192,39
GJ03,Pre,HEEL,98,-0.075304109305111,0.260495187822639,39
GJ03,Pre,HEEL,99,-0.225183487125401,0.225799207695006,39
GJ03,Pre,HEEL,100,-0.379310598625144,0.335868926121946,39
GP04,Pre,HEEL,0,0.0419523772518154,0.0365714565504983,14
GP04,Pre,HEEL,1,0.000677833865916295,0.0452669178510287,14
GP04,Pre,HEEL,2,-0.0542877352178399,0.0538514733051284,14
GP04,Pre,HEEL,3,-0.121276024975424,0.0619338823628769,14
GP04,Pre,HEEL,4,-0.19763944027676,0.069167317810994,14
GP04,Pre,HEEL,5,-0.279980461847142,0.0751821598097028,14
GP04,Pre,HEEL,6,-0.364197791189628,0.0793813232250891,14
GP04,Pre,HEEL,7,-0.445568508004919,0.0806614754197743,14
GP04,Pre,HEEL,8,-0.51858617401275,0.0778242412158916,14
GP04,Pre,HEEL,9,-0.576283666824113,0.069912463864666,14
GP04,Pre,HEEL,10,-0.610411811938251,0.0591650930909868,14
GP04,Pre,HEEL,11,-0.611265788412003,0.0560223323893504,14
GP04,Pre,HEEL,12,-0.56887897048219,0.0754075266252479,14
GP04,Pre,HEEL,13,-0.474827056895306,0.113550759044464,14
GP04,Pre,HEEL,14,-0.323124935753437,0.15855270026192,14
GP04,Pre,HEEL,15,-0.114165257313044,0.201389816989023,14
GP04,Pre,HEEL,16,0.146026562320296,0.234972636893023,14
GP04,Pre,HEEL,17,0.444807674199026,0.254728794941202,14
GP04,Pre,HEEL,18,0.764549241822428,0.258505316651663,14
GP04,Pre,HEEL,19,1.08569746425405,0.247538259064265,14
GP04,Pre,HEEL,20,1.38976404997091,0.22632823094861,14
GP04,Pre,HEEL,21,1.66120961256636,0.199436649481774,14
GP04,Pre,HEEL,22,1.8903474515325,0.172565254078745,14
GP04,Pre,HEEL,23,2.07215701681773,0.148891163647227,14
GP04,Pre,HEEL,24,2.20870187005479,0.13076454590097,14
GP04,Pre,HEEL,25,2.30344113720239,0.118177112979009,14
GP04,Pre,HEEL,26,2.36316449518638,0.110521121838744,14
GP04,Pre,HEEL,27,2.39451747704891,0.107997978702522,14
GP04,Pre,HEEL,28,2.40279649298831,0.111811014243827,14
GP04,Pre,HEEL,29,2.39248495059547,0.120105216472545,14
GP04,Pre,HEEL,30,2.36708862991179,0.132484160528254,14
GP04,Pre,HEEL,31,2.32782114881914,0.149057839334062,14
GP04,Pre,HEEL,32,2.27625618894029,0.167509537636785,14
GP04,Pre,HEEL,33,2.21511831432747,0.18739964565189,14
GP04,Pre,HEEL,34,2.14507226178223,0.208697299354912,14
GP04,Pre,HEEL,35,2.06947275420068,0.230449030285068,14
GP04,Pre,HEEL,36,1.98952809245383,0.250852880468581,14
GP04,Pre,HEEL,37,1.9084626438668,0.269992611402517,14
GP04,Pre,HEEL,38,1.82753566206244,0.286328736312188,14
GP04,Pre,HEEL,39,1.74902958518345,0.300159764282991,14
GP04,Pre,HEEL,40,1.67376475705704,0.310194278413196,14
GP04,Pre,HEEL,41,1.602794320735,0.316394868967654,14
GP04,Pre,HEEL,42,1.53645364501992,0.318290976134035,14
GP04,Pre,HEEL,43,1.47486809166071,0.31625975902191,14
GP04,Pre,HEEL,44,1.41805207501094,0.310417921728044,14
GP04,Pre,HEEL,45,1.36601670067059,0.301685556911732,14
GP04,Pre,HEEL,46,1.31873835245828,0.29069132293475,14
GP04,Pre,HEEL,47,1.27608611006021,0.278440007811053,14
GP04,Pre,HEEL,48,1.2380457433417,0.265959957473868,14
GP04,Pre,HEEL,49,1.20404623185195,0.253765135497849,14
GP04,Pre,HEEL,50,1.17534057718412,0.2423139941677,14
GP04,Pre,HEEL,51,1.150594517524,0.231910577059657,14
GP04,Pre,HEEL,52,1.13025341018757,0.222069050952506,14
GP04,Pre,HEEL,53,1.11499915629691,0.212956874683748,14
GP04,Pre,HEEL,54,1.10516265783133,0.203732420768565,14
GP04,Pre,HEEL,55,1.10124453653617,0.194748737482059,14
GP04,Pre,HEEL,56,1.10410122606059,0.185385844125458,14
GP04,Pre,HEEL,57,1.11463567602188,0.17652403640035,14
GP04,Pre,HEEL,58,1.13353885948128,0.167757060644335,14
GP04,Pre,HEEL,59,1.1619211869582,0.160138227647453,14
GP04,Pre,HEEL,60,1.20052371413969,0.153513362926475,14
GP04,Pre,HEEL,61,1.25041099722576,0.148835691599449,14
GP04,Pre,HEEL,62,1.3125497281764,0.146462215262135,14
GP04,Pre,HEEL,63,1.38751348530351,0.146117613457285,14
GP04,Pre,HEEL,64,1.47534158780134,0.148266324168226,14
GP04,Pre,HEEL,65,1.57734400327436,0.151970938672834,14
GP04,Pre,HEEL,66,1.69247746782063,0.15674421564769,14
GP04,Pre,HEEL,67,1.82126193482717,0.161986241594247,14
GP04,Pre,HEEL,68,1.96301996304748,0.167646047210803,14
GP04,Pre,HEEL,69,2.11611379901833,0.173049581116346,14
GP04,Pre,HEEL,70,2.28028818431645,0.178221605641985,14
GP04,Pre,HEEL,71,2.45294616203566,0.182532435185079,14
GP04,Pre,HEEL,72,2.63192542408278,0.186653289848067,14
GP04,Pre,HEEL,73,2.81449360510062,0.189947123458504,14
GP04,Pre,HEEL,74,2.99650749847887,0.193176969653999,14
GP04,Pre,HEEL,75,3.17341534734817,0.195570124719137,14
GP04,Pre,HEEL,76,3.34012420830339,0.198504322115897,14
GP04,Pre,HEEL,77,3.49088910854277,0.202266284824581,14
GP04,Pre,HEEL,78,3.61917069140231,0.205907417149453,14
GP04,Pre,HEEL,79,3.71719406152739,0.210047483932034,14
GP04,Pre,HEEL,80,3.78094365432588,0.213363985981501,14
GP04,Pre,HEEL,81,3.80324088206194,0.216244044865759,14
GP04,Pre,HEEL,82,3.77869760995437,0.219509937531036,14
GP04,Pre,HEEL,83,3.7060254981924,0.2219977897356,14
GP04,Pre,HEEL,84,3.57983785923871,0.222459215103641,14
GP04,Pre,HEEL,85,3.40267654011055,0.222700428603166,14
GP04,Pre,HEEL,86,3.17358010412107,0.218415501916849,14
GP04,Pre,HEEL,87,2.89749149699528,0.212043896866139,14
GP04,Pre,HEEL,88,2.58217303500972,0.201362723739081,14
GP04,Pre,HEEL,89,2.23811281539954,0.186860194375277,14
GP04,Pre,HEEL,90,1.87934490183629,0.168204482921441,14
GP04,Pre,HEEL,91,1.52253412456181,0.14621376667508,14
GP04,Pre,HEEL,92,1.18481230921154,0.121764173821968,14
GP04,Pre,HEEL,93,0.882799307902734,0.0964299585594387,14
GP04,Pre,HEEL,94,0.628930122376553,0.0716646448669949,14
GP04,Pre,HEEL,95,0.430089796403784,0.0496565775194593,14
GP04,Pre,HEEL,96,0.286548425113426,0.0329614861703981,14
GP04,Pre,HEEL,97,0.192098478744632,0.0249796764960541,14
GP04,Pre,HEEL,98,0.136067262954859,0.0253906757288074,14
GP04,Pre,HEEL,99,0.105676383845277,0.0287007129005932,14
GP04,Pre,HEEL,100,0.0886133406945837,0.0318354974959001,14
DF07,Pre,HEEL,0,0.15317470638492,0.084078293739129,15
DF07,Pre,HEEL,1,0.169746096380821,0.12020224041699,15
DF07,Pre,HEEL,2,0.173367673713205,0.154063148458186,15
DF07,Pre,HEEL,3,0.158280890034159,0.179755687476267,15
DF07,Pre,HEEL,4,0.121417281784559,0.19277562846522,15
DF07,Pre,HEEL,5,0.0637164297593251,0.190418990156681,15
DF07,Pre,HEEL,6,-0.00918571807976961,0.172797100240051,15
DF07,Pre,HEEL,7,-0.0878651521760828,0.142784642492219,15
DF07,Pre,HEEL,8,-0.160595504142884,0.106342700583822,15
DF07,Pre,HEEL,9,-0.215174194772528,0.0736629587636151,15
DF07,Pre,HEEL,10,-0.240743704417429,0.0621821207392144,15
DF07,Pre,HEEL,11,-0.228778765833319,0.0791491041516517,15
DF07,Pre,HEEL,12,-0.173613932659001,0.109084854051563,15
DF07,Pre,HEEL,13,-0.0725518378639268,0.143507519535642,15
DF07,Pre,HEEL,14,0.0742569057914414,0.180864751602834,15
DF07,Pre,HEEL,15,0.263838162841767,0.219376874922431,15
DF07,Pre,HEEL,16,0.490321815599929,0.255133964181725,15
DF07,Pre,HEEL,17,0.745273610349348,0.283303068079201,15
DF07,Pre,HEEL,18,1.01836403002465,0.299412763775459,15
DF07,Pre,HEEL,19,1.29751309979926,0.300448812332897,15
DF07,Pre,HEEL,20,1.57192633298012,0.287054662707035,15
DF07,Pre,HEEL,21,1.83103081660402,0.259938156726168,15
DF07,Pre,HEEL,22,2.0684789811749,0.22474561459882,15
DF07,Pre,HEEL,23,2.28001370840798,0.186125762803512,15
DF07,Pre,HEEL,24,2.46529408136181,0.149962797407842,15
DF07,Pre,HEEL,25,2.62592444176063,0.122238574388811,15
DF07,Pre,HEEL,26,2.76596678685671,0.105925179445967,15
DF07,Pre,HEEL,27,2.88767004087403,0.101546134051515,15
DF07,Pre,HEEL,28,2.99277417405753,0.104918760073714,15
DF07,Pre,HEEL,29,3.08170053212841,0.111285251733454,15
DF07,Pre,HEEL,30,3.15319456130293,0.117213514677972,15
DF07,Pre,HEEL,31,3.20421002536628,0.123610228528407,15
DF07,Pre,HEEL,32,3.23287402167788,0.130451392879602,15
DF07,Pre,HEEL,33,3.23598069730581,0.138429422243364,15
DF07,Pre,HEEL,34,3.21449967497992,0.15214392713106,15
DF07,Pre,HEEL,35,3.17001794462329,0.169474855230226,15
DF07,Pre,HEEL,36,3.10513701555911,0.189844025025354,15
DF07,Pre,HEEL,37,3.02608607239968,0.21050121310119,15
DF07,Pre,HEEL,38,2.9378817227481,0.23075424526162,15
DF07,Pre,HEEL,39,2.84660576885295,0.247831561167147,15
DF07,Pre,HEEL,40,2.75820219551936,0.261684773463445,15
DF07,Pre,HEEL,41,2.67669329890983,0.272882955779662,15
DF07,Pre,HEEL,42,2.60575431050407,0.281620303477143,15
DF07,Pre,HEEL,43,2.54676574185438,0.288131636927048,15
DF07,Pre,HEEL,44,2.50053600803861,0.294008996017956,15
DF07,Pre,HEEL,45,2.46678832345508,0.299683117079476,15
DF07,Pre,HEEL,46,2.44456284876516,0.305058723580009,15
DF07,Pre,HEEL,47,2.43267532745994,0.310316618401279,15
DF07,Pre,HEEL,48,2.43002027836742,0.315245662492472,15
DF07,Pre,HEEL,49,2.43591641056926,0.31956982695167,15
DF07,Pre,HEEL,50,2.44998488172948,0.323141842210915,15
DF07,Pre,HEEL,51,2.47240105303898,0.325629925664279,15
DF07,Pre,HEEL,52,2.50356854783169,0.327079917221113,15
DF07,Pre,HEEL,53,2.54386622927237,0.327140383524363,15
DF07,Pre,HEEL,54,2.5939766765478,0.326628394517498,15
DF07,Pre,HEEL,55,2.65377925321447,0.325430932407534,15
DF07,Pre,HEEL,56,2.7231595990642,0.324396909752033,15
DF07,Pre,HEEL,57,2.80135041023019,0.323968909115921,15
DF07,Pre,HEEL,58,2.88738433786733,0.324958425001367,15
DF07,Pre,HEEL,59,2.97990032545017,0.327357851379924,15
DF07,Pre,HEEL,60,3.07776599113265,0.331580269246232,15
DF07,Pre,HEEL,61,3.18008806032809,0.337107780601317,15
DF07,Pre,HEEL,62,3.28611552808365,0.343458430150405,15
DF07,Pre,HEEL,63,3.39631192319948,0.350298475572716,15
DF07,Pre,HEEL,64,3.51166957484386,0.357135813691471,15
DF07,Pre,HEEL,65,3.63356229053409,0.363522473161633,15
DF07,Pre,HEEL,66,3.76424760096585,0.369391451688758,15
DF07,Pre,HEEL,67,3.9061547337703,0.374729543332453,15
DF07,Pre,HEEL,68,4.06217629132909,0.379662236714463,15
DF07,Pre,HEEL,69,4.23432340609186,0.383241567511859,15
DF07,Pre,HEEL,70,4.42451175414524,0.385908965405463,15
DF07,Pre,HEEL,71,4.63310988976884,0.386987389782209,15
DF07,Pre,HEEL,72,4.85976392364537,0.385718871114298,15
DF07,Pre,HEEL,73,5.10229078436687,0.381550191066207,15
DF07,Pre,HEEL,74,5.35452633857514,0.373208856871967,15
DF07,Pre,HEEL,75,5.6120353148795,0.360729041738398,15
DF07,Pre,HEEL,76,5.8649949649439,0.343154650737511,15
DF07,Pre,HEEL,77,6.10326576175615,0.320337808955702,15
DF07,Pre,HEEL,78,6.3164337928968,0.292517076705132,15
DF07,Pre,HEEL,79,6.49094754955782,0.260897415326729,15
DF07,Pre,HEEL,80,6.61677297750316,0.227588830947671,15
DF07,Pre,HEEL,81,6.68131808442295,0.195555249864941,15
DF07,Pre,HEEL,82,6.6771939456059,0.172517687744665,15
DF07,Pre,HEEL,83,6.59365284250728,0.164646638883311,15
DF07,Pre,HEEL,84,6.42245796317204,0.171987294953026,15
DF07,Pre,HEEL,85,6.1618188961386,0.194906473179002,15
DF07,Pre,HEEL,86,5.80832328215872,0.223560580689043,15
DF07,Pre,HEEL,87,5.36591593071686,0.253079533168038,15
DF07,Pre,HEEL,88,4.84190561184709,0.277475400125591,15
DF07,Pre,HEEL,89,4.25379719668287,0.293887388687808,15
DF07,Pre,HEEL,90,3.62353269434466,0.300119564543943,15
DF07,Pre,HEEL,91,2.98030965654925,0.29335097282456,15
DF07,Pre,HEEL,92,2.35579046100853,0.2737256650058,15
DF07,Pre,HEEL,93,1.78040984177206,0.243577399550727,15
DF07,Pre,HEEL,94,1.27948801745592,0.206595394951434,15
DF07,Pre,HEEL,95,0.8689651757824,0.169027396657915,15
DF07,Pre,HEEL,96,0.552550043124732,0.135745131951035,15
DF07,Pre,HEEL,97,0.323959713303599,0.110213146908111,15
DF07,Pre,HEEL,98,0.1687966206661,0.09177023713293,15
DF07,Pre,HEEL,99,0.0690536923047704,0.0776635285004378,15
DF07,Pre,HEEL,100,0.00715382365683556,0.0667695899464336,15
OJ08,Pre,HEEL,0,0.0765830487009328,0.0445134470646565,12
OJ08,Pre,HEEL,1,0.123179038046967,0.094840039917823,12
OJ08,Pre,HEEL,2,0.179879240845374,0.145822862935478,12
OJ08,Pre,HEEL,3,0.239449601126529,0.186446337904772,12
OJ08,Pre,HEEL,4,0.293103854705814,0.208086190505681,12
OJ08,Pre,HEEL,5,0.33234883315096,0.206445495829141,12
OJ08,Pre,HEEL,6,0.350174348249108,0.182822777637272,12
OJ08,Pre,HEEL,7,0.342155142344284,0.143864530098616,12
OJ08,Pre,HEEL,8,0.308206418422601,0.101863765550549,12
OJ08,Pre,HEEL,9,0.25256242515289,0.0739906598427524,12
OJ08,Pre,HEEL,10,0.185371586319833,0.0752865408538058,12
OJ08,Pre,HEEL,11,0.121906141817566,0.0943167239549747,12
OJ08,Pre,HEEL,12,0.0804429665772725,0.118003100801761,12
OJ08,Pre,HEEL,13,0.0793422746608385,0.146467767930757,12
OJ08,Pre,HEEL,14,0.133001168215911,0.182577612122238,12
OJ08,Pre,HEEL,15,0.248494229631998,0.224907678760407,12
OJ08,Pre,HEEL,16,0.423252400048959,0.267050225620731,12
OJ08,Pre,HEEL,17,0.645779677631208,0.301755537671562,12
OJ08,Pre,HEEL,18,0.897260241884813,0.322138315161917,12
OJ08,Pre,HEEL,19,1.15761885653962,0.325923716490575,12
OJ08,Pre,HEEL,20,1.40702272832919,0.314402744168682,12
OJ08,Pre,HEEL,21,1.63265812420611,0.290865558811386,12
OJ08,Pre,HEEL,22,1.82611617380406,0.260678299749204,12
OJ08,Pre,HEEL,23,1.98700439756903,0.231283681802312,12
OJ08,Pre,HEEL,24,2.11898667857356,0.2081539404739,12
OJ08,Pre,HEEL,25,2.22834457233641,0.196402170142277,12
OJ08,Pre,HEEL,26,2.32097484839812,0.198046624222838,12
OJ08,Pre,HEEL,27,2.40152653919509,0.211963334603881,12
OJ08,Pre,HEEL,28,2.47519465970272,0.236540449023741,12
OJ08,Pre,HEEL,29,2.5376019588756,0.266370403588593,12
OJ08,Pre,HEEL,30,2.59127057571285,0.301480680387745,12
OJ08,Pre,HEEL,31,2.63441151258405,0.340161115709072,12
OJ08,Pre,HEEL,32,2.66405199921374,0.380002829321822,12
OJ08,Pre,HEEL,33,2.67721912372945,0.420787268797543,12
OJ08,Pre,HEEL,34,2.67644375172773,0.460345577617392,12
OJ08,Pre,HEEL,35,2.65874269171724,0.495963474146446,12
OJ08,Pre,HEEL,36,2.62685702764082,0.52643530223364,12
OJ08,Pre,HEEL,37,2.58152996445333,0.550772015356497,12
OJ08,Pre,HEEL,38,2.52642174051589,0.568175525685835,12
OJ08,Pre,HEEL,39,2.46425585611675,0.578055850143022,12
OJ08,Pre,HEEL,40,2.39925190242213,0.581634781466394,12
OJ08,Pre,HEEL,41,2.33504389701491,0.579309940570602,12
OJ08,Pre,HEEL,42,2.27520984592441,0.572682868561225,12
OJ08,Pre,HEEL,43,2.22259203519322,0.563212053949098,12
OJ08,Pre,HEEL,44,2.17959376481233,0.552156726982335,12
OJ08,Pre,HEEL,45,2.14804064434147,0.540750501585235,12
OJ08,Pre,HEEL,46,2.12846513618093,0.529782823530648,12
OJ08,Pre,HEEL,47,2.12138105827116,0.519412635799037,12
OJ08,Pre,HEEL,48,2.12566218382369,0.509579755134376,12
OJ08,Pre,HEEL,49,2.14108895337988,0.500668513125114,12
OJ08,Pre,HEEL,50,2.16635739249415,0.492120550089693,12
OJ08,Pre,HEEL,51,2.20105411886657,0.484642356267631,12
OJ08,Pre,HEEL,52,2.24421211017305,0.478086031121726,12
OJ08,Pre,HEEL,53,2.29651085365503,0.472687997625041,12
OJ08,Pre,HEEL,54,2.35783770630332,0.467886416531869,12
OJ08,Pre,HEEL,55,2.42930497575614,0.462973166856991,12
OJ08,Pre,HEEL,56,2.51286656923693,0.45724025639372,12
OJ08,Pre,HEEL,57,2.60938115302402,0.449482360955125,12
OJ08,Pre,HEEL,58,2.72003903703877,0.438882895090272,12
OJ08,Pre,HEEL,59,2.84527628744554,0.425400245313268,12
OJ08,Pre,HEEL,60,2.98506772804221,0.409423489543692,12
OJ08,Pre,HEEL,61,3.13877863324697,0.392741276171492,12
OJ08,Pre,HEEL,62,3.30519470719654,0.376576731464413,12
OJ08,Pre,HEEL,63,3.48364238139543,0.362721444396595,12
OJ08,Pre,HEEL,64,3.67319038508384,0.352449221735602,12
OJ08,Pre,HEEL,65,3.87290389887367,0.345756016239581,12
OJ08,Pre,HEEL,66,4.08317651561741,0.341975872596472,12
OJ08,Pre,HEEL,67,4.30469408842827,0.339493917501618,12
OJ08,Pre,HEEL,68,4.53768045906651,0.337378924863917,12
OJ08,Pre,HEEL,69,4.78292903561364,0.33401583301415,12
OJ08,Pre,HEEL,70,5.04061901201554,0.329254460994991,12
OJ08,Pre,HEEL,71,5.30991897595298,0.322287757435028,12
OJ08,Pre,HEEL,72,5.58748598487559,0.311542716973533,12
OJ08,Pre,HEEL,73,5.86812736046647,0.29895298004843,12
OJ08,Pre,HEEL,74,6.14611261561176,0.283811153196458,12
OJ08,Pre,HEEL,75,6.40901494610497,0.264922085655855,12
OJ08,Pre,HEEL,76,6.64652264869014,0.242738166048981,12
OJ08,Pre,HEEL,77,6.84448179916055,0.219420170024517,12
OJ08,Pre,HEEL,78,6.99163633964986,0.200649783245826,12
OJ08,Pre,HEEL,79,7.07079155349419,0.192814261244828,12
OJ08,Pre,HEEL,80,7.07489189202284,0.202814700196622,12
OJ08,Pre,HEEL,81,6.99704250543014,0.228147851858729,12
OJ08,Pre,HEEL,82,6.83455054560676,0.263012828675487,12
OJ08,Pre,HEEL,83,6.5945406541167,0.300123092101685,12
OJ08,Pre,HEEL,84,6.28281776540824,0.33131396670893,12
OJ08,Pre,HEEL,85,5.91201846538894,0.356627119898874,12
OJ08,Pre,HEEL,86,5.48953122451506,0.371349382157363,12
OJ08,Pre,HEEL,87,5.02690901915745,0.372650727104174,12
OJ08,Pre,HEEL,88,4.5257546703102,0.365912048796596,12
OJ08,Pre,HEEL,89,3.993059798813,0.348571695919076,12
OJ08,Pre,HEEL,90,3.43402191045053,0.324992671509583,12
OJ08,Pre,HEEL,91,2.86080567750707,0.295566417138254,12
OJ08,Pre,HEEL,92,2.29391345273588,0.261852870307631,12
OJ08,Pre,HEEL,93,1.75709363160246,0.224393617962651,12
OJ08,Pre,HEEL,94,1.27831209147217,0.185112083998237,12
OJ08,Pre,HEEL,95,0.878744005808623,0.146910464318089,12
OJ08,Pre,HEEL,96,0.568642169291548,0.115702651158689,12
OJ08,Pre,HEEL,97,0.344647648687278,0.0967565871652749,12
OJ08,Pre,HEEL,98,0.19173470948333,0.0906667284878626,12
OJ08,Pre,HEEL,99,0.0884291412909385,0.0930678753254187,12
OJ08,Pre,HEEL,100,0.0142996772417185,0.101022752885466,12
RL10,Pre,HEEL,0,0.139702623022587,0.0470560407932633,12
RL10,Pre,HEEL,1,0.236434665539014,0.0819735755157989,12
RL10,Pre,HEEL,2,0.329088702886032,0.120037736667151,12
RL10,Pre,HEEL,3,0.398290717557154,0.152819654887563,12
RL10,Pre,HEEL,4,0.42810208951171,0.17283885951263,12
RL10,Pre,HEEL,5,0.410432456511617,0.175543004483563,12
RL10,Pre,HEEL,6,0.347404530810962,0.161170035488991,12
RL10,Pre,HEEL,7,0.250474516904514,0.136364448989178,12
RL10,Pre,HEEL,8,0.13653387748583,0.115116060601724,12
RL10,Pre,HEEL,9,0.0241366381704398,0.115334090502016,12
RL10,Pre,HEEL,10,-0.0706584118481875,0.141198723729665,12
RL10,Pre,HEEL,11,-0.135963938307998,0.182021168573565,12
RL10,Pre,HEEL,12,-0.164824013416955,0.230266032790381,12
RL10,Pre,HEEL,13,-0.154082233485704,0.282609253040829,12
RL10,Pre,HEEL,14,-0.103519636874249,0.336475386417336,12
RL10,Pre,HEEL,15,-0.0151321766158844,0.388277515585273,12
RL10,Pre,HEEL,16,0.107426444351426,0.433635755499689,12
RL10,Pre,HEEL,17,0.258369254542623,0.468575111708273,12
RL10,Pre,HEEL,18,0.430398263210708,0.4902407801317,12
RL10,Pre,HEEL,19,0.614686830378551,0.497659754507876,12
RL10,Pre,HEEL,20,0.801357314992085,0.491709869054444,12
RL10,Pre,HEEL,21,0.982417325927564,0.475409894459818,12
RL10,Pre,HEEL,22,1.14999153351646,0.451039009733367,12
RL10,Pre,HEEL,23,1.30138578769051,0.42537316889149,12
RL10,Pre,HEEL,24,1.43374169012161,0.402276969780584,12
RL10,Pre,HEEL,25,1.54823354835266,0.384665505069655,12
RL10,Pre,HEEL,26,1.64695893571878,0.374924728033787,12
RL10,Pre,HEEL,27,1.73063729883436,0.371756211169672,12
RL10,Pre,HEEL,28,1.80088245165421,0.373334999102229,12
RL10,Pre,HEEL,29,1.85803352766185,0.376534297476274,12
RL10,Pre,HEEL,30,1.90022734419542,0.38025480055952,12
RL10,Pre,HEEL,31,1.92685955155116,0.383396184676542,12
RL10,Pre,HEEL,32,1.93690499251491,0.386230783909954,12
RL10,Pre,HEEL,33,1.93110254472404,0.38951565329833,12
RL10,Pre,HEEL,34,1.90934273818122,0.393081996565058,12
RL10,Pre,HEEL,35,1.8750225632922,0.398025525694881,12
RL10,Pre,HEEL,36,1.83059177933732,0.402933702434239,12
RL10,Pre,HEEL,37,1.77988216106219,0.407278553564044,12
RL10,Pre,HEEL,38,1.72637549237983,0.409910184404245,12
RL10,Pre,HEEL,39,1.67345019212687,0.409982359395809,12
RL10,Pre,HEEL,40,1.62405508901864,0.40734390149969,12
RL10,Pre,HEEL,41,1.5804431626346,0.402377838110982,12
RL10,Pre,HEEL,42,1.54388748019029,0.396151856205685,12
RL10,Pre,HEEL,43,1.51571880524553,0.390161133983459,12
RL10,Pre,HEEL,44,1.49640827584589,0.384544268850977,12
RL10,Pre,HEEL,45,1.4863942876323,0.381003749322938,12
RL10,Pre,HEEL,46,1.48541129498054,0.379979039703855,12
RL10,Pre,HEEL,47,1.49346570464457,0.381772784134769,12
RL10,Pre,HEEL,48,1.50978165891852,0.384958462718209,12
RL10,Pre,HEEL,49,1.53323512133978,0.389591652759858,12
RL10,Pre,HEEL,50,1.56385969419666,0.394903075293674,12
RL10,Pre,HEEL,51,1.60001933889727,0.399307350463586,12
RL10,Pre,HEEL,52,1.64094836593551,0.402501951234598,12
RL10,Pre,HEEL,53,1.68612273057813,0.403644826285572,12
RL10,Pre,HEEL,54,1.73627483953461,0.403045673512423,12
RL10,Pre,HEEL,55,1.79052702581018,0.400890754950768,12
RL10,Pre,HEEL,56,1.85041820442493,0.397595787217984,12
RL10,Pre,HEEL,57,1.91688045375143,0.393741858724117,12
RL10,Pre,HEEL,58,1.99236782799476,0.390807103895659,12
RL10,Pre,HEEL,59,2.07615911285216,0.388526099746086,12
RL10,Pre,HEEL,60,2.17119331916375,0.387888120513629,12
RL10,Pre,HEEL,61,2.27646780594842,0.389117800272856,12
RL10,Pre,HEEL,62,2.39246032488462,0.390882479526448,12
RL10,Pre,HEEL,63,2.51957504396556,0.39516235758982,12
RL10,Pre,HEEL,64,2.65565716486755,0.399702875105757,12
RL10,Pre,HEEL,65,2.8011473912966,0.404622047470017,12
RL10,Pre,HEEL,66,2.95567418843469,0.410710303574779,12
RL10,Pre,HEEL,67,3.11890857380466,0.417843220275418,12
RL10,Pre,HEEL,68,3.29030334513509,0.424693142954749,12
RL10,Pre,HEEL,69,3.46947610042427,0.431655416568782,12
RL10,Pre,HEEL,70,3.65594112879131,0.437638305246696,12
RL10,Pre,HEEL,71,3.84729762951677,0.441094867211864,12
RL10,Pre,HEEL,72,4.04120397196736,0.439133445995145,12
RL10,Pre,HEEL,73,4.23179147904862,0.431322076484736,12
RL10,Pre,HEEL,74,4.41203663275369,0.416669081976379,12
RL10,Pre,HEEL,75,4.57404299370212,0.393821687592492,12
RL10,Pre,HEEL,76,4.70887180107167,0.366078709328266,12
RL10,Pre,HEEL,77,4.80562522934658,0.334354531546933,12
RL10,Pre,HEEL,78,4.85748426092988,0.302967319890443,12
RL10,Pre,HEEL,79,4.85611339160836,0.277772026349612,12
RL10,Pre,HEEL,80,4.79889926041871,0.262589579644408,12
RL10,Pre,HEEL,81,4.68466692753017,0.259089724427705,12
RL10,Pre,HEEL,82,4.51823841782553,0.265489892564454,12
RL10,Pre,HEEL,83,4.30587150917098,0.276562073628161,12
RL10,Pre,HEEL,84,4.05583076105856,0.2865482763506,12
RL10,Pre,HEEL,85,3.77798913282141,0.29310817732054,12
RL10,Pre,HEEL,86,3.4785899319694,0.293772768491147,12
RL10,Pre,HEEL,87,3.16284414068501,0.290215647673701,12
RL10,Pre,HEEL,88,2.83384764755078,0.28170073873919,12
RL10,Pre,HEEL,89,2.49373673769842,0.268487668680892,12
RL10,Pre,HEEL,90,2.1470803126727,0.251988394871378,12
RL10,Pre,HEEL,91,1.80131345303138,0.231243505956158,12
RL10,Pre,HEEL,92,1.4683687094042,0.205640502336175,12
RL10,Pre,HEEL,93,1.16216059159007,0.17587873393771,12
RL10,Pre,HEEL,94,0.895642555126219,0.143417322157741,12
RL10,Pre,HEEL,95,0.677721928310556,0.111372706114625,12
RL10,Pre,HEEL,96,0.510084437339274,0.084042222892329,12
RL10,Pre,HEEL,97,0.386390878509945,0.0643695511553772,12
RL10,Pre,HEEL,98,0.294541062882162,0.0518127252329024,12
RL10,Pre,HEEL,99,0.220573878264017,0.0428512689686071,12
RL10,Pre,HEEL,100,0.153155137321457,0.0351458959862659,12
SS11,Pre,HEEL,0,0.140633512847864,0.0504386282951857,12
SS11,Pre,HEEL,1,0.237723912526095,0.07101674087951,12
SS11,Pre,HEEL,2,0.334369411135827,0.0888771111736916,12
SS11,Pre,HEEL,3,0.414751627488509,0.100473013914925,12
SS11,Pre,HEEL,4,0.465525919825741,0.103346632675596,12
SS11,Pre,HEEL,5,0.479159535463341,0.0969111515534959,12
SS11,Pre,HEEL,6,0.456009742365747,0.0822714217901702,12
SS11,Pre,HEEL,7,0.404388375861735,0.0627380703495934,12
SS11,Pre,HEEL,8,0.337550355972281,0.0432649065998551,12
SS11,Pre,HEEL,9,0.2716023524373,0.0303154732420561,12
SS11,Pre,HEEL,10,0.222133336233564,0.0302771022979934,12
SS11,Pre,HEEL,11,0.202081979009249,0.0400335431464986,12
SS11,Pre,HEEL,12,0.22024983312812,0.0554556223892426,12
SS11,Pre,HEEL,13,0.280765181933501,0.0752916982666839,12
SS11,Pre,HEEL,14,0.382923502598894,0.0977760717799113,12
SS11,Pre,HEEL,15,0.521554428039843,0.119778868104787,12
SS11,Pre,HEEL,16,0.687616508628527,0.13839614192598,12
SS11,Pre,HEEL,17,0.869024122408979,0.151615478215054,12
SS11,Pre,HEEL,18,1.05298593309799,0.159184254111814,12
SS11,Pre,HEEL,19,1.22774286269553,0.162084547005795,12
SS11,Pre,HEEL,20,1.38234393305411,0.161354151153782,12
SS11,Pre,HEEL,21,1.51241514392193,0.159212162244943,12
SS11,Pre,HEEL,22,1.61614572927951,0.156849040521854,12
SS11,Pre,HEEL,23,1.69460012605305,0.154881433033387,12
SS11,Pre,HEEL,24,1.75487677995415,0.15415079230828,12
SS11,Pre,HEEL,25,1.8011008060554,0.152326457480476,12
SS11,Pre,HEEL,26,1.83857644781877,0.151017795441831,12
SS11,Pre,HEEL,27,1.87223553308206,0.149571661350039,12
SS11,Pre,HEEL,28,1.90229942164386,0.148413590228697,12
SS11,Pre,HEEL,29,1.92846515856006,0.14870751376496,12
SS11,Pre,HEEL,30,1.94840272379014,0.149431753389808,12
SS11,Pre,HEEL,31,1.96083327884644,0.153594734998467,12
SS11,Pre,HEEL,32,1.9626536185413,0.160990220240647,12
SS11,Pre,HEEL,33,1.95062356450857,0.169836754417231,12
SS11,Pre,HEEL,34,1.92565406849746,0.181084061860863,12
SS11,Pre,HEEL,35,1.88800416290148,0.193136226238552,12
SS11,Pre,HEEL,36,1.83991490481352,0.205253154429496,12
SS11,Pre,HEEL,37,1.78472686490521,0.216399792002429,12
SS11,Pre,HEEL,38,1.72645308594638,0.226105611498054,12
SS11,Pre,HEEL,39,1.66831748305789,0.233247029965882,12
SS11,Pre,HEEL,40,1.6142289430648,0.238104626056329,12
SS11,Pre,HEEL,41,1.56656610375884,0.240628900911868,12
SS11,Pre,HEEL,42,1.5275263504067,0.241482734147028,12
SS11,Pre,HEEL,43,1.4977973518293,0.24084922273466,12
SS11,Pre,HEEL,44,1.47790082230756,0.239652855198738,12
SS11,Pre,HEEL,45,1.46787360312983,0.238771899851661,12
SS11,Pre,HEEL,46,1.46689276693991,0.238436513845791,12
SS11,Pre,HEEL,47,1.47482261422156,0.239107169979317,12
SS11,Pre,HEEL,48,1.490846415456,0.240488028848283,12
SS11,Pre,HEEL,49,1.51433667010554,0.242603132379393,12
SS11,Pre,HEEL,50,1.54479540566153,0.244948330576062,12
SS11,Pre,HEEL,51,1.58136484850092,0.24726803305222,12
SS11,Pre,HEEL,52,1.62327557193165,0.249502805990188,12
SS11,Pre,HEEL,53,1.66962507711418,0.251625262382272,12
SS11,Pre,HEEL,54,1.71966946634586,0.254168615138682,12
SS11,Pre,HEEL,55,1.77252166097212,0.257158594687887,12
SS11,Pre,HEEL,56,1.82793644015412,0.26137510321971,12
SS11,Pre,HEEL,57,1.88581732056188,0.267071119003488,12
SS11,Pre,HEEL,58,1.94639114254503,0.274517247446922,12
SS11,Pre,HEEL,59,2.01079524847946,0.28362828501409,12
SS11,Pre,HEEL,60,2.08039510131914,0.294246688556348,12
SS11,Pre,HEEL,61,2.15702195530161,0.306131009599909,12
SS11,Pre,HEEL,62,2.24230937660152,0.318909145153289,12
SS11,Pre,HEEL,63,2.33828498322424,0.331950771912439,12
SS11,Pre,HEEL,64,2.44685457535814,0.344266240001638,12
SS11,Pre,HEEL,65,2.56885700175151,0.355927757217005,12
SS11,Pre,HEEL,66,2.70416427316478,0.365588058364231,12
SS11,Pre,HEEL,67,2.85252412012125,0.372536283057906,12
SS11,Pre,HEEL,68,3.01211417961744,0.376000909980287,12
SS11,Pre,HEEL,69,3.18101855412035,0.375847608516422,12
SS11,Pre,HEEL,70,3.35694401059925,0.371503180036031,12
SS11,Pre,HEEL,71,3.53692436797072,0.362984987026616,12
SS11,Pre,HEEL,72,3.7172247453789,0.350116449255079,12
SS11,Pre,HEEL,73,3.89672757214984,0.333946682355215,12
SS11,Pre,HEEL,74,4.06972976465041,0.312801177811429,12
SS11,Pre,HEEL,75,4.23438713520163,0.28865999387024,12
SS11,Pre,HEEL,76,4.38575800663728,0.2617676410515,12
SS11,Pre,HEEL,77,4.51999483774282,0.233827849666098,12
SS11,Pre,HEEL,78,4.6326253860056,0.202311425152496,12
SS11,Pre,HEEL,79,4.71880227872868,0.176509489139279,12
SS11,Pre,HEEL,80,4.77457313376584,0.155545544500438,12
SS11,Pre,HEEL,81,4.79362077008378,0.144386169809461,12
SS11,Pre,HEEL,82,4.77279643972967,0.14725450823701,12
SS11,Pre,HEEL,83,4.70944557667801,0.162148008954772,12
SS11,Pre,HEEL,84,4.60032027106758,0.183589123274001,12
SS11,Pre,HEEL,85,4.44404744586671,0.206280840882347,12
SS11,Pre,HEEL,86,4.23941290978702,0.226568303029371,12
SS11,Pre,HEEL,87,3.98537713706839,0.242890894575609,12
SS11,Pre,HEEL,88,3.68251772115783,0.252912470572615,12
SS11,Pre,HEEL,89,3.33634929365941,0.255578351710316,12
SS11,Pre,HEEL,90,2.95436941839995,0.249258965287915,12
SS11,Pre,HEEL,91,2.5538663291324,0.236305761172571,12
SS11,Pre,HEEL,92,2.15044603027545,0.213532276499232,12
SS11,Pre,HEEL,93,1.7669548241041,0.185554903126438,12
SS11,Pre,HEEL,94,1.42155064082015,0.153946643250695,12
SS11,Pre,HEEL,95,1.12773009428427,0.124349031194603,12
SS11,Pre,HEEL,96,0.889235684552502,0.102060068833165,12
SS11,Pre,HEEL,97,0.701559051700936,0.0903849625425981,12
SS11,Pre,HEEL,98,0.553970722423904,0.0875061534157592,12
SS11,Pre,HEEL,99,0.431739395783766,0.0873325372803841,12
SS11,Pre,HEEL,100,0.323258177971124,0.0858979126851531,12
SE15,Pre,HEEL,0,0.295339113918406,0.0966531492985063,14
SE15,Pre,HEEL,1,0.390367095164274,0.126000559756554,14
SE15,Pre,HEEL,2,0.458517460573029,0.150841958285389,14
SE15,Pre,HEEL,3,0.479476533019296,0.168640528750349,14
SE15,Pre,HEEL,4,0.439392256604265,0.178236056595707,14
SE15,Pre,HEEL,5,0.334908323015303,0.179574896585895,14
SE15,Pre,HEEL,6,0.174994645170069,0.173398764053486,14
SE15,Pre,HEEL,7,-0.0201991978610597,0.161544510342602,14
SE15,Pre,HEEL,8,-0.223295737527266,0.146732139456196,14
SE15,Pre,HEEL,9,-0.405147909100269,0.133487994750653,14
SE15,Pre,HEEL,10,-0.539553800832034,0.129244021019551,14
SE15,Pre,HEEL,11,-0.608026942384655,0.143059521740073,14
SE15,Pre,HEEL,12,-0.601150003954062,0.177362023339662,14
SE15,Pre,HEEL,13,-0.518763887588025,0.225562538770244,14
SE15,Pre,HEEL,14,-0.369098880012521,0.277841485777883,14
SE15,Pre,HEEL,15,-0.165688885495227,0.323791395888702,14
SE15,Pre,HEEL,16,0.0743629678141228,0.354990631690467,14
SE15,Pre,HEEL,17,0.333015045567272,0.364722016568437,14
SE15,Pre,HEEL,18,0.593962375972064,0.352531527249686,14
SE15,Pre,HEEL,19,0.842742914037656,0.321106800563215,14
SE15,Pre,HEEL,20,1.06956051891449,0.278490921621962,14
SE15,Pre,HEEL,21,1.26810927353266,0.235521866331054,14
SE15,Pre,HEEL,22,1.43703224361954,0.204169030533005,14
SE15,Pre,HEEL,23,1.57775286669499,0.190294762893364,14
SE15,Pre,HEEL,24,1.69526957440289,0.190373644148103,14
SE15,Pre,HEEL,25,1.7961512193582,0.195636347076205,14
SE15,Pre,HEEL,26,1.88407233322638,0.200891874569146,14
SE15,Pre,HEEL,27,1.96434421862834,0.201698375621386,14
SE15,Pre,HEEL,28,2.04167011365882,0.200990703241056,14
SE15,Pre,HEEL,29,2.11506282903523,0.200967366631088,14
SE15,Pre,HEEL,30,2.18370864354893,0.202912378790712,14
SE15,Pre,HEEL,31,2.24935596987354,0.207169462978822,14
SE15,Pre,HEEL,32,2.30560868724482,0.214654376796756,14
SE15,Pre,HEEL,33,2.35503088123599,0.22529249571145,14
SE15,Pre,HEEL,34,2.3943504072355,0.238423587971158,14
SE15,Pre,HEEL,35,2.42461694987426,0.253955938810399,14
SE15,Pre,HEEL,36,2.44614810290539,0.271072533740243,14
SE15,Pre,HEEL,37,2.45948846417366,0.28923246313353,14
SE15,Pre,HEEL,38,2.46671291011327,0.309131593531201,14
SE15,Pre,HEEL,39,2.46884340571372,0.330279091119233,14
SE15,Pre,HEEL,40,2.46791530239701,0.352855046135726,14
SE15,Pre,HEEL,41,2.46548405633809,0.37642713043731,14
SE15,Pre,HEEL,42,2.4627972734577,0.40036040421698,14
SE15,Pre,HEEL,43,2.46076375058765,0.423824340276048,14
SE15,Pre,HEEL,44,2.46033301490446,0.445787307497403,14
SE15,Pre,HEEL,45,2.46225120526852,0.465570761599025,14
SE15,Pre,HEEL,46,2.46676562098286,0.482729357974571,14
SE15,Pre,HEEL,47,2.47436543042314,0.496802142546019,14
SE15,Pre,HEEL,48,2.48553795999865,0.50808353950426,14
SE15,Pre,HEEL,49,2.50053327695106,0.516542960217142,14
SE15,Pre,HEEL,50,2.51994332247999,0.522674029969824,14
SE15,Pre,HEEL,51,2.54341016377237,0.527073638185229,14
SE15,Pre,HEEL,52,2.57250553332321,0.530447553755576,14
SE15,Pre,HEEL,53,2.60697702900385,0.533690717049416,14
SE15,Pre,HEEL,54,2.64797834166811,0.536688419004339,14
SE15,Pre,HEEL,55,2.69631484348337,0.539713586531175,14
SE15,Pre,HEEL,56,2.75401135204502,0.542364426744376,14
SE15,Pre,HEEL,57,2.82275741161056,0.543292113511383,14
SE15,Pre,HEEL,58,2.90451454051307,0.543292184696932,14
SE15,Pre,HEEL,59,3.00175205129586,0.541367782632754,14
SE15,Pre,HEEL,60,3.11696424735516,0.53779074710177,14
SE15,Pre,HEEL,61,3.25176863370154,0.534321494272276,14
SE15,Pre,HEEL,62,3.40775149201638,0.53123404262065,14
SE15,Pre,HEEL,63,3.58464155618909,0.530235058895023,14
SE15,Pre,HEEL,64,3.78308781804061,0.530955150331647,14
SE15,Pre,HEEL,65,4.00249664679332,0.533382441685869,14
SE15,Pre,HEEL,66,4.24091980326288,0.536418374480327,14
SE15,Pre,HEEL,67,4.49767941370106,0.538194034127497,14
SE15,Pre,HEEL,68,4.7722670902216,0.537788401933483,14
SE15,Pre,HEEL,69,5.06252693024881,0.533856987982065,14
SE15,Pre,HEEL,70,5.3684082982232,0.526206312196209,14
SE15,Pre,HEEL,71,5.68770438320146,0.513973926018028,14
SE15,Pre,HEEL,72,6.01782327778384,0.497068245049406,14
SE15,Pre,HEEL,73,6.35377530838018,0.477458919061659,14
SE15,Pre,HEEL,74,6.69073722355992,0.454296608778614,14
SE15,Pre,HEEL,75,7.01882739371729,0.429310782332715,14
SE15,Pre,HEEL,76,7.32706008187364,0.405059325743274,14
SE15,Pre,HEEL,77,7.60546485014358,0.380707503580073,14
SE15,Pre,HEEL,78,7.84579465245299,0.359691568980561,14
SE15,Pre,HEEL,79,8.02903626156847,0.345305191801562,14
SE15,Pre,HEEL,80,8.1566931563497,0.335118565750635,14
SE15,Pre,HEEL,81,8.21774951220252,0.333945819389349,14
SE15,Pre,HEEL,82,8.20231787856689,0.337804676432279,14
SE15,Pre,HEEL,83,8.10684865718519,0.350686914830758,14
SE15,Pre,HEEL,84,7.9210442172369,0.364563564263345,14
SE15,Pre,HEEL,85,7.63837738710858,0.380095351993763,14
SE15,Pre,HEEL,86,7.25838366350767,0.396241679847499,14
SE15,Pre,HEEL,87,6.77645064958988,0.409823949896624,14
SE15,Pre,HEEL,88,6.20009764929499,0.418993261608706,14
SE15,Pre,HEEL,89,5.54055354182097,0.420425622747783,14
SE15,Pre,HEEL,90,4.82360947727178,0.415435451592063,14
SE15,Pre,HEEL,91,4.08472421609311,0.398890404388936,14
SE15,Pre,HEEL,92,3.36145248340137,0.374292682645048,14
SE15,Pre,HEEL,93,2.69194515923336,0.341813335798865,14
SE15,Pre,HEEL,94,2.10565586283332,0.307594402642586,14
SE15,Pre,HEEL,95,1.61997509711131,0.275812270110129,14
SE15,Pre,HEEL,96,1.23682502450981,0.251010596913316,14
SE15,Pre,HEEL,97,0.942534307163179,0.232327822161319,14
SE15,Pre,HEEL,98,0.715262170908798,0.216784265366184,14
SE15,Pre,HEEL,99,0.52955393174115,0.19980084899949,14
SE15,Pre,HEEL,100,0.365988794027506,0.179650910784353,14
GJ03,Pre,FLAT,0,-0.274765709234489,0.583093002716357,40
GJ03,Pre,FLAT,1,-0.25572767862742,0.579884508912748,40
GJ03,Pre,FLAT,2,-0.244907592238478,0.569601283818055,40
GJ03,Pre,FLAT,3,-0.243801675227482,0.551010409732636,40
GJ03,Pre,FLAT,4,-0.252118531333071,0.524902759859328,40
GJ03,Pre,FLAT,5,-0.267526302986263,0.494369305274831,40
GJ03,Pre,FLAT,6,-0.285596097281586,0.464123330020734,40
GJ03,Pre,FLAT,7,-0.300288164175195,0.438945560491043,40
GJ03,Pre,FLAT,8,-0.304769406245887,0.422081010405153,40
GJ03,Pre,FLAT,9,-0.292596440672146,0.415197202758707,40
GJ03,Pre,FLAT,10,-0.258914333797453,0.421111366425281,40
GJ03,Pre,FLAT,11,-0.201428789731967,0.445844128557138,40
GJ03,Pre,FLAT,12,-0.121085955435593,0.497285958921742,40
GJ03,Pre,FLAT,13,-0.0218896939306026,0.57853078305481,40
GJ03,Pre,FLAT,14,0.0893341719160587,0.684553968417882,40
GJ03,Pre,FLAT,15,0.204331670539186,0.803820221250261,40
GJ03,Pre,FLAT,16,0.314222012132191,0.922671200484386,40
GJ03,Pre,FLAT,17,0.411031056141887,1.02827483627502,40
GJ03,Pre,FLAT,18,0.488588682381762,1.11066090728743,40
GJ03,Pre,FLAT,19,0.543094077119437,1.16356838074197,40
GJ03,Pre,FLAT,20,0.573715915596234,1.18492000599423,40
GJ03,Pre,FLAT,21,0.582189635173146,1.17685351640059,40
GJ03,Pre,FLAT,22,0.572623966653493,1.14467639810312,40
GJ03,Pre,FLAT,23,0.550617100017224,1.09640541818021,40
GJ03,Pre,FLAT,24,0.522577253391605,1.04084575330223,40
GJ03,Pre,FLAT,25,0.494974825119642,0.987157451388248,40
GJ03,Pre,FLAT,26,0.473110620372614,0.942406109867831,40
GJ03,Pre,FLAT,27,0.461277471348441,0.912130398777234,40
GJ03,Pre,FLAT,28,0.461616464873284,0.898629118185345,40
GJ03,Pre,FLAT,29,0.474716590661562,0.902164376066718,40
GJ03,Pre,FLAT,30,0.499144816500459,0.920630973666384,40
GJ03,Pre,FLAT,31,0.532285437516457,0.950374848961764,40
GJ03,Pre,FLAT,32,0.570603529360996,0.98695445279904,40
GJ03,Pre,FLAT,33,0.610373836167006,1.02544180462955,40
GJ03,Pre,FLAT,34,0.648098549478958,1.06134462090997,40
GJ03,Pre,FLAT,35,0.680982786124481,1.09091257807912,40
GJ03,Pre,FLAT,36,0.707342342766821,1.11200665485075,40
GJ03,Pre,FLAT,37,0.726521278995261,1.12378227052868,40
GJ03,Pre,FLAT,38,0.73899744094997,1.12701377473983,40
GJ03,Pre,FLAT,39,0.746058230196844,1.12342263400733,40
GJ03,Pre,FLAT,40,0.749593011425606,1.11565125057352,40
GJ03,Pre,FLAT,41,0.751554914135721,1.10639817458999,40
GJ03,Pre,FLAT,42,0.754012781627146,1.09837237853016,40
GJ03,Pre,FLAT,43,0.758414499249672,1.09357011189258,40
GJ03,Pre,FLAT,44,0.765827067769178,1.09337925247438,40
GJ03,Pre,FLAT,45,0.776893362135799,1.09860171837633,40
GJ03,Pre,FLAT,46,0.791325268341791,1.10888431656284,40
GJ03,Pre,FLAT,47,0.808769937311554,1.12363079924376,40
GJ03,Pre,FLAT,48,0.828281697434712,1.14161278996829,40
GJ03,Pre,FLAT,49,0.84895689235483,1.16151408931469,40
GJ03,Pre,FLAT,50,0.869810661958541,1.18208628887562,40
GJ03,Pre,FLAT,51,0.890105149632539,1.20228820740906,40
GJ03,Pre,FLAT,52,0.909364251557778,1.22153630971725,40
GJ03,Pre,FLAT,53,0.927292951956193,1.23936657474771,40
GJ03,Pre,FLAT,54,0.944113878676298,1.25616753978331,40
GJ03,Pre,FLAT,55,0.960071253669451,1.2722316402593,40
GJ03,Pre,FLAT,56,0.975624328981448,1.28824894788959,40
GJ03,Pre,FLAT,57,0.991432351605736,1.30503814715257,40
GJ03,Pre,FLAT,58,1.00802106745474,1.32337617920087,40
GJ03,Pre,FLAT,59,1.02597018292752,1.34404961550167,40
GJ03,Pre,FLAT,60,1.04546450635749,1.36724066416419,40
GJ03,Pre,FLAT,61,1.06696928429038,1.39366976400064,40
GJ03,Pre,FLAT,62,1.0901499586429,1.4228156701488,40
GJ03,Pre,FLAT,63,1.11496613574225,1.45458950390443,40
GJ03,Pre,FLAT,64,1.14093696346887,1.48838338126597,40
GJ03,Pre,FLAT,65,1.16749623636916,1.52335673995065,40
GJ03,Pre,FLAT,66,1.1942617650682,1.55905083364241,40
GJ03,Pre,FLAT,67,1.22048604499677,1.59434860514155,40
GJ03,Pre,FLAT,68,1.24571089864295,1.62870970702752,40
GJ03,Pre,FLAT,69,1.26968851614182,1.66171868922736,40
GJ03,Pre,FLAT,70,1.29187319153573,1.6927451190296,40
GJ03,Pre,FLAT,71,1.31244372059615,1.7218446540229,40
GJ03,Pre,FLAT,72,1.33143702084946,1.7492226249041,40
GJ03,Pre,FLAT,73,1.3489283916555,1.77483284800881,40
GJ03,Pre,FLAT,74,1.36531199745964,1.79926434756497,40
GJ03,Pre,FLAT,75,1.38083123650944,1.82287193888199,40
GJ03,Pre,FLAT,76,1.39583545245387,1.8460536465559,40
GJ03,Pre,FLAT,77,1.41035783296779,1.86898943553494,40
GJ03,Pre,FLAT,78,1.42470979459107,1.89192906386613,40
GJ03,Pre,FLAT,79,1.43794955914841,1.9138389153103,40
GJ03,Pre,FLAT,80,1.4495010425688,1.93364131182431,40
GJ03,Pre,FLAT,81,1.45781728243961,1.94951337427776,40
GJ03,Pre,FLAT,82,1.46087931959079,1.95836333130707,40
GJ03,Pre,FLAT,83,1.45588401113617,1.95657789799031,40
GJ03,Pre,FLAT,84,1.44030804413759,1.9404910230989,40
GJ03,Pre,FLAT,85,1.41095537381212,1.90577935739175,40
GJ03,Pre,FLAT,86,1.36520652946587,1.84889440936888,40
GJ03,Pre,FLAT,87,1.30156493779482,1.76769158859868,40
GJ03,Pre,FLAT,88,1.22068228441725,1.66334146231999,40
GJ03,Pre,FLAT,89,1.12394764154265,1.53748687902241,40
GJ03,Pre,FLAT,90,1.01472183607313,1.39515473025609,40
GJ03,Pre,FLAT,91,0.897111147429407,1.2416629374605,40
GJ03,Pre,FLAT,92,0.775065511320641,1.08288391788238,40
GJ03,Pre,FLAT,93,0.651716932380602,0.923055749324117,40
GJ03,Pre,FLAT,94,0.528053209030665,0.764262300694563,40
GJ03,Pre,FLAT,95,0.402641195344829,0.605932469878331,40
GJ03,Pre,FLAT,96,0.272434647095798,0.447738200539685,40
GJ03,Pre,FLAT,97,0.134033073355749,0.298183571659634,40
GJ03,Pre,FLAT,98,-0.0145465797725516,0.20979721110901,40
GJ03,Pre,FLAT,99,-0.17201640071175,0.283638966992568,40
GJ03,Pre,FLAT,100,-0.332143971670231,0.452831141816599,40
GP04,Pre,FLAT,0,0.0948183901382705,0.0659307794702883,14
GP04,Pre,FLAT,1,0.134144346179293,0.0474481585763581,14
GP04,Pre,FLAT,2,0.168032198467347,0.0332453154304785,14
GP04,Pre,FLAT,3,0.193081849989425,0.0251027872172426,14
GP04,Pre,FLAT,4,0.20850475797749,0.0245207036737515,14
GP04,Pre,FLAT,5,0.216815188528217,0.0292564048710092,14
GP04,Pre,FLAT,6,0.223861816319229,0.0363065495693693,14
GP04,Pre,FLAT,7,0.237541205419025,0.0448905794570848,14
GP04,Pre,FLAT,8,0.266090594526992,0.0561113219319141,14
GP04,Pre,FLAT,9,0.316404806513672,0.0707060153700573,14
GP04,Pre,FLAT,10,0.392278331718137,0.0886533372258847,14
GP04,Pre,FLAT,11,0.494070614445113,0.108680878273169,14
GP04,Pre,FLAT,12,0.61856763424749,0.128946863703608,14
GP04,Pre,FLAT,13,0.760508263723169,0.148037866674759,14
GP04,Pre,FLAT,14,0.913175717890163,0.164319061819533,14
GP04,Pre,FLAT,15,1.06992322189313,0.176482466355029,14
GP04,Pre,FLAT,16,1.22449381709404,0.184216407850267,14
GP04,Pre,FLAT,17,1.37217807317974,0.187466952902579,14
GP04,Pre,FLAT,18,1.50923356538568,0.186668180062942,14
GP04,Pre,FLAT,19,1.63246495186542,0.182862290163181,14
GP04,Pre,FLAT,20,1.74011784381466,0.176846524403108,14
GP04,Pre,FLAT,21,1.83100897230323,0.16964240974367,14
GP04,Pre,FLAT,22,1.90428621626062,0.162294866223727,14
GP04,Pre,FLAT,23,1.96087346791885,0.155903885582799,14
GP04,Pre,FLAT,24,2.0020801187201,0.150938206323836,14
GP04,Pre,FLAT,25,2.02888217590151,0.147534440419377,14
GP04,Pre,FLAT,26,2.04397884874116,0.146364492750238,14
GP04,Pre,FLAT,27,2.04805343595597,0.146287910811653,14
GP04,Pre,FLAT,28,2.04462701958013,0.147957790207708,14
GP04,Pre,FLAT,29,2.03483229668702,0.149553379646902,14
GP04,Pre,FLAT,30,2.01942091094128,0.15082397075803,14
GP04,Pre,FLAT,31,2.00005250776617,0.151700052309339,14
GP04,Pre,FLAT,32,1.97685269267368,0.151319381644288,14
GP04,Pre,FLAT,33,1.95045157698547,0.149975492821363,14
GP04,Pre,FLAT,34,1.92068218276073,0.147643890935283,14
GP04,Pre,FLAT,35,1.88820278435491,0.144593954691828,14
GP04,Pre,FLAT,36,1.85347769742732,0.141348964687085,14
GP04,Pre,FLAT,37,1.81726027946724,0.138122517478925,14
GP04,Pre,FLAT,38,1.78044495566178,0.135131232902818,14
GP04,Pre,FLAT,39,1.74395733649128,0.13245641388437,14
GP04,Pre,FLAT,40,1.70892529118635,0.130081609542064,14
GP04,Pre,FLAT,41,1.67617818130916,0.128012308565934,14
GP04,Pre,FLAT,42,1.64635418057455,0.125858345050301,14
GP04,Pre,FLAT,43,1.62045003574753,0.123757204848691,14
GP04,Pre,FLAT,44,1.59879273022768,0.121485538017242,14
GP04,Pre,FLAT,45,1.58197819959371,0.118704032110003,14
GP04,Pre,FLAT,46,1.57076369912466,0.115602766976607,14
GP04,Pre,FLAT,47,1.56560286591225,0.112326173942292,14
GP04,Pre,FLAT,48,1.5666395802529,0.108785265044822,14
GP04,Pre,FLAT,49,1.57487188214226,0.105461812043812,14
GP04,Pre,FLAT,50,1.59032944308954,0.101927136585427,14
GP04,Pre,FLAT,51,1.61344363539725,0.0988963006627404,14
GP04,Pre,FLAT,52,1.64444447454844,0.0956388996180845,14
GP04,Pre,FLAT,53,1.68314074691257,0.0925218928557848,14
GP04,Pre,FLAT,54,1.72947838446649,0.0891271028857947,14
GP04,Pre,FLAT,55,1.78358456813843,0.0856127294794699,14
GP04,Pre,FLAT,56,1.84485620967718,0.0831777777626505,14
GP04,Pre,FLAT,57,1.9143295332449,0.0805302762606896,14
GP04,Pre,FLAT,58,1.99142645286652,0.0800188992007228,14
GP04,Pre,FLAT,59,2.07693757264036,0.0810991664922695,14
GP04,Pre,FLAT,60,2.17172119046761,0.0831481828760916,14
GP04,Pre,FLAT,61,2.27614001695888,0.0884986376567509,14
GP04,Pre,FLAT,62,2.39105501268101,0.09396635432283,14
GP04,Pre,FLAT,63,2.51574938676683,0.100984620987713,14
GP04,Pre,FLAT,64,2.65195826893309,0.108491700734428,14
GP04,Pre,FLAT,65,2.79702763294326,0.115528986587087,14
GP04,Pre,FLAT,66,2.95236768174449,0.122747127165183,14
GP04,Pre,FLAT,67,3.11524746491799,0.129133144366866,14
GP04,Pre,FLAT,68,3.283993194116,0.134476585244408,14
GP04,Pre,FLAT,69,3.45704615500664,0.138314830781465,14
GP04,Pre,FLAT,70,3.6315382432062,0.141186364139471,14
GP04,Pre,FLAT,71,3.80446875871289,0.143001682324113,14
GP04,Pre,FLAT,72,3.97420706011983,0.144034459150149,14
GP04,Pre,FLAT,73,4.1368993465543,0.144766572627086,14
GP04,Pre,FLAT,74,4.28976007747394,0.144470675405884,14
GP04,Pre,FLAT,75,4.4313198243694,0.143706282463917,14
GP04,Pre,FLAT,76,4.55650639467779,0.141464370064188,14
GP04,Pre,FLAT,77,4.66213548755452,0.136636578885487,14
GP04,Pre,FLAT,78,4.74555135710779,0.130123108797743,14
GP04,Pre,FLAT,79,4.8031045182071,0.119719257315404,14
GP04,Pre,FLAT,80,4.82962267949822,0.107566999100591,14
GP04,Pre,FLAT,81,4.82349086038354,0.0933032055738469,14
GP04,Pre,FLAT,82,4.77764634549853,0.0803715616028691,14
GP04,Pre,FLAT,83,4.68879948762722,0.0731711001280172,14
GP04,Pre,FLAT,84,4.55420575910574,0.0771506748260821,14
GP04,Pre,FLAT,85,4.37045885537736,0.0940667914994808,14
GP04,Pre,FLAT,86,4.138761955,0.117274484715086,14
GP04,Pre,FLAT,87,3.85725195500623,0.143669533571527,14
GP04,Pre,FLAT,88,3.53163197138285,0.165901748260902,14
GP04,Pre,FLAT,89,3.16961885687156,0.183758788384794,14
GP04,Pre,FLAT,90,2.78118854395007,0.194964827158803,14
GP04,Pre,FLAT,91,2.37799221657632,0.197792937390387,14
GP04,Pre,FLAT,92,1.97516269945471,0.192360445870573,14
GP04,Pre,FLAT,93,1.58763696767368,0.179661522191699,14
GP04,Pre,FLAT,94,1.22995756382584,0.160049332185611,14
GP04,Pre,FLAT,95,0.915450014497323,0.135917686081444,14
GP04,Pre,FLAT,96,0.652853085852368,0.10941716015452,14
GP04,Pre,FLAT,97,0.447201771581826,0.0829842707872749,14
GP04,Pre,FLAT,98,0.297994260683079,0.0594075244548027,14
GP04,Pre,FLAT,99,0.199517433499227,0.0411386003954993,14
GP04,Pre,FLAT,100,0.141952965847775,0.0301119301130819,14
OJ08,Pre,FLAT,0,0.16938794326745,0.0459136530290854,13
OJ08,Pre,FLAT,1,0.267421917956439,0.0624117837544066,13
OJ08,Pre,FLAT,2,0.370462140276997,0.0770174942544263,13
OJ08,Pre,FLAT,3,0.470199756274665,0.0865030737856061,13
OJ08,Pre,FLAT,4,0.561212006424892,0.0891478683199445,13
OJ08,Pre,FLAT,5,0.642740841602012,0.0862977909132648,13
OJ08,Pre,FLAT,6,0.718255536863175,0.0832336039084091,13
OJ08,Pre,FLAT,7,0.79421838008669,0.088043362609795,13
OJ08,Pre,FLAT,8,0.876662095127754,0.103694507369053,13
OJ08,Pre,FLAT,9,0.969705359722445,0.126467935287239,13
OJ08,Pre,FLAT,10,1.07373525161797,0.151111871440405,13
OJ08,Pre,FLAT,11,1.18704774140854,0.174227180109727,13
OJ08,Pre,FLAT,12,1.30654775257636,0.194357614436691,13
OJ08,Pre,FLAT,13,1.43011820433209,0.210609112024917,13
OJ08,Pre,FLAT,14,1.55746769060722,0.223149160500751,13
OJ08,Pre,FLAT,15,1.69035629277193,0.233181205761652,13
OJ08,Pre,FLAT,16,1.83170058564964,0.242288768075973,13
OJ08,Pre,FLAT,17,1.9844312197734,0.252883360051295,13
OJ08,Pre,FLAT,18,2.15060029426226,0.267104677748741,13
OJ08,Pre,FLAT,19,2.3294230207763,0.285021600343274,13
OJ08,Pre,FLAT,20,2.51861599532276,0.305134156863517,13
OJ08,Pre,FLAT,21,2.7132000986993,0.325563060842973,13
OJ08,Pre,FLAT,22,2.90779457134574,0.340835831399662,13
OJ08,Pre,FLAT,23,3.09642067671561,0.349193482863334,13
OJ08,Pre,FLAT,24,3.27407130141954,0.349431495293371,13
OJ08,Pre,FLAT,25,3.43393796289268,0.342251164015723,13
OJ08,Pre,FLAT,26,3.57394933516001,0.32676118988026,13
OJ08,Pre,FLAT,27,3.69004366368453,0.306174754163597,13
OJ08,Pre,FLAT,28,3.78264421411434,0.284028710518283,13
OJ08,Pre,FLAT,29,3.84901879098708,0.264115195629184,13
OJ08,Pre,FLAT,30,3.89364017757952,0.250241615550285,13
OJ08,Pre,FLAT,31,3.91500276252006,0.245871646126168,13
OJ08,Pre,FLAT,32,3.91931873834126,0.249625399910128,13
OJ08,Pre,FLAT,33,3.90873456833766,0.259867685080428,13
OJ08,Pre,FLAT,34,3.88830509373258,0.274225232292472,13
OJ08,Pre,FLAT,35,3.8607750643492,0.288957363039089,13
OJ08,Pre,FLAT,36,3.83081420553806,0.303034101222062,13
OJ08,Pre,FLAT,37,3.80139600757758,0.314698520530245,13
OJ08,Pre,FLAT,38,3.77442869953136,0.324454434314727,13
OJ08,Pre,FLAT,39,3.75224219144702,0.331872525052638,13
OJ08,Pre,FLAT,40,3.73529188993569,0.337561928189027,13
OJ08,Pre,FLAT,41,3.72450434646936,0.341384349378037,13
OJ08,Pre,FLAT,42,3.72014354487036,0.343382058257732,13
OJ08,Pre,FLAT,43,3.72272372129404,0.343477319695191,13
OJ08,Pre,FLAT,44,3.73274154329671,0.341813967620525,13
OJ08,Pre,FLAT,45,3.75128278890821,0.33889935832045,13
OJ08,Pre,FLAT,46,3.78052711275889,0.335585325012442,13
OJ08,Pre,FLAT,47,3.82219912880972,0.333988484611835,13
OJ08,Pre,FLAT,48,3.87776607733262,0.335976391482054,13
OJ08,Pre,FLAT,49,3.94955892764942,0.343650805461681,13
OJ08,Pre,FLAT,50,4.03950871200189,0.357763662304577,13
OJ08,Pre,FLAT,51,4.14794135372968,0.377269824266182,13
OJ08,Pre,FLAT,52,4.2761809292396,0.399822074753532,13
OJ08,Pre,FLAT,53,4.42249951796943,0.422441096617746,13
OJ08,Pre,FLAT,54,4.58592806368716,0.441668647758248,13
OJ08,Pre,FLAT,55,4.76343520408014,0.455444893564043,13
OJ08,Pre,FLAT,56,4.95136198766423,0.462711480041525,13
OJ08,Pre,FLAT,57,5.14632287107011,0.463353307010053,13
OJ08,Pre,FLAT,58,5.34274648658034,0.45838217397179,13
OJ08,Pre,FLAT,59,5.53754726415371,0.449560975945538,13
OJ08,Pre,FLAT,60,5.72618944322102,0.439081738134225,13
OJ08,Pre,FLAT,61,5.90713161725151,0.428346041916082,13
OJ08,Pre,FLAT,62,6.07751427877466,0.418715734260637,13
OJ08,Pre,FLAT,63,6.23717800190364,0.410177536611618,13
OJ08,Pre,FLAT,64,6.38620669330403,0.402036291687256,13
OJ08,Pre,FLAT,65,6.52584035986834,0.393780004040713,13
OJ08,Pre,FLAT,66,6.65654412535899,0.383357304286955,13
OJ08,Pre,FLAT,67,6.77989803087541,0.369711143882373,13
OJ08,Pre,FLAT,68,6.89609325140157,0.35094655687389,13
OJ08,Pre,FLAT,69,7.00528466191888,0.32620532861077,13
OJ08,Pre,FLAT,70,7.10639333995131,0.298448838263666,13
OJ08,Pre,FLAT,71,7.2001116904454,0.268476721994384,13
OJ08,Pre,FLAT,72,7.28409788545115,0.242977790830304,13
OJ08,Pre,FLAT,73,7.35612425897281,0.23194948962599,13
OJ08,Pre,FLAT,74,7.41443410933667,0.246094034773194,13
OJ08,Pre,FLAT,75,7.45605322220899,0.28941696219475,13
OJ08,Pre,FLAT,76,7.47696307628416,0.357539944158957,13
OJ08,Pre,FLAT,77,7.47194631433463,0.447024344119382,13
OJ08,Pre,FLAT,78,7.43560910960363,0.550121263596526,13
OJ08,Pre,FLAT,79,7.36149776983465,0.666134450243826,13
OJ08,Pre,FLAT,80,7.24393766198855,0.791102926172437,13
OJ08,Pre,FLAT,81,7.07790119368039,0.917150514695048,13
OJ08,Pre,FLAT,82,6.85843540195507,1.03557376671391,13
OJ08,Pre,FLAT,83,6.58567504406698,1.1351475191723,13
OJ08,Pre,FLAT,84,6.25925226424414,1.20539838697126,13
OJ08,Pre,FLAT,85,5.88023696892377,1.23307565147053,13
OJ08,Pre,FLAT,86,5.45114898557512,1.21047339088844,13
OJ08,Pre,FLAT,87,4.97806823342595,1.13409512502777,13
OJ08,Pre,FLAT,88,4.46460185116182,1.00725560026833,13
OJ08,Pre,FLAT,89,3.91746445554722,0.839231174657941,13
OJ08,Pre,FLAT,90,3.35164586517897,0.648551726023436,13
OJ08,Pre,FLAT,91,2.78170722654915,0.457361415270325,13
OJ08,Pre,FLAT,92,2.22876182547262,0.297448674490841,13
OJ08,Pre,FLAT,93,1.7170159685345,0.213683711037042,13
OJ08,Pre,FLAT,94,1.26554756287326,0.224433690739103,13
OJ08,Pre,FLAT,95,0.891693560405485,0.262280967360526,13
OJ08,Pre,FLAT,96,0.602022735320247,0.27871337184499,13
OJ08,Pre,FLAT,97,0.393865483550464,0.265148543460575,13
OJ08,Pre,FLAT,98,0.255078091226022,0.226350139261267,13
OJ08,Pre,FLAT,99,0.167588757260297,0.172442524542623,13
OJ08,Pre,FLAT,100,0.111818672269544,0.114069182932835,13
RL10,Pre,FLAT,0,0.0663382996988192,0.0590857456587548,13
RL10,Pre,FLAT,1,0.0895636749100443,0.0739713708219405,13
RL10,Pre,FLAT,2,0.113405101734489,0.0843074142175105,13
RL10,Pre,FLAT,3,0.13508851321327,0.0889152618997493,13
RL10,Pre,FLAT,4,0.152111740468828,0.0890986318519909,13
RL10,Pre,FLAT,5,0.162462728520203,0.0895409022955441,13
RL10,Pre,FLAT,6,0.164841563477783,0.0970816761125613,13
RL10,Pre,FLAT,7,0.158523303040855,0.115212318417749,13
RL10,Pre,FLAT,8,0.143509114961825,0.141542838803211,13
RL10,Pre,FLAT,9,0.120932553867071,0.171674902710578,13
RL10,Pre,FLAT,10,0.0936282083701669,0.201819030492718,13
RL10,Pre,FLAT,11,0.0669168975468098,0.229568384421087,13
RL10,Pre,FLAT,12,0.0484924640597239,0.253077612872549,13
RL10,Pre,FLAT,13,0.0478373971397776,0.271770378041939,13
RL10,Pre,FLAT,14,0.0749303046574946,0.286877127457803,13
RL10,Pre,FLAT,15,0.138077961353507,0.30193504254214,13
RL10,Pre,FLAT,16,0.242353899453854,0.320673959918674,13
RL10,Pre,FLAT,17,0.38831320539551,0.345063283428135,13
RL10,Pre,FLAT,18,0.571238767305524,0.372992992135987,13
RL10,Pre,FLAT,19,0.782050378074914,0.39977099847947,13
RL10,Pre,FLAT,20,1.00900669724102,0.420764843569748,13
RL10,Pre,FLAT,21,1.23973101732063,0.433083779263854,13
RL10,Pre,FLAT,22,1.46128080139825,0.435112440262182,13
RL10,Pre,FLAT,23,1.66449552249327,0.428324659219898,13
RL10,Pre,FLAT,24,1.84231609941405,0.416006686178377,13
RL10,Pre,FLAT,25,1.99361262244622,0.401501306175989,13
RL10,Pre,FLAT,26,2.11684431015246,0.388835038142942,13
RL10,Pre,FLAT,27,2.21632576510026,0.381643017925338,13
RL10,Pre,FLAT,28,2.29532714995263,0.379176356081295,13
RL10,Pre,FLAT,29,2.3580982084559,0.381937468899922,13
RL10,Pre,FLAT,30,2.40931138820887,0.388172226771789,13
RL10,Pre,FLAT,31,2.45210016162579,0.395684356839576,13
RL10,Pre,FLAT,32,2.48819359922068,0.401516570646651,13
RL10,Pre,FLAT,33,2.51872833248042,0.404997007079924,13
RL10,Pre,FLAT,34,2.54501596403727,0.405136636466772,13
RL10,Pre,FLAT,35,2.56627798181229,0.401760821104844,13
RL10,Pre,FLAT,36,2.58361656287009,0.395465777046946,13
RL10,Pre,FLAT,37,2.59630920010394,0.387178050385667,13
RL10,Pre,FLAT,38,2.60517297082443,0.377598630784238,13
RL10,Pre,FLAT,39,2.61098989883832,0.367355978095846,13
RL10,Pre,FLAT,40,2.61424393371456,0.356338252134516,13
RL10,Pre,FLAT,41,2.61630258463053,0.344612763120115,13
RL10,Pre,FLAT,42,2.61817019402038,0.3309635478579,13
RL10,Pre,FLAT,43,2.62132425310801,0.316348702300988,13
RL10,Pre,FLAT,44,2.62678081777917,0.299833498322056,13
RL10,Pre,FLAT,45,2.63601259230424,0.281984625519416,13
RL10,Pre,FLAT,46,2.65100954063351,0.263554181875625,13
RL10,Pre,FLAT,47,2.67252381599041,0.246410564163143,13
RL10,Pre,FLAT,48,2.70188081347379,0.231107601105962,13
RL10,Pre,FLAT,49,2.74092926638158,0.219373202154814,13
RL10,Pre,FLAT,50,2.78935641822214,0.212235179007775,13
RL10,Pre,FLAT,51,2.84864696674377,0.208589799424951,13
RL10,Pre,FLAT,52,2.91885979232399,0.20949263812494,13
RL10,Pre,FLAT,53,2.99926601792194,0.213010296656352,13
RL10,Pre,FLAT,54,3.08942704037808,0.216868784161545,13
RL10,Pre,FLAT,55,3.18815200319039,0.222285621396769,13
RL10,Pre,FLAT,56,3.29486786272087,0.22504836071503,13
RL10,Pre,FLAT,57,3.40739031649897,0.228231041789694,13
RL10,Pre,FLAT,58,3.52595977205838,0.229230452633404,13
RL10,Pre,FLAT,59,3.6478797917165,0.227424181947616,13
RL10,Pre,FLAT,60,3.77294124267923,0.222578374959073,13
RL10,Pre,FLAT,61,3.9055803906322,0.217211639132388,13
RL10,Pre,FLAT,62,4.0404538987961,0.20873755832361,13
RL10,Pre,FLAT,63,4.18337837762636,0.199819366745555,13
RL10,Pre,FLAT,64,4.33331184806641,0.191325135471178,13
RL10,Pre,FLAT,65,4.49025539553549,0.186068489324618,13
RL10,Pre,FLAT,66,4.65459693395339,0.184608326666759,13
RL10,Pre,FLAT,67,4.82618773652941,0.18795178475042,13
RL10,Pre,FLAT,68,5.00283380626999,0.196478362802918,13
RL10,Pre,FLAT,69,5.18087264231177,0.208928836918713,13
RL10,Pre,FLAT,70,5.35739205286434,0.223146193067406,13
RL10,Pre,FLAT,71,5.52823862713623,0.237391056169721,13
RL10,Pre,FLAT,72,5.68784251019523,0.249706264005041,13
RL10,Pre,FLAT,73,5.83141755568083,0.260774052224599,13
RL10,Pre,FLAT,74,5.95368652429784,0.267906188225833,13
RL10,Pre,FLAT,75,6.05071506037373,0.274454220289925,13
RL10,Pre,FLAT,76,6.11557230935671,0.27827231750217,13
RL10,Pre,FLAT,77,6.14466097647811,0.280466847587799,13
RL10,Pre,FLAT,78,6.13145568285099,0.282306333764316,13
RL10,Pre,FLAT,79,6.07265136123003,0.284104030866109,13
RL10,Pre,FLAT,80,5.96249790165503,0.28579775507697,13
RL10,Pre,FLAT,81,5.79924944810761,0.28743799761277,13
RL10,Pre,FLAT,82,5.58088239055384,0.28840010148298,13
RL10,Pre,FLAT,83,5.30669653200539,0.286652683531375,13
RL10,Pre,FLAT,84,4.98084048255466,0.281970859027594,13
RL10,Pre,FLAT,85,4.60649717571586,0.277290379472147,13
RL10,Pre,FLAT,86,4.18957724402344,0.267687517874148,13
RL10,Pre,FLAT,87,3.73730411037999,0.255255181062598,13
RL10,Pre,FLAT,88,3.25887515296785,0.239455894522298,13
RL10,Pre,FLAT,89,2.76593771722786,0.22092719458878,13
RL10,Pre,FLAT,90,2.27169538010409,0.199861566082558,13
RL10,Pre,FLAT,91,1.79231898865192,0.17786117431871,13
RL10,Pre,FLAT,92,1.34479797799334,0.154944177640466,13
RL10,Pre,FLAT,93,0.947565503973977,0.132317827002605,13
RL10,Pre,FLAT,94,0.613957591276379,0.111193980370121,13
RL10,Pre,FLAT,95,0.353813070949203,0.0930246919916147,13
RL10,Pre,FLAT,96,0.16857105911017,0.0781230943996153,13
RL10,Pre,FLAT,97,0.0519919199387419,0.0661112261345256,13
RL10,Pre,FLAT,98,-0.00847730534052473,0.0558264756230901,13
RL10,Pre,FLAT,99,-0.0298680387033415,0.0457501722720169,13
RL10,Pre,FLAT,100,-0.0295693497375958,0.0353366413480114,13
SS11,Pre,FLAT,0,0.210078394870793,0.0425874023003732,12
SS11,Pre,FLAT,1,0.284093325966694,0.0454754413533595,12
SS11,Pre,FLAT,2,0.344095728882979,0.0485650758837659,12
SS11,Pre,FLAT,3,0.383880012362577,0.051305863466517,12
SS11,Pre,FLAT,4,0.403629193150222,0.0520832055054854,12
SS11,Pre,FLAT,5,0.410476740962241,0.04965322678978,12
SS11,Pre,FLAT,6,0.416223328856505,0.0452287520636181,12
SS11,Pre,FLAT,7,0.434039322776907,0.0453722511600758,12
SS11,Pre,FLAT,8,0.474135390599237,0.0579940759299275,12
SS11,Pre,FLAT,9,0.541114759840213,0.0812240151699494,12
SS11,Pre,FLAT,10,0.633120317289028,0.108659022679207,12
SS11,Pre,FLAT,11,0.743484152077788,0.135523890861093,12
SS11,Pre,FLAT,12,0.863334013339916,0.159420164223972,12
SS11,Pre,FLAT,13,0.984628195739833,0.178784643449818,12
SS11,Pre,FLAT,14,1.10221214836556,0.19372322010815,12
SS11,Pre,FLAT,15,1.21407719217998,0.204290067772545,12
SS11,Pre,FLAT,16,1.32091711668835,0.211857312418583,12
SS11,Pre,FLAT,17,1.42492690089213,0.21695127777102,12
SS11,Pre,FLAT,18,1.52770376574958,0.221688882434006,12
SS11,Pre,FLAT,19,1.63014802205257,0.225680178800816,12
SS11,Pre,FLAT,20,1.7316981886708,0.231245861945066,12
SS11,Pre,FLAT,21,1.83136945397267,0.237397672545066,12
SS11,Pre,FLAT,22,1.92549361432619,0.245927428712047,12
SS11,Pre,FLAT,23,2.01302034303771,0.255630077919385,12
SS11,Pre,FLAT,24,2.08939759776513,0.267082185576026,12
SS11,Pre,FLAT,25,2.15348888908787,0.279778315923588,12
SS11,Pre,FLAT,26,2.20497248064599,0.293388779604615,12
SS11,Pre,FLAT,27,2.24338506895875,0.307842373450478,12
SS11,Pre,FLAT,28,2.26814004591999,0.323117481977384,12
SS11,Pre,FLAT,29,2.28024867544613,0.3370887025766,12
SS11,Pre,FLAT,30,2.2820046807481,0.35144373940573,12
SS11,Pre,FLAT,31,2.27374300435299,0.363900840931715,12
SS11,Pre,FLAT,32,2.25909202577818,0.375136500566007,12
SS11,Pre,FLAT,33,2.23880504213542,0.384267779572659,12
SS11,Pre,FLAT,34,2.2152018732554,0.391191076917513,12
SS11,Pre,FLAT,35,2.19083215662029,0.395706119772503,12
SS11,Pre,FLAT,36,2.16721362674927,0.39760181669961,12
SS11,Pre,FLAT,37,2.14569565486808,0.397410547324386,12
SS11,Pre,FLAT,38,2.12801224656156,0.396190278752195,12
SS11,Pre,FLAT,39,2.11531025518768,0.393678779250314,12
SS11,Pre,FLAT,40,2.10869488042014,0.390945369820612,12
SS11,Pre,FLAT,41,2.10885743459002,0.388368515650905,12
SS11,Pre,FLAT,42,2.11696961081975,0.386538645955398,12
SS11,Pre,FLAT,43,2.1333224662818,0.385883334445472,12
SS11,Pre,FLAT,44,2.15829558585927,0.386106882466662,12
SS11,Pre,FLAT,45,2.19226681453277,0.387210735002343,12
SS11,Pre,FLAT,46,2.23480923409698,0.388254072612362,12
SS11,Pre,FLAT,47,2.28564078622511,0.389391573762009,12
SS11,Pre,FLAT,48,2.34427662804034,0.389597967346779,12
SS11,Pre,FLAT,49,2.40991350300103,0.3883869408375,12
SS11,Pre,FLAT,50,2.4816386606164,0.385473380547368,12
SS11,Pre,FLAT,51,2.55849583261476,0.38044205815889,12
SS11,Pre,FLAT,52,2.6397750095743,0.373928015502832,12
SS11,Pre,FLAT,53,2.72457982630376,0.365625176071867,12
SS11,Pre,FLAT,54,2.81254278945512,0.355663508525572,12
SS11,Pre,FLAT,55,2.90319076661386,0.345014742378137,12
SS11,Pre,FLAT,56,2.99679441270372,0.334013969346698,12
SS11,Pre,FLAT,57,3.09277932444405,0.32181776884161,12
SS11,Pre,FLAT,58,3.19093440342716,0.309828365266652,12
SS11,Pre,FLAT,59,3.29158590937255,0.297446259543675,12
SS11,Pre,FLAT,60,3.39311577367888,0.284419604654828,12
SS11,Pre,FLAT,61,3.49647546658542,0.271651624169837,12
SS11,Pre,FLAT,62,3.60002211561721,0.258285173259664,12
SS11,Pre,FLAT,63,3.70260607615856,0.245422977397364,12
SS11,Pre,FLAT,64,3.80607875068239,0.232418568065292,12
SS11,Pre,FLAT,65,3.90723301387955,0.219973055866656,12
SS11,Pre,FLAT,66,4.00753504654352,0.208619463161855,12
SS11,Pre,FLAT,67,4.10706676610161,0.198379112449821,12
SS11,Pre,FLAT,68,4.20624220360677,0.188537780999789,12
SS11,Pre,FLAT,69,4.30539902052309,0.179101712026368,12
SS11,Pre,FLAT,70,4.40470898269131,0.169276695160431,12
SS11,Pre,FLAT,71,4.50387194140853,0.159925312526058,12
SS11,Pre,FLAT,72,4.60173788814723,0.149401844163777,12
SS11,Pre,FLAT,73,4.69674411405302,0.138756698248377,12
SS11,Pre,FLAT,74,4.78743067787346,0.128111217256061,12
SS11,Pre,FLAT,75,4.87067053997194,0.118012861089102,12
SS11,Pre,FLAT,76,4.94424321276614,0.109399183712068,12
SS11,Pre,FLAT,77,5.0032451417668,0.103075220947943,12
SS11,Pre,FLAT,78,5.04658086505595,0.0992789484982908,12
SS11,Pre,FLAT,79,5.07009600951606,0.0983664790657532,12
SS11,Pre,FLAT,80,5.07005112266474,0.099283400436912,12
SS11,Pre,FLAT,81,5.04629197810175,0.1022128685613,12
SS11,Pre,FLAT,82,4.99479124486205,0.106980137638917,12
SS11,Pre,FLAT,83,4.91361436347349,0.111706483103897,12
SS11,Pre,FLAT,84,4.7986287111847,0.117616958898258,12
SS11,Pre,FLAT,85,4.64793537434497,0.123663946411577,12
SS11,Pre,FLAT,86,4.45594976951143,0.128438013599962,12
SS11,Pre,FLAT,87,4.21614670953057,0.131802442491472,12
SS11,Pre,FLAT,88,3.92725978084574,0.132747129433646,12
SS11,Pre,FLAT,89,3.58805014527084,0.13166380604465,12
SS11,Pre,FLAT,90,3.20363445608338,0.129535348184382,12
SS11,Pre,FLAT,91,2.78640463167304,0.126171707145048,12
SS11,Pre,FLAT,92,2.35294148708102,0.120198239073871,12
SS11,Pre,FLAT,93,1.92732737556327,0.111912015086165,12
SS11,Pre,FLAT,94,1.53202856352674,0.100781563892152,12
SS11,Pre,FLAT,95,1.18663831169678,0.0886266985619609,12
SS11,Pre,FLAT,96,0.902790307875455,0.0800548458861697,12
SS11,Pre,FLAT,97,0.681426143501351,0.0763646691700334,12
SS11,Pre,FLAT,98,0.514762701020695,0.0775911021240058,12
SS11,Pre,FLAT,99,0.388439111843799,0.0794306684038071,12
SS11,Pre,FLAT,100,0.287191161731238,0.0782224197482239,12
SE15,Pre,FLAT,0,0.324098047912601,0.0401424148156402,14
SE15,Pre,FLAT,1,0.374259949503599,0.0361611657505114,14
SE15,Pre,FLAT,2,0.385907657352378,0.041539746435055,14
SE15,Pre,FLAT,3,0.350281232367877,0.0573408529163221,14
SE15,Pre,FLAT,4,0.267290753742011,0.0753254429317364,14
SE15,Pre,FLAT,5,0.147140070527248,0.0883872875642247,14
SE15,Pre,FLAT,6,0.00875776237246382,0.092394528579907,14
SE15,Pre,FLAT,7,-0.124203727242151,0.0860497600543919,14
SE15,Pre,FLAT,8,-0.228716760139672,0.0712116696653985,14
SE15,Pre,FLAT,9,-0.287598835067033,0.0540429796433667,14
SE15,Pre,FLAT,10,-0.29275259650054,0.0479231933481309,14
SE15,Pre,FLAT,11,-0.245646790125772,0.0624684219034939,14
SE15,Pre,FLAT,12,-0.155364694287957,0.0877334262032142,14
SE15,Pre,FLAT,13,-0.0347973488963101,0.114846329026293,14
SE15,Pre,FLAT,14,0.103155972534404,0.141006788628438,14
SE15,Pre,FLAT,15,0.248700016733659,0.166092645197095,14
SE15,Pre,FLAT,16,0.396372848199823,0.191101068269136,14
SE15,Pre,FLAT,17,0.544716083206554,0.217430690432587,14
SE15,Pre,FLAT,18,0.6950210445494,0.246161803854827,14
SE15,Pre,FLAT,19,0.84899694246678,0.277336489494297,14
SE15,Pre,FLAT,20,1.00824234424321,0.310368818046077,14
SE15,Pre,FLAT,21,1.17192627676972,0.344091403857124,14
SE15,Pre,FLAT,22,1.33749083713294,0.376491848673163,14
SE15,Pre,FLAT,23,1.50101261820945,0.405436142001116,14
SE15,Pre,FLAT,24,1.65757222709001,0.430292337424917,14
SE15,Pre,FLAT,25,1.80176274174093,0.449676452982197,14
SE15,Pre,FLAT,26,1.93022942209447,0.46336061574834,14
SE15,Pre,FLAT,27,2.03994907737795,0.473346425401145,14
SE15,Pre,FLAT,28,2.13083062507347,0.47896280922075,14
SE15,Pre,FLAT,29,2.20180037501501,0.482253194543925,14
SE15,Pre,FLAT,30,2.25638159959513,0.484248050484104,14
SE15,Pre,FLAT,31,2.29543352197204,0.485070533582556,14
SE15,Pre,FLAT,32,2.32434685038922,0.485685060645855,14
SE15,Pre,FLAT,33,2.34622002462655,0.485590220057121,14
SE15,Pre,FLAT,34,2.36492855568975,0.484477459435825,14
SE15,Pre,FLAT,35,2.3837479605176,0.481908594147518,14
SE15,Pre,FLAT,36,2.4058303682696,0.477575069488102,14
SE15,Pre,FLAT,37,2.43345375980694,0.471441864625468,14
SE15,Pre,FLAT,38,2.46806300190906,0.463603901555081,14
SE15,Pre,FLAT,39,2.51046781223474,0.454373139231683,14
SE15,Pre,FLAT,40,2.56035905528745,0.444092576594938,14
SE15,Pre,FLAT,41,2.6177712597917,0.433301336576841,14
SE15,Pre,FLAT,42,2.68096233656956,0.422874933733643,14
SE15,Pre,FLAT,43,2.74960750199252,0.413157212610353,14
SE15,Pre,FLAT,44,2.82227643592515,0.405124603501914,14
SE15,Pre,FLAT,45,2.89779898444933,0.398505933317401,14
SE15,Pre,FLAT,46,2.97637170155435,0.393889517261342,14
SE15,Pre,FLAT,47,3.0573356460742,0.390179557312095,14
SE15,Pre,FLAT,48,3.14145219784783,0.387821781068135,14
SE15,Pre,FLAT,49,3.22906469521355,0.385560850624507,14
SE15,Pre,FLAT,50,3.32209276485941,0.3834949713017,14
SE15,Pre,FLAT,51,3.4205219542694,0.38113031475856,14
SE15,Pre,FLAT,52,3.52697343088984,0.378462430122039,14
SE15,Pre,FLAT,53,3.64194012545958,0.374695792325832,14
SE15,Pre,FLAT,54,3.76664773160038,0.370395676672979,14
SE15,Pre,FLAT,55,3.90131991784005,0.36466555007961,14
SE15,Pre,FLAT,56,4.04676606702179,0.357186070870171,14
SE15,Pre,FLAT,57,4.20190371793713,0.348738281542534,14
SE15,Pre,FLAT,58,4.36764098899441,0.33881096943226,14
SE15,Pre,FLAT,59,4.54297362037813,0.328082802537734,14
SE15,Pre,FLAT,60,4.72746794875202,0.316168258002378,14
SE15,Pre,FLAT,61,4.92077660253044,0.303875254489043,14
SE15,Pre,FLAT,62,5.12345364511881,0.292509526760456,14
SE15,Pre,FLAT,63,5.33359901011375,0.280484569901375,14
SE15,Pre,FLAT,64,5.55289090623598,0.269371779164353,14
SE15,Pre,FLAT,65,5.78038554456697,0.258447849054239,14
SE15,Pre,FLAT,66,6.01586784193822,0.247578860694604,14
SE15,Pre,FLAT,67,6.25915476763092,0.237679548981153,14
SE15,Pre,FLAT,68,6.50885418205424,0.227891071949256,14
SE15,Pre,FLAT,69,6.76329986641805,0.219021846474016,14
SE15,Pre,FLAT,70,7.02074443871203,0.211474595107474,14
SE15,Pre,FLAT,71,7.27762376605037,0.205233173715785,14
SE15,Pre,FLAT,72,7.53163642676728,0.200437515284113,14
SE15,Pre,FLAT,73,7.7766469418716,0.196880700894677,14
SE15,Pre,FLAT,74,8.00839166529867,0.194671953105534,14
SE15,Pre,FLAT,75,8.22327310207669,0.19287932144629,14
SE15,Pre,FLAT,76,8.4147694021909,0.192045576432184,14
SE15,Pre,FLAT,77,8.57855463909489,0.189476730718856,14
SE15,Pre,FLAT,78,8.71208648824809,0.186932023322434,14
SE15,Pre,FLAT,79,8.80959970425199,0.183230528413342,14
SE15,Pre,FLAT,80,8.86051741825603,0.179107504143201,14
SE15,Pre,FLAT,81,8.87058986180653,0.174696684107511,14
SE15,Pre,FLAT,82,8.82242308473938,0.174568515895229,14
SE15,Pre,FLAT,83,8.70996192431399,0.179306894203836,14
SE15,Pre,FLAT,84,8.52869946136282,0.193305330417383,14
SE15,Pre,FLAT,85,8.26051590697198,0.216667927523982,14
SE15,Pre,FLAT,86,7.89679366192791,0.245684880531362,14
SE15,Pre,FLAT,87,7.43022452471693,0.278671070524685,14
SE15,Pre,FLAT,88,6.86048948991746,0.310843895272926,14
SE15,Pre,FLAT,89,6.1942446126941,0.338749990856695,14
SE15,Pre,FLAT,90,5.45042842089726,0.356618289809525,14
SE15,Pre,FLAT,91,4.65684733648583,0.366462941805773,14
SE15,Pre,FLAT,92,3.85010479927251,0.360549294162704,14
SE15,Pre,FLAT,93,3.0695539521823,0.343105348243376,14
SE15,Pre,FLAT,94,2.35369675272701,0.315982807548062,14
SE15,Pre,FLAT,95,1.73280937682898,0.283133926325035,14
SE15,Pre,FLAT,96,1.22609979284653,0.251005100430426,14
SE15,Pre,FLAT,97,0.837715258538643,0.223335758269889,14
SE15,Pre,FLAT,98,0.559183661908159,0.202151395637308,14
SE15,Pre,FLAT,99,0.371457128052076,0.185807927808549,14
SE15,Pre,FLAT,100,0.250295208377542,0.170581879959631,14
GJ03,Post,HEEL,0,0.109603770002692,0.0405632949228059,14
GJ03,Post,HEEL,1,0.0919222250698905,0.0454204493003015,14
GJ03,Post,HEEL,2,0.072178857317817,0.0534694325331511,14
GJ03,Post,HEEL,3,0.0523884966015143,0.0640424309607516,14
GJ03,Post,HEEL,4,0.0347057101318435,0.0755350947061874,14
GJ03,Post,HEEL,5,0.021038898072356,0.0869004424823584,14
GJ03,Post,HEEL,6,0.0135432015754908,0.0992897782047767,14
GJ03,Post,HEEL,7,0.0143893956302027,0.11597960044483,14
GJ03,Post,HEEL,8,0.0265917055317504,0.141151715256618,14
GJ03,Post,HEEL,9,0.0541462207891869,0.177099133212651,14
GJ03,Post,HEEL,10,0.102372464391615,0.223331141012366,14
GJ03,Post,HEEL,11,0.17741976308151,0.276100741427827,14
GJ03,Post,HEEL,12,0.285725121379903,0.330310709462087,14
GJ03,Post,HEEL,13,0.431852045741766,0.379600296677857,14
GJ03,Post,HEEL,14,0.617259086913292,0.417715314971095,14
GJ03,Post,HEEL,15,0.838275227789025,0.439331235669172,14
GJ03,Post,HEEL,16,1.08685466040307,0.442681924194282,14
GJ03,Post,HEEL,17,1.35014708110925,0.426520349679517,14
GJ03,Post,HEEL,18,1.61355467016147,0.395570677857219,14
GJ03,Post,HEEL,19,1.86275321801435,0.355572346278201,14
GJ03,Post,HEEL,20,2.08479358230946,0.311755280247429,14
GJ03,Post,HEEL,21,2.2721233504968,0.273525036203953,14
GJ03,Post,HEEL,22,2.42174189191638,0.246839390364869,14
GJ03,Post,HEEL,23,2.53446824791385,0.234593472775074,14
GJ03,Post,HEEL,24,2.61534567379605,0.237633340313623,14
GJ03,Post,HEEL,25,2.67132072295897,0.253586147492506,14
GJ03,Post,HEEL,26,2.70652582585724,0.279543422379665,14
GJ03,Post,HEEL,27,2.72855979428481,0.309310727762355,14
GJ03,Post,HEEL,28,2.73922498878774,0.341560023974931,14
GJ03,Post,HEEL,29,2.74155637961606,0.373416480707239,14
GJ03,Post,HEEL,30,2.73396744779546,0.403321613532228,14
GJ03,Post,HEEL,31,2.7176143447854,0.431594040097372,14
GJ03,Post,HEEL,32,2.69259038607846,0.458419140398241,14
GJ03,Post,HEEL,33,2.6563736108103,0.482157918018657,14
GJ03,Post,HEEL,34,2.61147573590245,0.50545086561728,14
GJ03,Post,HEEL,35,2.55889056338166,0.527394403381876,14
GJ03,Post,HEEL,36,2.50077158898038,0.548222804582059,14
GJ03,Post,HEEL,37,2.44080505138733,0.567991972595064,14
GJ03,Post,HEEL,38,2.38207155527993,0.586437856336924,14
GJ03,Post,HEEL,39,2.32840879126971,0.603084405250687,14
GJ03,Post,HEEL,40,2.28325027709226,0.617430576716362,14
GJ03,Post,HEEL,41,2.2496353975481,0.628811303930156,14
GJ03,Post,HEEL,42,2.23037770200396,0.636509366812478,14
GJ03,Post,HEEL,43,2.22719845702495,0.639824927674272,14
GJ03,Post,HEEL,44,2.24141635914845,0.63853094312207,14
GJ03,Post,HEEL,45,2.27388757673265,0.63255623153766,14
GJ03,Post,HEEL,46,2.32409269494036,0.622754248633065,14
GJ03,Post,HEEL,47,2.39135157882901,0.609653541559613,14
GJ03,Post,HEEL,48,2.47395067371151,0.594252424901126,14
GJ03,Post,HEEL,49,2.57005015312141,0.578613412151614,14
GJ03,Post,HEEL,50,2.67789636025733,0.563922631651487,14
GJ03,Post,HEEL,51,2.79505778181093,0.55202334299618,14
GJ03,Post,HEEL,52,2.91951965157129,0.543803241767255,14
GJ03,Post,HEEL,53,3.04934526706611,0.539816045178077,14
GJ03,Post,HEEL,54,3.18298664078924,0.540358248017891,14
GJ03,Post,HEEL,55,3.31943020389756,0.545095224951867,14
GJ03,Post,HEEL,56,3.45808799828242,0.55334572972686,14
GJ03,Post,HEEL,57,3.59892199903866,0.564361694795427,14
GJ03,Post,HEEL,58,3.74213522125224,0.577019600618136,14
GJ03,Post,HEEL,59,3.88866664719966,0.590127047787362,14
GJ03,Post,HEEL,60,4.03940183481119,0.602286801968072,14
GJ03,Post,HEEL,61,4.19571175711,0.61286922721095,14
GJ03,Post,HEEL,62,4.3584318534292,0.62020758784237,14
GJ03,Post,HEEL,63,4.52883313257021,0.6237242788244,14
GJ03,Post,HEEL,64,4.70773308471353,0.623071256141535,14
GJ03,Post,HEEL,65,4.89553276509129,0.618041263998386,14
GJ03,Post,HEEL,66,5.09290903529307,0.60916457734971,14
GJ03,Post,HEEL,67,5.30002237063532,0.59583985117565,14
GJ03,Post,HEEL,68,5.51711567443155,0.579643667219343,14
GJ03,Post,HEEL,69,5.74445689489838,0.561143118091945,14
GJ03,Post,HEEL,70,5.98158832233311,0.540372507258893,14
GJ03,Post,HEEL,71,6.22820033466772,0.518645263930434,14
GJ03,Post,HEEL,72,6.4832544387156,0.495204708485281,14
GJ03,Post,HEEL,73,6.74426602658353,0.47082704628322,14
GJ03,Post,HEEL,74,7.00788597951512,0.445632721222984,14
GJ03,Post,HEEL,75,7.26906185648783,0.417855614745973,14
GJ03,Post,HEEL,76,7.52011340542215,0.387559740900432,14
GJ03,Post,HEEL,77,7.75370682987096,0.356344381483206,14
GJ03,Post,HEEL,78,7.95332355260461,0.32177051180309,14
GJ03,Post,HEEL,79,8.11281992964487,0.285694432237641,14
GJ03,Post,HEEL,80,8.21973733507588,0.252447773242344,14
GJ03,Post,HEEL,81,8.2625272243404,0.230042777724009,14
GJ03,Post,HEEL,82,8.23150700099584,0.22327069601241,14
GJ03,Post,HEEL,83,8.11449080529349,0.237961693129903,14
GJ03,Post,HEEL,84,7.9090631883651,0.270739286691785,14
GJ03,Post,HEEL,85,7.60684629152124,0.312415359893514,14
GJ03,Post,HEEL,86,7.20629303140272,0.354973631061625,14
GJ03,Post,HEEL,87,6.70986074865731,0.392501658688452,14
GJ03,Post,HEEL,88,6.12232713653621,0.42145875023308,14
GJ03,Post,HEEL,89,5.45979209237472,0.437146119114101,14
GJ03,Post,HEEL,90,4.74048480916419,0.437619446514175,14
GJ03,Post,HEEL,91,3.99216974276766,0.422517476298242,14
GJ03,Post,HEEL,92,3.24707027794612,0.392266865732593,14
GJ03,Post,HEEL,93,2.53957479865469,0.349707542320815,14
GJ03,Post,HEEL,94,1.90019255566708,0.29939133035441,14
GJ03,Post,HEEL,95,1.35315357246761,0.245523866152669,14
GJ03,Post,HEEL,96,0.909867106088367,0.194695862941937,14
GJ03,Post,HEEL,97,0.571257579751701,0.151070896776228,14
GJ03,Post,HEEL,98,0.326911076522388,0.117286895943476,14
GJ03,Post,HEEL,99,0.159626908116703,0.094104816266411,14
GJ03,Post,HEEL,100,0.0493752894206014,0.0803420309435946,14
GP04,Post,HEEL,0,-0.10408378104117,0.0632174352434763,14
GP04,Post,HEEL,1,-0.166539341822395,0.06903890040251,14
GP04,Post,HEEL,2,-0.222123762352067,0.0698183180231488,14
GP04,Post,HEEL,3,-0.261428930534014,0.065461080154299,14
GP04,Post,HEEL,4,-0.274899488113765,0.0598007304399338,14
GP04,Post,HEEL,5,-0.254381247665155,0.0625169558994372,14
GP04,Post,HEEL,6,-0.194719545643716,0.0808233355974416,14
GP04,Post,HEEL,7,-0.0947110319334028,0.109942354926825,14
GP04,Post,HEEL,8,0.0428137957461217,0.141773375063507,14
GP04,Post,HEEL,9,0.211611832239344,0.170348892698603,14
GP04,Post,HEEL,10,0.403394103739455,0.191991760161884,14
GP04,Post,HEEL,11,0.609743393331105,0.205142460099934,14
GP04,Post,HEEL,12,0.823207836350311,0.210059855548126,14
GP04,Post,HEEL,13,1.03825393961976,0.208106211564342,14
GP04,Post,HEEL,14,1.25144726212259,0.200958329020932,14
GP04,Post,HEEL,15,1.46107421760453,0.191773095776194,14
GP04,Post,HEEL,16,1.66658087375356,0.181179076678363,14
GP04,Post,HEEL,17,1.86739294976724,0.171319193119236,14
GP04,Post,HEEL,18,2.06170142840524,0.162648311728722,14
GP04,Post,HEEL,19,2.24777085587517,0.154458110030415,14
GP04,Post,HEEL,20,2.42350644815705,0.147691177167242,14
GP04,Post,HEEL,21,2.58399264242778,0.140941681260857,14
GP04,Post,HEEL,22,2.72702158256376,0.134515489072813,14
GP04,Post,HEEL,23,2.84927542616314,0.128096750673437,14
GP04,Post,HEEL,24,2.94626357201328,0.121831386174823,14
GP04,Post,HEEL,25,3.01815046957493,0.118321300148441,14
GP04,Post,HEEL,26,3.06167845794327,0.115999895060336,14
GP04,Post,HEEL,27,3.07806608959291,0.118128016862046,14
GP04,Post,HEEL,28,3.06533035284027,0.124877595777265,14
GP04,Post,HEEL,29,3.02888993291322,0.134896365037509,14
GP04,Post,HEEL,30,2.96744614171124,0.147862212736674,14
GP04,Post,HEEL,31,2.88422626269976,0.162727138602595,14
GP04,Post,HEEL,32,2.78284301501804,0.177951262652514,14
GP04,Post,HEEL,33,2.66670732260614,0.192695869471624,14
GP04,Post,HEEL,34,2.5392475830944,0.205921760176759,14
GP04,Post,HEEL,35,2.4040236833149,0.216317312074511,14
GP04,Post,HEEL,36,2.26433124960258,0.223123494214902,14
GP04,Post,HEEL,37,2.12373498007006,0.226313662307379,14
GP04,Post,HEEL,38,1.98505619380706,0.225104539720981,14
GP04,Post,HEEL,39,1.85077596452371,0.220007494811489,14
GP04,Post,HEEL,40,1.72313660106736,0.211873837070648,14
GP04,Post,HEEL,41,1.60376954558132,0.201329283687491,14
GP04,Post,HEEL,42,1.49380665623755,0.189632472281071,14
GP04,Post,HEEL,43,1.39393587229094,0.17796580485852,14
GP04,Post,HEEL,44,1.30411483841408,0.166769424471275,14
GP04,Post,HEEL,45,1.22475105618058,0.157174161854817,14
GP04,Post,HEEL,46,1.15580978724602,0.149611607745169,14
GP04,Post,HEEL,47,1.09738217016149,0.144315268089596,14
GP04,Post,HEEL,48,1.04852015363108,0.140889324569547,14
GP04,Post,HEEL,49,1.0097634920494,0.13945659895282,14
GP04,Post,HEEL,50,0.981509137789359,0.139564734405122,14
GP04,Post,HEEL,51,0.963089119705422,0.141075930866654,14
GP04,Post,HEEL,52,0.955335499137455,0.14356883802875,14
GP04,Post,HEEL,53,0.958466954888716,0.146387650221653,14
GP04,Post,HEEL,54,0.973169770197313,0.149922962408873,14
GP04,Post,HEEL,55,0.999987823328513,0.153847145588624,14
GP04,Post,HEEL,56,1.04077224374125,0.158385004384771,14
GP04,Post,HEEL,57,1.09588987538005,0.163879313377605,14
GP04,Post,HEEL,58,1.1674132587841,0.170638119240856,14
GP04,Post,HEEL,59,1.25598310856571,0.179152532708544,14
GP04,Post,HEEL,60,1.36334051738934,0.189272928136635,14
GP04,Post,HEEL,61,1.48921657396949,0.200143259959978,14
GP04,Post,HEEL,62,1.6336778178965,0.211382222974017,14
GP04,Post,HEEL,63,1.79501638487432,0.222039086485793,14
GP04,Post,HEEL,64,1.97192214685075,0.230695423339186,14
GP04,Post,HEEL,65,2.16127637651039,0.236797557954336,14
GP04,Post,HEEL,66,2.35922277961598,0.240062129681484,14
GP04,Post,HEEL,67,2.56337033512427,0.241236945802138,14
GP04,Post,HEEL,68,2.76854448919974,0.240354955046645,14
GP04,Post,HEEL,69,2.97391966575067,0.23802355211646,14
GP04,Post,HEEL,70,3.1759259638597,0.235705041926517,14
GP04,Post,HEEL,71,3.37430764300952,0.233483835254406,14
GP04,Post,HEEL,72,3.5683557244547,0.2315136106909,14
GP04,Post,HEEL,73,3.75739520851473,0.228515746613846,14
GP04,Post,HEEL,74,3.94114863464573,0.223603392859581,14
GP04,Post,HEEL,75,4.11883363814973,0.216213767020138,14
GP04,Post,HEEL,76,4.28691406284957,0.205860665568485,14
GP04,Post,HEEL,77,4.44115404572206,0.19267363531115,14
GP04,Post,HEEL,78,4.57397278810868,0.176624270918309,14
GP04,Post,HEEL,79,4.67913967798181,0.160184961439508,14
GP04,Post,HEEL,80,4.74685931952755,0.144257109454058,14
GP04,Post,HEEL,81,4.76689337085012,0.136274594454184,14
GP04,Post,HEEL,82,4.73209018948783,0.140365940337759,14
GP04,Post,HEEL,83,4.63366763230298,0.153255784689437,14
GP04,Post,HEEL,84,4.46554205374643,0.174267117464206,14
GP04,Post,HEEL,85,4.22701453260141,0.195723884612494,14
GP04,Post,HEEL,86,3.91689838862102,0.215470605565361,14
GP04,Post,HEEL,87,3.54120072328671,0.230188614789998,14
GP04,Post,HEEL,88,3.10924898254418,0.238136430561649,14
GP04,Post,HEEL,89,2.6353318023141,0.238574479892,14
GP04,Post,HEEL,90,2.13866750559792,0.232211548161187,14
GP04,Post,HEEL,91,1.64278496433872,0.218760067869777,14
GP04,Post,HEEL,92,1.17152950797581,0.1990091097543,14
GP04,Post,HEEL,93,0.749321183981828,0.173725861438017,14
GP04,Post,HEEL,94,0.395862056622353,0.144671798790555,14
GP04,Post,HEEL,95,0.123940599941091,0.114765453180071,14
GP04,Post,HEEL,96,-0.0624332838268805,0.0886046644430823,14
GP04,Post,HEEL,97,-0.168493203446259,0.071310345761459,14
GP04,Post,HEEL,98,-0.207683703616986,0.0647324035119976,14
GP04,Post,HEEL,99,-0.198428885717811,0.0638814314352556,14
GP04,Post,HEEL,100,-0.160789261135328,0.0620933962806494,14
OJ08,Post,HEEL,0,0.131527512408549,0.0710670435419322,13
OJ08,Post,HEEL,1,0.184392395758566,0.112786594498439,13
OJ08,Post,HEEL,2,0.23325116690373,0.146874367341911,13
OJ08,Post,HEEL,3,0.267438012407271,0.16397848489686,13
OJ08,Post,HEEL,4,0.278362371676962,0.158054549879638,13
OJ08,Post,HEEL,5,0.262255001145129,0.129396518324968,13
OJ08,Post,HEEL,6,0.22125135204075,0.0949485544532761,13
OJ08,Post,HEEL,7,0.162922766434463,0.11038730155476,13
OJ08,Post,HEEL,8,0.0985715679914712,0.187974138724935,13
OJ08,Post,HEEL,9,0.0410986556339135,0.28619449895165,13
OJ08,Post,HEEL,10,0.00303907215123746,0.384703457441367,13
OJ08,Post,HEEL,11,-0.00448332687340509,0.473348241507453,13
OJ08,Post,HEEL,12,0.0269214897682424,0.545741105391945,13
OJ08,Post,HEEL,13,0.102499489034457,0.597868218388987,13
OJ08,Post,HEEL,14,0.223364136419072,0.628144203277806,13
OJ08,Post,HEEL,15,0.386174304440232,0.636733167291882,13
OJ08,Post,HEEL,16,0.582686880493291,0.625005942655469,13
OJ08,Post,HEEL,17,0.801396499303481,0.597430139978869,13
OJ08,Post,HEEL,18,1.02849656863328,0.559332027678568,13
OJ08,Post,HEEL,19,1.24948715531922,0.513293576761057,13
OJ08,Post,HEEL,20,1.45282608647038,0.465000400254383,13
OJ08,Post,HEEL,21,1.63039959592608,0.419050002710673,13
OJ08,Post,HEEL,22,1.77779863187681,0.374579055598399,13
OJ08,Post,HEEL,23,1.89397204577909,0.333996592810073,13
OJ08,Post,HEEL,24,1.98095223197441,0.29708908209137,13
OJ08,Post,HEEL,25,2.04022594010313,0.262164588312677,13
OJ08,Post,HEEL,26,2.07509820088183,0.231426955927075,13
OJ08,Post,HEEL,27,2.08681647516862,0.204530810723781,13
OJ08,Post,HEEL,28,2.07843443671148,0.184706992101719,13
OJ08,Post,HEEL,29,2.05149046660978,0.175076367628253,13
OJ08,Post,HEEL,30,2.00821280774675,0.177202813590698,13
OJ08,Post,HEEL,31,1.95162679086767,0.189266781321099,13
OJ08,Post,HEEL,32,1.88647091581575,0.208458002109268,13
OJ08,Post,HEEL,33,1.81686894971975,0.2305752044814,13
OJ08,Post,HEEL,34,1.74771094902406,0.252325113359321,13
OJ08,Post,HEEL,35,1.68341727973671,0.271511239145492,13
OJ08,Post,HEEL,36,1.62744718317156,0.287107089562852,13
OJ08,Post,HEEL,37,1.58234425748568,0.298651009432174,13
OJ08,Post,HEEL,38,1.54983381754209,0.306097697292057,13
OJ08,Post,HEEL,39,1.53013918969806,0.309630393767458,13
OJ08,Post,HEEL,40,1.52298849485773,0.310000798827117,13
OJ08,Post,HEEL,41,1.52746718152599,0.307718106312238,13
OJ08,Post,HEEL,42,1.54267899049716,0.303606632103195,13
OJ08,Post,HEEL,43,1.56772917903059,0.298093532963062,13
OJ08,Post,HEEL,44,1.60214229408298,0.292174617608008,13
OJ08,Post,HEEL,45,1.6455558134476,0.286014659566292,13
OJ08,Post,HEEL,46,1.69803180329794,0.280210440984665,13
OJ08,Post,HEEL,47,1.75987142407031,0.275162565015219,13
OJ08,Post,HEEL,48,1.83127729137356,0.271411291903362,13
OJ08,Post,HEEL,49,1.9121026680935,0.269006740222358,13
OJ08,Post,HEEL,50,2.00205794830861,0.267895517518816,13
OJ08,Post,HEEL,51,2.10075674316361,0.267935119853463,13
OJ08,Post,HEEL,52,2.20686909342065,0.268263477589636,13
OJ08,Post,HEEL,53,2.3193396117748,0.26837206386649,13
OJ08,Post,HEEL,54,2.43690727325757,0.267307194838086,13
OJ08,Post,HEEL,55,2.55789329081159,0.264921640812955,13
OJ08,Post,HEEL,56,2.68152190240381,0.26121606526913,13
OJ08,Post,HEEL,57,2.80712644964821,0.256745883980768,13
OJ08,Post,HEEL,58,2.93390968878298,0.252120242243479,13
OJ08,Post,HEEL,59,3.06217142189579,0.248779336891114,13
OJ08,Post,HEEL,60,3.19272686526209,0.248304197286512,13
OJ08,Post,HEEL,61,3.32619567962388,0.251471201522003,13
OJ08,Post,HEEL,62,3.46407321255377,0.258967069936884,13
OJ08,Post,HEEL,63,3.60786524844888,0.270044916135508,13
OJ08,Post,HEEL,64,3.75932655781603,0.283691906015005,13
OJ08,Post,HEEL,65,3.91954855082203,0.298192726800104,13
OJ08,Post,HEEL,66,4.09003904986409,0.311764782692052,13
OJ08,Post,HEEL,67,4.27146976356259,0.322883121192173,13
OJ08,Post,HEEL,68,4.46364744941814,0.329921032205794,13
OJ08,Post,HEEL,69,4.66627868079538,0.33190715592931,13
OJ08,Post,HEEL,70,4.87836168561739,0.328166956553848,13
OJ08,Post,HEEL,71,5.09654015686569,0.318033509859422,13
OJ08,Post,HEEL,72,5.31764868158545,0.302960034699176,13
OJ08,Post,HEEL,73,5.53596750630533,0.281040156908805,13
OJ08,Post,HEEL,74,5.74516381420005,0.255642500892826,13
OJ08,Post,HEEL,75,5.93598114079207,0.227773794098667,13
OJ08,Post,HEEL,76,6.09886036878438,0.206014624470358,13
OJ08,Post,HEEL,77,6.22299889685365,0.197520650373688,13
OJ08,Post,HEEL,78,6.29770932367867,0.20674908766249,13
OJ08,Post,HEEL,79,6.31421662699354,0.234543841784365,13
OJ08,Post,HEEL,80,6.26353379173768,0.273937899783521,13
OJ08,Post,HEEL,81,6.14404352545003,0.316908873242574,13
OJ08,Post,HEEL,82,5.95730434259295,0.358143940574503,13
OJ08,Post,HEEL,83,5.7081471694215,0.393510760841814,13
OJ08,Post,HEEL,84,5.40409683436234,0.419370300969017,13
OJ08,Post,HEEL,85,5.05527392828176,0.435784524005182,13
OJ08,Post,HEEL,86,4.67025791096534,0.443486488616623,13
OJ08,Post,HEEL,87,4.25682574834364,0.443653400289819,13
OJ08,Post,HEEL,88,3.8183896284886,0.43577015396984,13
OJ08,Post,HEEL,89,3.36215450496417,0.421018072560214,13
OJ08,Post,HEEL,90,2.89247803131912,0.39889787639945,13
OJ08,Post,HEEL,91,2.4220655188966,0.367925948913373,13
OJ08,Post,HEEL,92,1.96408762540337,0.328500722639666,13
OJ08,Post,HEEL,93,1.53643259146755,0.27987690197861,13
OJ08,Post,HEEL,94,1.15779593808413,0.225028060894441,13
OJ08,Post,HEEL,95,0.840589607280658,0.169260417728773,13
OJ08,Post,HEEL,96,0.590463069236709,0.120979563260988,13
OJ08,Post,HEEL,97,0.403505953217564,0.0901959608136669,13
OJ08,Post,HEEL,98,0.268252049121423,0.0794688833148683,13
OJ08,Post,HEEL,99,0.169564320380798,0.0771327004107606,13
OJ08,Post,HEEL,100,0.0929407916503398,0.0717093508550484,13
RL10,Post,HEEL,0,0.16533510842054,0.0397747831072815,12
RL10,Post,HEEL,1,0.248251561451214,0.0500045769851249,12
RL10,Post,HEEL,2,0.327317038785629,0.0574239308069668,12
RL10,Post,HEEL,3,0.385837965596541,0.061399805126152,12
RL10,Post,HEEL,4,0.408773891305406,0.0624803141051556,12
RL10,Post,HEEL,5,0.386919218452612,0.062546278141097,12
RL10,Post,HEEL,6,0.319528432347683,0.0636372714686432,12
RL10,Post,HEEL,7,0.214659668455378,0.067007612420495,12
RL10,Post,HEEL,8,0.0875155456769608,0.0722294146296291,12
RL10,Post,HEEL,9,-0.042722872481255,0.0789551112108657,12
RL10,Post,HEEL,10,-0.156162172876445,0.0885466118614062,12
RL10,Post,HEEL,11,-0.234951700541691,0.104214011044932,12
RL10,Post,HEEL,12,-0.265214043101829,0.129061626291262,12
RL10,Post,HEEL,13,-0.238203428197178,0.163487735000101,12
RL10,Post,HEEL,14,-0.150790408659705,0.203721241762783,12
RL10,Post,HEEL,15,-0.00651906513344697,0.243440604470023,12
RL10,Post,HEEL,16,0.18474525448115,0.275152390992941,12
RL10,Post,HEEL,17,0.407473676230556,0.292695436342361,12
RL10,Post,HEEL,18,0.642610047916962,0.293400752960811,12
RL10,Post,HEEL,19,0.870914372217951,0.278385763777919,12
RL10,Post,HEEL,20,1.07559356327986,0.252158348483983,12
RL10,Post,HEEL,21,1.24661794363647,0.2234589325765,12
RL10,Post,HEEL,22,1.37898776769729,0.199226984045892,12
RL10,Post,HEEL,23,1.47781869831393,0.183965657615018,12
RL10,Post,HEEL,24,1.54807815451581,0.177566181209954,12
RL10,Post,HEEL,25,1.60069369277854,0.175401284141599,12
RL10,Post,HEEL,26,1.64175759730533,0.174821245254841,12
RL10,Post,HEEL,27,1.67741404738991,0.173049785446345,12
RL10,Post,HEEL,28,1.70698214285145,0.17028825024803,12
RL10,Post,HEEL,29,1.73035806312382,0.168339420126544,12
RL10,Post,HEEL,30,1.74370827517169,0.16823847446178,12
RL10,Post,HEEL,31,1.74362538160794,0.171737104547446,12
RL10,Post,HEEL,32,1.72921952222553,0.179615040718283,12
RL10,Post,HEEL,33,1.69986328473576,0.190812560847238,12
RL10,Post,HEEL,34,1.65764671137063,0.204877990090403,12
RL10,Post,HEEL,35,1.60512172132921,0.220799463562272,12
RL10,Post,HEEL,36,1.54631247799421,0.238165296239528,12
RL10,Post,HEEL,37,1.48505295163337,0.256683108525721,12
RL10,Post,HEEL,38,1.42472110122972,0.275611651104434,12
RL10,Post,HEEL,39,1.3684552345444,0.29394510493711,12
RL10,Post,HEEL,40,1.31864906532606,0.31077570647483,12
RL10,Post,HEEL,41,1.27709740830244,0.324900104596639,12
RL10,Post,HEEL,42,1.24481691159294,0.335293759592019,12
RL10,Post,HEEL,43,1.22347478966415,0.342220301344522,12
RL10,Post,HEEL,44,1.21379234205099,0.345344381891657,12
RL10,Post,HEEL,45,1.21675330416493,0.345950966587805,12
RL10,Post,HEEL,46,1.23364352956921,0.344397668256216,12
RL10,Post,HEEL,47,1.26456172347512,0.342455754978789,12
RL10,Post,HEEL,48,1.31048025368044,0.34092445057225,12
RL10,Post,HEEL,49,1.37022728208729,0.340246821737718,12
RL10,Post,HEEL,50,1.44304588099104,0.341017113733723,12
RL10,Post,HEEL,51,1.52729522391475,0.343588654005117,12
RL10,Post,HEEL,52,1.6196606477473,0.347136048197942,12
RL10,Post,HEEL,53,1.71862434894258,0.352080860929508,12
RL10,Post,HEEL,54,1.82057172258523,0.358650591874584,12
RL10,Post,HEEL,55,1.92385384486502,0.366810763278687,12
RL10,Post,HEEL,56,2.0267579883157,0.376072903578258,12
RL10,Post,HEEL,57,2.12899093818658,0.386682143557428,12
RL10,Post,HEEL,58,2.23111539871896,0.397691342762221,12
RL10,Post,HEEL,59,2.33454390154965,0.408378143602656,12
RL10,Post,HEEL,60,2.44197672837011,0.417989801100124,12
RL10,Post,HEEL,61,2.55645116091644,0.426174772735908,12
RL10,Post,HEEL,62,2.68141776680976,0.431494295186779,12
RL10,Post,HEEL,63,2.81985033568077,0.434199650132104,12
RL10,Post,HEEL,64,2.97385874931559,0.433966518741189,12
RL10,Post,HEEL,65,3.14491722237778,0.429677189391,12
RL10,Post,HEEL,66,3.33359861281359,0.422017242427199,12
RL10,Post,HEEL,67,3.53835652069606,0.410791141432739,12
RL10,Post,HEEL,68,3.75779600337358,0.396227226015986,12
RL10,Post,HEEL,69,3.98846828663936,0.378933600411476,12
RL10,Post,HEEL,70,4.22682044168218,0.359556447603306,12
RL10,Post,HEEL,71,4.46781909148215,0.337966367082113,12
RL10,Post,HEEL,72,4.7089413605579,0.315902847013071,12
RL10,Post,HEEL,73,4.94270465904787,0.2924108881619,12
RL10,Post,HEEL,74,5.16456761159383,0.270068716099335,12
RL10,Post,HEEL,75,5.36709167368293,0.24542544973567,12
RL10,Post,HEEL,76,5.54111585855602,0.222443173117064,12
RL10,Post,HEEL,77,5.67926601241184,0.199267139063987,12
RL10,Post,HEEL,78,5.77036921301746,0.178879728820065,12
RL10,Post,HEEL,79,5.80552127892554,0.164081850117854,12
RL10,Post,HEEL,80,5.77745070898799,0.16023086858233,12
RL10,Post,HEEL,81,5.68026758704227,0.169727460165738,12
RL10,Post,HEEL,82,5.51353456048801,0.190625777677021,12
RL10,Post,HEEL,83,5.27885855102843,0.216610432671565,12
RL10,Post,HEEL,84,4.98434243440868,0.243314935237339,12
RL10,Post,HEEL,85,4.64029157330447,0.265285058963101,12
RL10,Post,HEEL,86,4.2577365219613,0.279032484215061,12
RL10,Post,HEEL,87,3.8470234847416,0.28180404150116,12
RL10,Post,HEEL,88,3.41871284297838,0.274750752393548,12
RL10,Post,HEEL,89,2.98125769730148,0.258334702232637,12
RL10,Post,HEEL,90,2.54436741370063,0.233808828734067,12
RL10,Post,HEEL,91,2.11911776642761,0.204545388435033,12
RL10,Post,HEEL,92,1.71848074554878,0.172752268739733,12
RL10,Post,HEEL,93,1.35654426722173,0.141292598297004,12
RL10,Post,HEEL,94,1.04556149665553,0.112957305359244,12
RL10,Post,HEEL,95,0.792468482024734,0.0907691144463045,12
RL10,Post,HEEL,96,0.596738318816027,0.0763543358129155,12
RL10,Post,HEEL,97,0.44993939451519,0.0675445599933055,12
RL10,Post,HEEL,98,0.338018851476352,0.0603137660203365,12
RL10,Post,HEEL,99,0.245857940396125,0.0516828024692648,12
RL10,Post,HEEL,100,0.162098891831285,0.0421052571248398,12
SS11,Post,HEEL,0,0.142770169124893,0.0351391244173435,13
SS11,Post,HEEL,1,0.18123949446424,0.043605642159618,13
SS11,Post,HEEL,2,0.200478613350146,0.0541445511825848,13
SS11,Post,HEEL,3,0.191339996922309,0.0655930229634532,13
SS11,Post,HEEL,4,0.149605420724658,0.0756270755849571,13
SS11,Post,HEEL,5,0.0776119823703355,0.0816523479379746,13
SS11,Post,HEEL,6,-0.0154618511783121,0.0822798738129173,13
SS11,Post,HEEL,7,-0.115490168715088,0.0783525564687932,13
SS11,Post,HEEL,8,-0.206235374871135,0.0734303690011644,13
SS11,Post,HEEL,9,-0.272869515313442,0.0735947245195862,13
SS11,Post,HEEL,10,-0.304757933204981,0.0826858195292338,13
SS11,Post,HEEL,11,-0.297187242366622,0.098365438411947,13
SS11,Post,HEEL,12,-0.251521460419518,0.115084145825338,13
SS11,Post,HEEL,13,-0.174128272304679,0.128529913112543,13
SS11,Post,HEEL,14,-0.0745972144955463,0.136217449494708,13
SS11,Post,HEEL,15,0.0367509173558015,0.137394385665644,13
SS11,Post,HEEL,16,0.150348271747095,0.132964651206982,13
SS11,Post,HEEL,17,0.259058989277877,0.124669592847003,13
SS11,Post,HEEL,18,0.358676919066418,0.115158520665544,13
SS11,Post,HEEL,19,0.446881697386712,0.106096861020754,13
SS11,Post,HEEL,20,0.524309667267086,0.0988758509555537,13
SS11,Post,HEEL,21,0.591798157929943,0.0936366565309904,13
SS11,Post,HEEL,22,0.651488133778555,0.0894528730892553,13
SS11,Post,HEEL,23,0.705230840554939,0.0862402930599119,13
SS11,Post,HEEL,24,0.754351594389948,0.0840671734726349,13
SS11,Post,HEEL,25,0.799952506941595,0.083549100298273,13
SS11,Post,HEEL,26,0.842213651553125,0.0847754453233917,13
SS11,Post,HEEL,27,0.88098722236843,0.0881478004228962,13
SS11,Post,HEEL,28,0.916411809372822,0.0937634382055071,13
SS11,Post,HEEL,29,0.947790801675434,0.100031334895434,13
SS11,Post,HEEL,30,0.974669082045922,0.106427211660711,13
SS11,Post,HEEL,31,0.996038184525876,0.112821760738707,13
SS11,Post,HEEL,32,1.01251496344695,0.118046226731339,13
SS11,Post,HEEL,33,1.02344458324392,0.12278168806142,13
SS11,Post,HEEL,34,1.02924061946578,0.126541770745608,13
SS11,Post,HEEL,35,1.03020336991488,0.129751544782152,13
SS11,Post,HEEL,36,1.02703878563222,0.13316811711032,13
SS11,Post,HEEL,37,1.02037026672657,0.136410721998175,13
SS11,Post,HEEL,38,1.01125413650004,0.140095416722981,13
SS11,Post,HEEL,39,1.00040076739058,0.143753791380648,13
SS11,Post,HEEL,40,0.988642804354697,0.146956027492629,13
SS11,Post,HEEL,41,0.976583574159458,0.149215529784012,13
SS11,Post,HEEL,42,0.96500496478778,0.150322346884788,13
SS11,Post,HEEL,43,0.954272736180843,0.149806167285491,13
SS11,Post,HEEL,44,0.945160640946424,0.147805658403457,13
SS11,Post,HEEL,45,0.938284240123985,0.144484704863855,13
SS11,Post,HEEL,46,0.934180678942024,0.140149496505721,13
SS11,Post,HEEL,47,0.933800750353046,0.135259097095909,13
SS11,Post,HEEL,48,0.937703939096317,0.130201790515142,13
SS11,Post,HEEL,49,0.946644089512097,0.125451955082635,13
SS11,Post,HEEL,50,0.961048495994648,0.121181717479921,13
SS11,Post,HEEL,51,0.981439037646705,0.117902609647943,13
SS11,Post,HEEL,52,1.00762470598865,0.115152412822225,13
SS11,Post,HEEL,53,1.03995581108149,0.113266855412959,13
SS11,Post,HEEL,54,1.07774990560654,0.112033806401532,13
SS11,Post,HEEL,55,1.12036931321955,0.111233998853498,13
SS11,Post,HEEL,56,1.16777139737519,0.111016553771058,13
SS11,Post,HEEL,57,1.2191179186585,0.111471165014968,13
SS11,Post,HEEL,58,1.27451406134029,0.112672569114814,13
SS11,Post,HEEL,59,1.33404040031318,0.115025174440074,13
SS11,Post,HEEL,60,1.39852910736923,0.118890703502015,13
SS11,Post,HEEL,61,1.46869675877271,0.124389258927055,13
SS11,Post,HEEL,62,1.54591457433891,0.131065381934447,13
SS11,Post,HEEL,63,1.63169709481863,0.139326761547478,13
SS11,Post,HEEL,64,1.72707165475235,0.148282285823924,13
SS11,Post,HEEL,65,1.83316869243454,0.157265374039541,13
SS11,Post,HEEL,66,1.95002414230801,0.166337358696028,13
SS11,Post,HEEL,67,2.07771641779912,0.174421513925648,13
SS11,Post,HEEL,68,2.21468023194605,0.181711093806072,13
SS11,Post,HEEL,69,2.35946736097649,0.187291446926142,13
SS11,Post,HEEL,70,2.50955957421634,0.19137628381417,13
SS11,Post,HEEL,71,2.66201277843874,0.193124787282033,13
SS11,Post,HEEL,72,2.8140029784268,0.192424607233592,13
SS11,Post,HEEL,73,2.96283988118456,0.189521823016104,13
SS11,Post,HEEL,74,3.10599304206869,0.18518775392761,13
SS11,Post,HEEL,75,3.23994080437086,0.178396903686147,13
SS11,Post,HEEL,76,3.36134734919551,0.169934073761886,13
SS11,Post,HEEL,77,3.47029646578904,0.160013516385439,13
SS11,Post,HEEL,78,3.56066097591182,0.14956757027178,13
SS11,Post,HEEL,79,3.6340616223248,0.139980279553991,13
SS11,Post,HEEL,80,3.68494712160271,0.130437479200339,13
SS11,Post,HEEL,81,3.71208271049777,0.123713484379948,13
SS11,Post,HEEL,82,3.71051390062312,0.121919390810579,13
SS11,Post,HEEL,83,3.67865282760072,0.124799945598564,13
SS11,Post,HEEL,84,3.61241010521441,0.132260687504561,13
SS11,Post,HEEL,85,3.50889593002865,0.144643662290661,13
SS11,Post,HEEL,86,3.36493253017217,0.158769620696872,13
SS11,Post,HEEL,87,3.17820796940735,0.173500058152818,13
SS11,Post,HEEL,88,2.95107689815329,0.186322536607872,13
SS11,Post,HEEL,89,2.68538388170196,0.193913572085908,13
SS11,Post,HEEL,90,2.39186399597,0.194763583483016,13
SS11,Post,HEEL,91,2.08193255245666,0.187099790631528,13
SS11,Post,HEEL,92,1.77031901660875,0.169944569104352,13
SS11,Post,HEEL,93,1.47355477784837,0.146399762920834,13
SS11,Post,HEEL,94,1.20505938637647,0.122092986151366,13
SS11,Post,HEEL,95,0.973707948059256,0.101486490193685,13
SS11,Post,HEEL,96,0.781820941681358,0.0904194588187712,13
SS11,Post,HEEL,97,0.625583058955283,0.0876855270688228,13
SS11,Post,HEEL,98,0.496925313264012,0.0868760367412122,13
SS11,Post,HEEL,99,0.386648919492445,0.0831893942323463,13
SS11,Post,HEEL,100,0.287110061985698,0.0750369061496996,13
BO11,Post,HEEL,0,0.04982598637296,0.021579866365064,12
BO11,Post,HEEL,1,0.0407548785990607,0.0360715512323899,12
BO11,Post,HEEL,2,0.0268305035944009,0.0510944884513264,12
BO11,Post,HEEL,3,0.00749749807725324,0.0640733892978267,12
BO11,Post,HEEL,4,-0.016545561680227,0.0731252430897827,12
BO11,Post,HEEL,5,-0.0432207168330661,0.0772957374331518,12
BO11,Post,HEEL,6,-0.0691678319868608,0.0768985730209034,12
BO11,Post,HEEL,7,-0.0903329790298096,0.0735244177315106,12
BO11,Post,HEEL,8,-0.102603937879559,0.0700353393821939,12
BO11,Post,HEEL,9,-0.102231891737606,0.0697914780943929,12
BO11,Post,HEEL,10,-0.0863342867706239,0.075100213392326,12
BO11,Post,HEEL,11,-0.0530172362313749,0.0856001307657676,12
BO11,Post,HEEL,12,-0.0018478330801758,0.0987655507503581,12
BO11,Post,HEEL,13,0.0659623190955245,0.111531253421579,12
BO11,Post,HEEL,14,0.147678630273019,0.12128377937532,12
BO11,Post,HEEL,15,0.238979898094252,0.126329780067072,12
BO11,Post,HEEL,16,0.335055963288955,0.126438175486688,12
BO11,Post,HEEL,17,0.430652115616973,0.122243678102122,12
BO11,Post,HEEL,18,0.521365478386125,0.115392433037064,12
BO11,Post,HEEL,19,0.603986281263604,0.107817368679213,12
BO11,Post,HEEL,20,0.67654963817994,0.101076970317938,12
BO11,Post,HEEL,21,0.738545934791707,0.0959032552568416,12
BO11,Post,HEEL,22,0.790198578952544,0.0921239518767077,12
BO11,Post,HEEL,23,0.832350837381643,0.088949526378364,12
BO11,Post,HEEL,24,0.866155657924895,0.0857071722961295,12
BO11,Post,HEEL,25,0.89204702491118,0.0819218314931544,12
BO11,Post,HEEL,26,0.911589079241797,0.0781386285802286,12
BO11,Post,HEEL,27,0.925565697146281,0.074643158272215,12
BO11,Post,HEEL,28,0.935022274108665,0.0729475047574936,12
BO11,Post,HEEL,29,0.940246471636271,0.0736540883182291,12
BO11,Post,HEEL,30,0.943714769115278,0.0779652512826803,12
BO11,Post,HEEL,31,0.945439327822382,0.0850301301913983,12
BO11,Post,HEEL,32,0.946111349576213,0.0932728059645186,12
BO11,Post,HEEL,33,0.946768098517221,0.102724333542589,12
BO11,Post,HEEL,34,0.947501351378524,0.112010016947609,12
BO11,Post,HEEL,35,0.948182169337955,0.121062515068924,12
BO11,Post,HEEL,36,0.949431794438175,0.129367525308747,12
BO11,Post,HEEL,37,0.95104241616707,0.136669019501298,12
BO11,Post,HEEL,38,0.953523547936562,0.143562204136693,12
BO11,Post,HEEL,39,0.957382830916766,0.149125761439377,12
BO11,Post,HEEL,40,0.963132880134384,0.153992967095055,12
BO11,Post,HEEL,41,0.971568002673964,0.158320007210284,12
BO11,Post,HEEL,42,0.983457975498193,0.161940382630426,12
BO11,Post,HEEL,43,0.999113483229957,0.164908618791455,12
BO11,Post,HEEL,44,1.01933563146541,0.167570714088905,12
BO11,Post,HEEL,45,1.04413147721978,0.169584805224518,12
BO11,Post,HEEL,46,1.07369281248106,0.171350525857146,12
BO11,Post,HEEL,47,1.10807693559211,0.172702342135015,12
BO11,Post,HEEL,48,1.14676204268287,0.173866431324791,12
BO11,Post,HEEL,49,1.18958696938434,0.174683988569435,12
BO11,Post,HEEL,50,1.23599040937766,0.175349998899688,12
BO11,Post,HEEL,51,1.2854615471563,0.176018383773536,12
BO11,Post,HEEL,52,1.3375064311494,0.176629835594851,12
BO11,Post,HEEL,53,1.39185479039955,0.177700010525982,12
BO11,Post,HEEL,54,1.4481044644932,0.179343745568329,12
BO11,Post,HEEL,55,1.50599756749917,0.18208620058035,12
BO11,Post,HEEL,56,1.56558017078803,0.186285383738368,12
BO11,Post,HEEL,57,1.62691376575871,0.192065525044679,12
BO11,Post,HEEL,58,1.69016329446265,0.199343346199891,12
BO11,Post,HEEL,59,1.75563387246449,0.207507524894272,12
BO11,Post,HEEL,60,1.82366644659856,0.215903548701662,12
BO11,Post,HEEL,61,1.89487550412541,0.223867787435159,12
BO11,Post,HEEL,62,1.96977206238578,0.230777720615532,12
BO11,Post,HEEL,63,2.04926243406523,0.236033058230415,12
BO11,Post,HEEL,64,2.13427560508701,0.239701710005454,12
BO11,Post,HEEL,65,2.2256228406918,0.241593114433723,12
BO11,Post,HEEL,66,2.32439384073433,0.241926112560304,12
BO11,Post,HEEL,67,2.4314447889687,0.240803966279676,12
BO11,Post,HEEL,68,2.54795756448587,0.23834704632714,12
BO11,Post,HEEL,69,2.67363292766494,0.235115462125778,12
BO11,Post,HEEL,70,2.80926730095612,0.230377020883141,12
BO11,Post,HEEL,71,2.9525769359663,0.224647856509913,12
BO11,Post,HEEL,72,3.10373238312928,0.218088046245729,12
BO11,Post,HEEL,73,3.25779968146141,0.209164019369238,12
BO11,Post,HEEL,74,3.41066051027008,0.200400522730398,12
BO11,Post,HEEL,75,3.55623357636993,0.189071895275151,12
BO11,Post,HEEL,76,3.68533174438012,0.17666511558732,12
BO11,Post,HEEL,77,3.79127781903535,0.165107527473394,12
BO11,Post,HEEL,78,3.86488148577217,0.155859352347739,12
BO11,Post,HEEL,79,3.89686092465017,0.149908392012134,12
BO11,Post,HEEL,80,3.88374749086546,0.148580704669669,12
BO11,Post,HEEL,81,3.82031655968416,0.152038863135848,12
BO11,Post,HEEL,82,3.70686943391215,0.158184520813956,12
BO11,Post,HEEL,83,3.54610474262265,0.165050387557797,12
BO11,Post,HEEL,84,3.34311244832074,0.170539664535258,12
BO11,Post,HEEL,85,3.10407464155746,0.172584359416343,12
BO11,Post,HEEL,86,2.83598277126271,0.171479220080402,12
BO11,Post,HEEL,87,2.54634737198961,0.166675710593008,12
BO11,Post,HEEL,88,2.23968187419237,0.158479711564538,12
BO11,Post,HEEL,89,1.92524386807952,0.14891866014435,12
BO11,Post,HEEL,90,1.60927253090131,0.137480501175291,12
BO11,Post,HEEL,91,1.30269357842052,0.124272482158396,12
BO11,Post,HEEL,92,1.01678014837491,0.109881900200136,12
BO11,Post,HEEL,93,0.763447266752935,0.094486928697192,12
BO11,Post,HEEL,94,0.552228672634439,0.0793161426229433,12
BO11,Post,HEEL,95,0.388088718163641,0.0666810592099396,12
BO11,Post,HEEL,96,0.269781790314904,0.0580120651471212,12
BO11,Post,HEEL,97,0.190089385345131,0.0527553095903371,12
BO11,Post,HEEL,98,0.137605261910955,0.0485733215089181,12
BO11,Post,HEEL,99,0.100216209797031,0.0432702349504359,12
BO11,Post,HEEL,100,0.0679570036565608,0.0362588855155434,12
SE15,Post,HEEL,0,0.192125999905381,0.0429169469012477,13
SE15,Post,HEEL,1,0.231404331224957,0.0662472965214738,13
SE15,Post,HEEL,2,0.244246087117141,0.0932299216458494,13
SE15,Post,HEEL,3,0.218257397998864,0.120629947294308,13
SE15,Post,HEEL,4,0.146694438644507,0.145355853513209,13
SE15,Post,HEEL,5,0.0314538342679133,0.164594085033316,13
SE15,Post,HEEL,6,-0.116849427040048,0.175989729125349,13
SE15,Post,HEEL,7,-0.281044955263729,0.177947916072301,13
SE15,Post,HEEL,8,-0.440564347886395,0.16994028324541,13
SE15,Post,HEEL,9,-0.575947591853941,0.153324268051787,13
SE15,Post,HEEL,10,-0.671407186247691,0.131699364719734,13
SE15,Post,HEEL,11,-0.716970709484099,0.11360760417529,13
SE15,Post,HEEL,12,-0.707919730577338,0.111629602135229,13
SE15,Post,HEEL,13,-0.644614538937072,0.132385923721305,13
SE15,Post,HEEL,14,-0.531201876206713,0.167619006872299,13
SE15,Post,HEEL,15,-0.374078415305202,0.206006076715468,13
SE15,Post,HEEL,16,-0.182317057421065,0.240601219731438,13
SE15,Post,HEEL,17,0.034094216795628,0.267421342918406,13
SE15,Post,HEEL,18,0.263723975114288,0.285163229826171,13
SE15,Post,HEEL,19,0.495375624400015,0.294414235395636,13
SE15,Post,HEEL,20,0.718422662845017,0.296836585935712,13
SE15,Post,HEEL,21,0.92412935930328,0.294613454926332,13
SE15,Post,HEEL,22,1.10733755863844,0.291251050904697,13
SE15,Post,HEEL,23,1.26439030018025,0.287915268350309,13
SE15,Post,HEEL,24,1.3961279366807,0.286487070335602,13
SE15,Post,HEEL,25,1.50515087329637,0.287436510361781,13
SE15,Post,HEEL,26,1.59446014551879,0.290988512225242,13
SE15,Post,HEEL,27,1.66792220273728,0.295419215450239,13
SE15,Post,HEEL,28,1.72950575703842,0.300517253819077,13
SE15,Post,HEEL,29,1.78045096628485,0.304929254356686,13
SE15,Post,HEEL,30,1.82311739348281,0.309311667960062,13
SE15,Post,HEEL,31,1.85878075997269,0.312975012516904,13
SE15,Post,HEEL,32,1.88694542149124,0.316664484199662,13
SE15,Post,HEEL,33,1.90824312052527,0.321155951813337,13
SE15,Post,HEEL,34,1.92264724830754,0.327177156904006,13
SE15,Post,HEEL,35,1.93192172125461,0.335112096432791,13
SE15,Post,HEEL,36,1.93678787216955,0.345087873597451,13
SE15,Post,HEEL,37,1.93875847832809,0.356848068392026,13
SE15,Post,HEEL,38,1.93939146007093,0.369765704571037,13
SE15,Post,HEEL,39,1.94014018940069,0.383021618041639,13
SE15,Post,HEEL,40,1.94224400803756,0.39545965804325,13
SE15,Post,HEEL,41,1.94658817557552,0.406303523691702,13
SE15,Post,HEEL,42,1.95374633045886,0.414688011641817,13
SE15,Post,HEEL,43,1.96389475136757,0.419604765659735,13
SE15,Post,HEEL,44,1.97744766450698,0.421298310144386,13
SE15,Post,HEEL,45,1.9942383287249,0.419202941753602,13
SE15,Post,HEEL,46,2.01461895212962,0.413986530089632,13
SE15,Post,HEEL,47,2.03837554981116,0.405375438974654,13
SE15,Post,HEEL,48,2.06618577113696,0.394856993903416,13
SE15,Post,HEEL,49,2.09830816822921,0.382911907786997,13
SE15,Post,HEEL,50,2.13499598896153,0.370644786441126,13
SE15,Post,HEEL,51,2.17722051276782,0.35857207910875,13
SE15,Post,HEEL,52,2.22397399710267,0.34745981147961,13
SE15,Post,HEEL,53,2.27675817416908,0.338345038811101,13
SE15,Post,HEEL,54,2.33502824095222,0.330661915817455,13
SE15,Post,HEEL,55,2.39828058197192,0.325138062351765,13
SE15,Post,HEEL,56,2.46753304444003,0.32178426726806,13
SE15,Post,HEEL,57,2.54297950283656,0.320028383978662,13
SE15,Post,HEEL,58,2.62489873223149,0.319710673615803,13
SE15,Post,HEEL,59,2.71577993750808,0.321509055449077,13
SE15,Post,HEEL,60,2.81695241408033,0.324615638405582,13
SE15,Post,HEEL,61,2.9310317176086,0.329667790256397,13
SE15,Post,HEEL,62,3.06079380947479,0.336614822722643,13
SE15,Post,HEEL,63,3.20920586277175,0.345421065079201,13
SE15,Post,HEEL,64,3.37826367296388,0.357518975190161,13
SE15,Post,HEEL,65,3.56983220490821,0.371316713950329,13
SE15,Post,HEEL,66,3.78549063444222,0.386052597583437,13
SE15,Post,HEEL,67,4.02500830584392,0.401517612437707,13
SE15,Post,HEEL,68,4.28581798221622,0.41451735158232,13
SE15,Post,HEEL,69,4.5661807731469,0.42458726018413,13
SE15,Post,HEEL,70,4.86427773673198,0.431241243797082,13
SE15,Post,HEEL,71,5.17143549269822,0.433416972520089,13
SE15,Post,HEEL,72,5.48459429441165,0.430783979519182,13
SE15,Post,HEEL,73,5.79458457963521,0.421394182244323,13
SE15,Post,HEEL,74,6.09498136353361,0.406960072217513,13
SE15,Post,HEEL,75,6.37665715684413,0.388861254234368,13
SE15,Post,HEEL,76,6.62880663806847,0.36100280100446,13
SE15,Post,HEEL,77,6.84099222127902,0.33457094826288,13
SE15,Post,HEEL,78,7.00646922828229,0.304701491354734,13
SE15,Post,HEEL,79,7.11618763002233,0.278328372946948,13
SE15,Post,HEEL,80,7.1644447244186,0.259866729484742,13
SE15,Post,HEEL,81,7.14686386110592,0.254663386320756,13
SE15,Post,HEEL,82,7.0600505481382,0.263721085407468,13
SE15,Post,HEEL,83,6.90423985731572,0.284283029496742,13
SE15,Post,HEEL,84,6.67621567344285,0.313025919489111,13
SE15,Post,HEEL,85,6.37854160517098,0.345587505728794,13
SE15,Post,HEEL,86,6.00964174968268,0.375796045108248,13
SE15,Post,HEEL,87,5.57138414619656,0.401698566086316,13
SE15,Post,HEEL,88,5.06602952992104,0.417762333594994,13
SE15,Post,HEEL,89,4.50476512895201,0.422953139044097,13
SE15,Post,HEEL,90,3.90316496713524,0.415153813780114,13
SE15,Post,HEEL,91,3.28506480377221,0.392901621422831,13
SE15,Post,HEEL,92,2.67954856057403,0.357198115072054,13
SE15,Post,HEEL,93,2.11681304310346,0.310858072630459,13
SE15,Post,HEEL,94,1.62307242102693,0.258814199082439,13
SE15,Post,HEEL,95,1.21478668683221,0.207517017231353,13
SE15,Post,HEEL,96,0.89566141882625,0.164833803822303,13
SE15,Post,HEEL,97,0.656545773193648,0.134901963221325,13
SE15,Post,HEEL,98,0.479979921752409,0.116278489362492,13
SE15,Post,HEEL,99,0.343542455103446,0.102162481782718,13
SE15,Post,HEEL,100,0.228505366234615,0.0873061249916071,13
GJ03,Post,FLAT,0,0.293275381963435,0.0597598739515416,14
GJ03,Post,FLAT,1,0.350434951719135,0.0672757831546023,14
GJ03,Post,FLAT,2,0.391283909317676,0.0742494278672412,14
GJ03,Post,FLAT,3,0.4112721518418,0.0789166387743939,14
GJ03,Post,FLAT,4,0.411097088743617,0.0791160988825261,14
GJ03,Post,FLAT,5,0.397935292917939,0.0737798260394773,14
GJ03,Post,FLAT,6,0.384249083308173,0.0656227870273541,14
GJ03,Post,FLAT,7,0.385686507190652,0.0647633036214521,14
GJ03,Post,FLAT,8,0.417603523019385,0.0821587119771833,14
GJ03,Post,FLAT,9,0.491552599634913,0.113554115259559,14
GJ03,Post,FLAT,10,0.612921853606124,0.148550223571086,14
GJ03,Post,FLAT,11,0.780005965312042,0.179520313429028,14
GJ03,Post,FLAT,12,0.984082519846335,0.201487978047601,14
GJ03,Post,FLAT,13,1.21259090245682,0.212672296352472,14
GJ03,Post,FLAT,14,1.45187999450701,0.213586989297525,14
GJ03,Post,FLAT,15,1.68817606011805,0.205561859889021,14
GJ03,Post,FLAT,16,1.91114364222671,0.192314376314584,14
GJ03,Post,FLAT,17,2.11409385732201,0.176981544437876,14
GJ03,Post,FLAT,18,2.29285488972854,0.162867641612788,14
GJ03,Post,FLAT,19,2.44691047620227,0.1527201237806,14
GJ03,Post,FLAT,20,2.57749645732213,0.149738308612084,14
GJ03,Post,FLAT,21,2.68657879600287,0.155807532368305,14
GJ03,Post,FLAT,22,2.77555606445935,0.170911084580685,14
GJ03,Post,FLAT,23,2.84735034851061,0.195738920451663,14
GJ03,Post,FLAT,24,2.90272774757573,0.2270259835009,14
GJ03,Post,FLAT,25,2.94400313349969,0.262759502065857,14
GJ03,Post,FLAT,26,2.9721108623793,0.301682844128078,14
GJ03,Post,FLAT,27,2.98930688482262,0.339580337964101,14
GJ03,Post,FLAT,28,2.99667166714684,0.374583820205814,14
GJ03,Post,FLAT,29,2.9976385408419,0.405986063645795,14
GJ03,Post,FLAT,30,2.99444926022665,0.432262274354862,14
GJ03,Post,FLAT,31,2.99091853015393,0.453766145464313,14
GJ03,Post,FLAT,32,2.9900113102611,0.469067720694501,14
GJ03,Post,FLAT,33,2.99409681252878,0.479767123810523,14
GJ03,Post,FLAT,34,3.00549778222051,0.485608059764639,14
GJ03,Post,FLAT,35,3.02615889447954,0.488119511091892,14
GJ03,Post,FLAT,36,3.05685403522745,0.488036412434365,14
GJ03,Post,FLAT,37,3.09825180941296,0.48619263573875,14
GJ03,Post,FLAT,38,3.1501634945455,0.483475536230556,14
GJ03,Post,FLAT,39,3.212613929431,0.480636388252079,14
GJ03,Post,FLAT,40,3.28527229821403,0.478042835239621,14
GJ03,Post,FLAT,41,3.36757330163647,0.475844428181112,14
GJ03,Post,FLAT,42,3.45920321191281,0.473623204589358,14
GJ03,Post,FLAT,43,3.55978809821206,0.471492044425875,14
GJ03,Post,FLAT,44,3.66901919303482,0.468326966222711,14
GJ03,Post,FLAT,45,3.78627209369157,0.464456946509549,14
GJ03,Post,FLAT,46,3.91089061224319,0.459379323626638,14
GJ03,Post,FLAT,47,4.04273215524392,0.453152065768008,14
GJ03,Post,FLAT,48,4.18089838829734,0.445689466033606,14
GJ03,Post,FLAT,49,4.3233842295318,0.4373869562234,14
GJ03,Post,FLAT,50,4.46992607558526,0.428172333504067,14
GJ03,Post,FLAT,51,4.61886381364779,0.418756044114706,14
GJ03,Post,FLAT,52,4.76864906304776,0.408993670822219,14
GJ03,Post,FLAT,53,4.91843170841013,0.398915411522278,14
GJ03,Post,FLAT,54,5.06692671630965,0.388135353112582,14
GJ03,Post,FLAT,55,5.21398193588522,0.377111980861467,14
GJ03,Post,FLAT,56,5.35869078122241,0.364943593373342,14
GJ03,Post,FLAT,57,5.50177945903026,0.35111026929644,14
GJ03,Post,FLAT,58,5.64336248038943,0.335981603478433,14
GJ03,Post,FLAT,59,5.78445645593432,0.319501304134349,14
GJ03,Post,FLAT,60,5.92660138993624,0.301141216790253,14
GJ03,Post,FLAT,61,6.07078382430415,0.281985070590861,14
GJ03,Post,FLAT,62,6.21880222734385,0.26235606462302,14
GJ03,Post,FLAT,63,6.37263687823921,0.243245297575274,14
GJ03,Post,FLAT,64,6.53298389709827,0.225421259040261,14
GJ03,Post,FLAT,65,6.70036746394753,0.210328182492054,14
GJ03,Post,FLAT,66,6.87544947807069,0.199144946770755,14
GJ03,Post,FLAT,67,7.05826058062785,0.19038068318837,14
GJ03,Post,FLAT,68,7.24723603658723,0.184823396096146,14
GJ03,Post,FLAT,69,7.44072067094785,0.180913623209082,14
GJ03,Post,FLAT,70,7.63691597036787,0.177243179282584,14
GJ03,Post,FLAT,71,7.83314083375762,0.172605353953038,14
GJ03,Post,FLAT,72,8.02682467058087,0.167237803492336,14
GJ03,Post,FLAT,73,8.21504380492968,0.160034804448194,14
GJ03,Post,FLAT,74,8.39522505004195,0.151937559201472,14
GJ03,Post,FLAT,75,8.56404347162092,0.143027649031114,14
GJ03,Post,FLAT,76,8.71798425060335,0.135591454692462,14
GJ03,Post,FLAT,77,8.85211194521253,0.129118439668027,14
GJ03,Post,FLAT,78,8.96072245649256,0.12300781676975,14
GJ03,Post,FLAT,79,9.03941283168196,0.119745859253475,14
GJ03,Post,FLAT,80,9.07951519727627,0.118059881530797,14
GJ03,Post,FLAT,81,9.07135490286184,0.119447344753609,14
GJ03,Post,FLAT,82,9.00655740073877,0.123751186504602,14
GJ03,Post,FLAT,83,8.8726217221791,0.135164622430506,14
GJ03,Post,FLAT,84,8.66259791748915,0.153284840186544,14
GJ03,Post,FLAT,85,8.36422482344975,0.179416054008508,14
GJ03,Post,FLAT,86,7.96984507675587,0.213886521413512,14
GJ03,Post,FLAT,87,7.47563460990998,0.251584294493115,14
GJ03,Post,FLAT,88,6.88178982441627,0.289839840803868,14
GJ03,Post,FLAT,89,6.19845340117433,0.324887734242011,14
GJ03,Post,FLAT,90,5.43981563674148,0.353344930382536,14
GJ03,Post,FLAT,91,4.63162240514225,0.370688783798838,14
GJ03,Post,FLAT,92,3.80467950904255,0.373196588571807,14
GJ03,Post,FLAT,93,2.99572126275404,0.359090093032828,14
GJ03,Post,FLAT,94,2.24200940305682,0.329219460257585,14
GJ03,Post,FLAT,95,1.57601057771323,0.285996939223382,14
GJ03,Post,FLAT,96,1.02169309945791,0.234016203351649,14
GJ03,Post,FLAT,97,0.590616018600288,0.179382965324505,14
GJ03,Post,FLAT,98,0.28095160385859,0.128259003796623,14
GJ03,Post,FLAT,99,0.079210875818346,0.0863519863088773,14
GJ03,Post,FLAT,100,-0.0366377009125488,0.057442047729111,14
GP04,Post,FLAT,0,0.0831370154597888,0.0339144055269636,13
GP04,Post,FLAT,1,0.169108819151999,0.0434608653363595,13
GP04,Post,FLAT,2,0.275312343201731,0.0517146015641277,13
GP04,Post,FLAT,3,0.396351253509984,0.0583439562436913,13
GP04,Post,FLAT,4,0.525590512478108,0.0634386197244975,13
GP04,Post,FLAT,5,0.656362940604784,0.0676216375086478,13
GP04,Post,FLAT,6,0.782621234351819,0.0712262689200923,13
GP04,Post,FLAT,7,0.899745057703809,0.074762089821355,13
GP04,Post,FLAT,8,1.00440145617727,0.077950161674662,13
GP04,Post,FLAT,9,1.09581710350463,0.0806716722765154,13
GP04,Post,FLAT,10,1.174916520974,0.08275687737938,13
GP04,Post,FLAT,11,1.2455288874645,0.0846063772443526,13
GP04,Post,FLAT,12,1.31327365899764,0.0864438898144146,13
GP04,Post,FLAT,13,1.38539799708502,0.0878811356774823,13
GP04,Post,FLAT,14,1.46903201758669,0.0890437298077078,13
GP04,Post,FLAT,15,1.5694284034117,0.0893727058436046,13
GP04,Post,FLAT,16,1.69004882726439,0.0882799282260768,13
GP04,Post,FLAT,17,1.82981270369355,0.0857065435303204,13
GP04,Post,FLAT,18,1.98373595038455,0.0822516208984514,13
GP04,Post,FLAT,19,2.14451222693247,0.0778667949405664,13
GP04,Post,FLAT,20,2.30265612837042,0.073376005719678,13
GP04,Post,FLAT,21,2.44843344311159,0.0689795983367866,13
GP04,Post,FLAT,22,2.57403614226815,0.0663898186359716,13
GP04,Post,FLAT,23,2.67359865662128,0.06543390208061,13
GP04,Post,FLAT,24,2.7444360175925,0.0680830172695396,13
GP04,Post,FLAT,25,2.78581446105816,0.0745304071593369,13
GP04,Post,FLAT,26,2.80038122248029,0.083942727688354,13
GP04,Post,FLAT,27,2.79109188206239,0.0956428599518647,13
GP04,Post,FLAT,28,2.76047488050061,0.10878970999936,13
GP04,Post,FLAT,29,2.71594316285319,0.121694511636065,13
GP04,Post,FLAT,30,2.65658708431605,0.134078321428795,13
GP04,Post,FLAT,31,2.58833635259128,0.14471207736592,13
GP04,Post,FLAT,32,2.51256972476323,0.152923465194024,13
GP04,Post,FLAT,33,2.43123549091587,0.16009227416799,13
GP04,Post,FLAT,34,2.34624569929227,0.164754226492962,13
GP04,Post,FLAT,35,2.25874963661694,0.166938007592813,13
GP04,Post,FLAT,36,2.17089727802409,0.166902527594224,13
GP04,Post,FLAT,37,2.08417794322459,0.16492085906923,13
GP04,Post,FLAT,38,2.00022443556356,0.161254750594729,13
GP04,Post,FLAT,39,1.92042501652791,0.156155971756505,13
GP04,Post,FLAT,40,1.84623692001121,0.149929760342126,13
GP04,Post,FLAT,41,1.77857468165285,0.142903189340752,13
GP04,Post,FLAT,42,1.71838467186336,0.135428240217859,13
GP04,Post,FLAT,43,1.666524137857,0.127891578093342,13
GP04,Post,FLAT,44,1.62377936187726,0.120585438180322,13
GP04,Post,FLAT,45,1.59095318668209,0.113972295028074,13
GP04,Post,FLAT,46,1.56895443126945,0.108396639247526,13
GP04,Post,FLAT,47,1.55855763675164,0.104369339173763,13
GP04,Post,FLAT,48,1.56040564241391,0.102238623465868,13
GP04,Post,FLAT,49,1.57520485318342,0.102233004121238,13
GP04,Post,FLAT,50,1.60336041462374,0.104070264421054,13
GP04,Post,FLAT,51,1.64503862195613,0.107474767613863,13
GP04,Post,FLAT,52,1.70049093362505,0.111608393689921,13
GP04,Post,FLAT,53,1.76954241978454,0.116155954241795,13
GP04,Post,FLAT,54,1.85201867047855,0.120485099935112,13
GP04,Post,FLAT,55,1.94800581986784,0.124511731298564,13
GP04,Post,FLAT,56,2.05756289920304,0.127988001654612,13
GP04,Post,FLAT,57,2.17980975379273,0.131602119597899,13
GP04,Post,FLAT,58,2.31579998926289,0.133931377527595,13
GP04,Post,FLAT,59,2.46457866213069,0.137634437410393,13
GP04,Post,FLAT,60,2.62571515689885,0.14083350619308,13
GP04,Post,FLAT,61,2.79867992050802,0.144360440317349,13
GP04,Post,FLAT,62,2.9819709177501,0.147085431546123,13
GP04,Post,FLAT,63,3.17284008364637,0.149147196668778,13
GP04,Post,FLAT,64,3.37010375927483,0.15027291177123,13
GP04,Post,FLAT,65,3.56983630066335,0.149942640155526,13
GP04,Post,FLAT,66,3.77015148141659,0.148271711545637,13
GP04,Post,FLAT,67,3.96709877378019,0.144209826046803,13
GP04,Post,FLAT,68,4.15815044851764,0.139515406697097,13
GP04,Post,FLAT,69,4.34132457913577,0.132157567697868,13
GP04,Post,FLAT,70,4.51558005764701,0.124293509655594,13
GP04,Post,FLAT,71,4.6797119363406,0.114962827377968,13
GP04,Post,FLAT,72,4.83391558026332,0.104906379048633,13
GP04,Post,FLAT,73,4.97739138356543,0.0949484537462396,13
GP04,Post,FLAT,74,5.11086372326983,0.0848874739277473,13
GP04,Post,FLAT,75,5.23431817962958,0.0757724996966236,13
GP04,Post,FLAT,76,5.34457135868057,0.0689014769891485,13
GP04,Post,FLAT,77,5.44137594616387,0.0635375055718021,13
GP04,Post,FLAT,78,5.51844847251244,0.0598116075602574,13
GP04,Post,FLAT,79,5.56934425731897,0.0575148914678798,13
GP04,Post,FLAT,80,5.59002937089229,0.0593692213052462,13
GP04,Post,FLAT,81,5.56889400527238,0.0638176005629717,13
GP04,Post,FLAT,82,5.49767734614699,0.0692914805195839,13
GP04,Post,FLAT,83,5.36940526847711,0.0798288751604216,13
GP04,Post,FLAT,84,5.17492288866912,0.0945860526934666,13
GP04,Post,FLAT,85,4.90920095255545,0.109525984034505,13
GP04,Post,FLAT,86,4.5720082775343,0.126402380387821,13
GP04,Post,FLAT,87,4.16716846624845,0.146161967507753,13
GP04,Post,FLAT,88,3.70086976991728,0.164138524830134,13
GP04,Post,FLAT,89,3.18647668958896,0.179722384960665,13
GP04,Post,FLAT,90,2.64327741382441,0.190375838930438,13
GP04,Post,FLAT,91,2.09252678490398,0.193181602673047,13
GP04,Post,FLAT,92,1.55985233431024,0.187066167251003,13
GP04,Post,FLAT,93,1.07043236409921,0.171443438308467,13
GP04,Post,FLAT,94,0.647290289766056,0.14693501607303,13
GP04,Post,FLAT,95,0.308166164724025,0.116190627535913,13
GP04,Post,FLAT,96,0.0621449928109318,0.0832023025291223,13
GP04,Post,FLAT,97,-0.0909923134128975,0.053050295755057,13
GP04,Post,FLAT,98,-0.160914776928109,0.0334794132048603,13
GP04,Post,FLAT,99,-0.165338097418357,0.0312743788992834,13
GP04,Post,FLAT,100,-0.126846220811745,0.0364273547307048,13
OJ08,Post,FLAT,0,0.208605358560718,0.0534494884816358,13
OJ08,Post,FLAT,1,0.261460904265145,0.0667058239394393,13
OJ08,Post,FLAT,2,0.298837142795651,0.0765744650645676,13
OJ08,Post,FLAT,3,0.314873242954656,0.0816580936676552,13
OJ08,Post,FLAT,4,0.308931810365254,0.0818623249823232,13
OJ08,Post,FLAT,5,0.286687545400239,0.078909999432844,13
OJ08,Post,FLAT,6,0.258874591647223,0.0761878370011153,13
OJ08,Post,FLAT,7,0.238560370831486,0.0771130394652165,13
OJ08,Post,FLAT,8,0.237687209431403,0.08260943919618,13
OJ08,Post,FLAT,9,0.264124048536226,0.0913843581080779,13
OJ08,Post,FLAT,10,0.320295716268788,0.1023367911893,13
OJ08,Post,FLAT,11,0.40392374212478,0.115850844688524,13
OJ08,Post,FLAT,12,0.509949002941649,0.132072569650702,13
OJ08,Post,FLAT,13,0.632906626174743,0.149438053556323,13
OJ08,Post,FLAT,14,0.768842425414579,0.165322809366551,13
OJ08,Post,FLAT,15,0.916026106973131,0.178059984592401,13
OJ08,Post,FLAT,16,1.07396193438531,0.18833447556032,13
OJ08,Post,FLAT,17,1.2427013650426,0.199930628446737,13
OJ08,Post,FLAT,18,1.42091610016844,0.217161745883262,13
OJ08,Post,FLAT,19,1.60536395592349,0.243221586267917,13
OJ08,Post,FLAT,20,1.79112339898372,0.276701085920624,13
OJ08,Post,FLAT,21,1.97107709897827,0.314254727114124,13
OJ08,Post,FLAT,22,2.13846962911383,0.352862649776337,13
OJ08,Post,FLAT,23,2.28430157197733,0.386128612985063,13
OJ08,Post,FLAT,24,2.4053429867061,0.416035084528857,13
OJ08,Post,FLAT,25,2.49555931456143,0.441048836925577,13
OJ08,Post,FLAT,26,2.5563114183962,0.46244525920136,13
OJ08,Post,FLAT,27,2.58866175601176,0.479842105173669,13
OJ08,Post,FLAT,28,2.59567181040616,0.494532482460336,13
OJ08,Post,FLAT,29,2.58306748325467,0.508458499317804,13
OJ08,Post,FLAT,30,2.55664669343278,0.523653931245447,13
OJ08,Post,FLAT,31,2.52322543491102,0.536367630608441,13
OJ08,Post,FLAT,32,2.4888260390519,0.549692338973357,13
OJ08,Post,FLAT,33,2.45877120274671,0.5623047942914,13
OJ08,Post,FLAT,34,2.43681562950632,0.573502871874272,13
OJ08,Post,FLAT,35,2.42603691485411,0.583349757640813,13
OJ08,Post,FLAT,36,2.42782437943335,0.591421811775178,13
OJ08,Post,FLAT,37,2.4429279602681,0.59700431395999,13
OJ08,Post,FLAT,38,2.47082254845634,0.599805755594352,13
OJ08,Post,FLAT,39,2.51077652183989,0.599419816448257,13
OJ08,Post,FLAT,40,2.56147859777147,0.595278692337384,13
OJ08,Post,FLAT,41,2.62181637412192,0.587350555617217,13
OJ08,Post,FLAT,42,2.69111744284263,0.575461135576115,13
OJ08,Post,FLAT,43,2.76910082651064,0.559599215236425,13
OJ08,Post,FLAT,44,2.85505210288647,0.540285484658154,13
OJ08,Post,FLAT,45,2.94990453379927,0.517815966843872,13
OJ08,Post,FLAT,46,3.05392226864826,0.493072508184915,13
OJ08,Post,FLAT,47,3.16735821871385,0.467021730754131,13
OJ08,Post,FLAT,48,3.28979455133357,0.440363058466236,13
OJ08,Post,FLAT,49,3.42128573090431,0.413776745021448,13
OJ08,Post,FLAT,50,3.56058588375451,0.388061055218873,13
OJ08,Post,FLAT,51,3.7070446095892,0.363307117945563,13
OJ08,Post,FLAT,52,3.85833977415351,0.340278286991473,13
OJ08,Post,FLAT,53,4.01346373104062,0.319065873519305,13
OJ08,Post,FLAT,54,4.16973169950979,0.299854252010061,13
OJ08,Post,FLAT,55,4.32608940833313,0.283402632261866,13
OJ08,Post,FLAT,56,4.48080871344783,0.269147141959316,13
OJ08,Post,FLAT,57,4.63311045154266,0.258274885692637,13
OJ08,Post,FLAT,58,4.78143860909213,0.249588342177159,13
OJ08,Post,FLAT,59,4.92606388443829,0.243612171484901,13
OJ08,Post,FLAT,60,5.06603633954585,0.239064499072072,13
OJ08,Post,FLAT,61,5.20116026456696,0.235174592711872,13
OJ08,Post,FLAT,62,5.33223079484458,0.232767231152073,13
OJ08,Post,FLAT,63,5.45803325418735,0.229267198429198,13
OJ08,Post,FLAT,64,5.57941213157767,0.225347600132501,13
OJ08,Post,FLAT,65,5.69636410847133,0.221238638154441,13
OJ08,Post,FLAT,66,5.80856437473608,0.215432528159922,13
OJ08,Post,FLAT,67,5.91669874316676,0.210161162852295,13
OJ08,Post,FLAT,68,6.02009057635749,0.203602053521307,13
OJ08,Post,FLAT,69,6.11966968178122,0.197003300610529,13
OJ08,Post,FLAT,70,6.21579117335355,0.190774080082407,13
OJ08,Post,FLAT,71,6.30734128547006,0.184236112192354,13
OJ08,Post,FLAT,72,6.39608382587566,0.178480007969752,13
OJ08,Post,FLAT,73,6.48030612557358,0.173063357520307,13
OJ08,Post,FLAT,74,6.55899358882045,0.168247567159716,13
OJ08,Post,FLAT,75,6.63041589444439,0.164207552090683,13
OJ08,Post,FLAT,76,6.69167360824495,0.160829794529459,13
OJ08,Post,FLAT,77,6.73664307486111,0.158297413902806,13
OJ08,Post,FLAT,78,6.76030825644302,0.156075809072908,13
OJ08,Post,FLAT,79,6.75494360012217,0.154360885418849,13
OJ08,Post,FLAT,80,6.71512218714039,0.154736846506001,13
OJ08,Post,FLAT,81,6.63330583428586,0.158082892058935,13
OJ08,Post,FLAT,82,6.50233871446584,0.166971238347355,13
OJ08,Post,FLAT,83,6.31555870609741,0.179282828975162,13
OJ08,Post,FLAT,84,6.0706332976962,0.197876223707565,13
OJ08,Post,FLAT,85,5.76630220353893,0.220687931342125,13
OJ08,Post,FLAT,86,5.39982945779659,0.246788205785338,13
OJ08,Post,FLAT,87,4.97444728571181,0.272741609199706,13
OJ08,Post,FLAT,88,4.49361484340608,0.296378846156032,13
OJ08,Post,FLAT,89,3.96719643033506,0.315416247611531,13
OJ08,Post,FLAT,90,3.40692197130576,0.324911317331261,13
OJ08,Post,FLAT,91,2.83379005520018,0.324449884266727,13
OJ08,Post,FLAT,92,2.27013165834584,0.309315859852554,13
OJ08,Post,FLAT,93,1.74160723388051,0.28023456037602,13
OJ08,Post,FLAT,94,1.27387003446487,0.23879551489331,13
OJ08,Post,FLAT,95,0.883964478581429,0.189147828831606,13
OJ08,Post,FLAT,96,0.581837821334466,0.137377953680004,13
OJ08,Post,FLAT,97,0.366235339880522,0.090734814389863,13
OJ08,Post,FLAT,98,0.225758927988086,0.0575143825825055,13
OJ08,Post,FLAT,99,0.142062107844399,0.0443561998040326,13
OJ08,Post,FLAT,100,0.0945586732462417,0.044938230302067,13
RL10,Post,FLAT,0,0.198180899027279,0.0372333920455062,12
RL10,Post,FLAT,1,0.266256543310051,0.0395059154190528,12
RL10,Post,FLAT,2,0.329125352015308,0.0411600512037929,12
RL10,Post,FLAT,3,0.379075408741532,0.0439394283699245,12
RL10,Post,FLAT,4,0.410655028313094,0.0485489816444588,12
RL10,Post,FLAT,5,0.421405494866146,0.0538933123721541,12
RL10,Post,FLAT,6,0.411908300099705,0.0580002919296315,12
RL10,Post,FLAT,7,0.385078699499068,0.0596950176631627,12
RL10,Post,FLAT,8,0.344651894673062,0.0589865090377193,12
RL10,Post,FLAT,9,0.294626127368153,0.0572339407673947,12
RL10,Post,FLAT,10,0.238806402438267,0.0563721281618789,12
RL10,Post,FLAT,11,0.181405040462462,0.0576601055598944,12
RL10,Post,FLAT,12,0.127754826164067,0.0608977354355639,12
RL10,Post,FLAT,13,0.0849296141456412,0.0646230179589283,12
RL10,Post,FLAT,14,0.0611614413891589,0.0674488180030667,12
RL10,Post,FLAT,15,0.0648635857334236,0.0691061371938221,12
RL10,Post,FLAT,16,0.102718214905456,0.0710505923748542,12
RL10,Post,FLAT,17,0.178024527144522,0.0758480986625717,12
RL10,Post,FLAT,18,0.289486923838186,0.0854809760837979,12
RL10,Post,FLAT,19,0.430923774024398,0.0994384991184319,12
RL10,Post,FLAT,20,0.5924896530493,0.115693510179064,12
RL10,Post,FLAT,21,0.761665895682879,0.132108478782823,12
RL10,Post,FLAT,22,0.926850130688276,0.147246855320542,12
RL10,Post,FLAT,23,1.07774129804958,0.160806864952852,12
RL10,Post,FLAT,24,1.20754509289015,0.172573844124764,12
RL10,Post,FLAT,25,1.3143996299835,0.183488129422148,12
RL10,Post,FLAT,26,1.39734733856708,0.193743004781053,12
RL10,Post,FLAT,27,1.46137648892613,0.203429019775029,12
RL10,Post,FLAT,28,1.51105000156574,0.213192638446634,12
RL10,Post,FLAT,29,1.55103913597268,0.223015004504913,12
RL10,Post,FLAT,30,1.58693247195118,0.233021376072468,12
RL10,Post,FLAT,31,1.62124887947551,0.242673278436108,12
RL10,Post,FLAT,32,1.65652027382268,0.251874199093583,12
RL10,Post,FLAT,33,1.6936912690126,0.259992417492511,12
RL10,Post,FLAT,34,1.73283005339664,0.266312741334876,12
RL10,Post,FLAT,35,1.77402063372684,0.270364363195637,12
RL10,Post,FLAT,36,1.81691531962233,0.271725030502031,12
RL10,Post,FLAT,37,1.86144983405384,0.270100689871023,12
RL10,Post,FLAT,38,1.9081394422356,0.265450622466506,12
RL10,Post,FLAT,39,1.95745949843085,0.258246111779306,12
RL10,Post,FLAT,40,2.01017415559119,0.248649705681821,12
RL10,Post,FLAT,41,2.06728491961946,0.237432484285428,12
RL10,Post,FLAT,42,2.1299125535368,0.225730359288322,12
RL10,Post,FLAT,43,2.19809031501504,0.214035030966172,12
RL10,Post,FLAT,44,2.2730020394855,0.203455398529361,12
RL10,Post,FLAT,45,2.35453630539174,0.194928269773123,12
RL10,Post,FLAT,46,2.44248423971837,0.187810046531315,12
RL10,Post,FLAT,47,2.53702662196949,0.183726478156184,12
RL10,Post,FLAT,48,2.63678052219141,0.180000490705731,12
RL10,Post,FLAT,49,2.74221208055453,0.177969682028484,12
RL10,Post,FLAT,50,2.85192491751576,0.176404718734337,12
RL10,Post,FLAT,51,2.9655012184875,0.175052160907947,12
RL10,Post,FLAT,52,3.08263417377622,0.173800240617128,12
RL10,Post,FLAT,53,3.20167455799209,0.173443100180803,12
RL10,Post,FLAT,54,3.32316736467459,0.173651196480857,12
RL10,Post,FLAT,55,3.44527973209021,0.175072560708443,12
RL10,Post,FLAT,56,3.5680277394908,0.178186320350374,12
RL10,Post,FLAT,57,3.68990112434322,0.181117005804444,12
RL10,Post,FLAT,58,3.81281502411098,0.184118794005012,12
RL10,Post,FLAT,59,3.93434214007502,0.186448777865933,12
RL10,Post,FLAT,60,4.05825839587541,0.187232015682372,12
RL10,Post,FLAT,61,4.1814517494067,0.186988065759955,12
RL10,Post,FLAT,62,4.30709806643147,0.183752685001942,12
RL10,Post,FLAT,63,4.43585454906317,0.177810613661528,12
RL10,Post,FLAT,64,4.56804841637392,0.172039988842871,12
RL10,Post,FLAT,65,4.704095181289,0.162699722221511,12
RL10,Post,FLAT,66,4.84483878157793,0.152811086742552,12
RL10,Post,FLAT,67,4.98835350628043,0.140990307351424,12
RL10,Post,FLAT,68,5.13453879121211,0.128237377923001,12
RL10,Post,FLAT,69,5.28178862307071,0.114614654780667,12
RL10,Post,FLAT,70,5.42652963285385,0.100573613290134,12
RL10,Post,FLAT,71,5.56619511723421,0.0886645043473361,12
RL10,Post,FLAT,72,5.69726605030051,0.0801402080279942,12
RL10,Post,FLAT,73,5.81474156735102,0.077859602212826,12
RL10,Post,FLAT,74,5.91417517089027,0.0827633623160989,12
RL10,Post,FLAT,75,5.99070536092016,0.0926434205405839,12
RL10,Post,FLAT,76,6.03760341259221,0.105739130230075,12
RL10,Post,FLAT,77,6.05090297231774,0.119250576725467,12
RL10,Post,FLAT,78,6.02754929130599,0.131401606843631,12
RL10,Post,FLAT,79,5.96168983305115,0.143647959265258,12
RL10,Post,FLAT,80,5.8484864268489,0.152133952927987,12
RL10,Post,FLAT,81,5.6898482605401,0.159411060815322,12
RL10,Post,FLAT,82,5.48345335420896,0.164763374099798,12
RL10,Post,FLAT,83,5.22908081367984,0.171009200589535,12
RL10,Post,FLAT,84,4.93135856366478,0.177334903769607,12
RL10,Post,FLAT,85,4.59433315237756,0.182831917395368,12
RL10,Post,FLAT,86,4.22080667348924,0.187878026522175,12
RL10,Post,FLAT,87,3.81745186207148,0.191316598515237,12
RL10,Post,FLAT,88,3.39112798506902,0.192778622083151,12
RL10,Post,FLAT,89,2.94928934072971,0.191336727964963,12
RL10,Post,FLAT,90,2.50360024847781,0.184733259562705,12
RL10,Post,FLAT,91,2.06778715753378,0.17393815447809,12
RL10,Post,FLAT,92,1.65743577693174,0.15837478583226,12
RL10,Post,FLAT,93,1.28754692738754,0.138846398593062,12
RL10,Post,FLAT,94,0.971068176249586,0.116350116731556,12
RL10,Post,FLAT,95,0.715859699761463,0.0934996911638603,12
RL10,Post,FLAT,96,0.522043002939943,0.0720588386891092,12
RL10,Post,FLAT,97,0.38273276453344,0.0548784002205309,12
RL10,Post,FLAT,98,0.285661490021056,0.0429898991547978,12
RL10,Post,FLAT,99,0.216117371119538,0.0364880747139028,12
RL10,Post,FLAT,100,0.160245010498,0.0338661510407358,12
SS11,Post,FLAT,0,0.118628142970818,0.0426973131181794,13
SS11,Post,FLAT,1,0.140890911932667,0.0492670255145363,13
SS11,Post,FLAT,2,0.150858236169285,0.0532981542675242,13
SS11,Post,FLAT,3,0.145934078606146,0.054190406530438,13
SS11,Post,FLAT,4,0.127123569397693,0.052000408121221,13
SS11,Post,FLAT,5,0.0993027193810663,0.0477257595529101,13
SS11,Post,FLAT,6,0.0702547299897087,0.0439076487385421,13
SS11,Post,FLAT,7,0.0488303313492765,0.0445319700246317,13
SS11,Post,FLAT,8,0.0427966733923883,0.0522325915308148,13
SS11,Post,FLAT,9,0.0570790775620787,0.0657652783808851,13
SS11,Post,FLAT,10,0.0930347540769693,0.0824662283881783,13
SS11,Post,FLAT,11,0.148746290732879,0.100497710166406,13
SS11,Post,FLAT,12,0.220214884743864,0.118594878245058,13
SS11,Post,FLAT,13,0.302880594624556,0.135944073049217,13
SS11,Post,FLAT,14,0.392611890478125,0.151717871417094,13
SS11,Post,FLAT,15,0.486431790132269,0.165094159266843,13
SS11,Post,FLAT,16,0.582630842836222,0.175729340289113,13
SS11,Post,FLAT,17,0.680267919992647,0.183682482188688,13
SS11,Post,FLAT,18,0.778651739480297,0.189531428127147,13
SS11,Post,FLAT,19,0.876887764401792,0.194738357554262,13
SS11,Post,FLAT,20,0.973944829679418,0.200565984712342,13
SS11,Post,FLAT,21,1.06787979494432,0.208075350475107,13
SS11,Post,FLAT,22,1.15733384385249,0.217469618997752,13
SS11,Post,FLAT,23,1.24043071406657,0.228608332566486,13
SS11,Post,FLAT,24,1.315751377407,0.24079209507161,13
SS11,Post,FLAT,25,1.38225554338501,0.252437100576907,13
SS11,Post,FLAT,26,1.44000545659479,0.264048724452612,13
SS11,Post,FLAT,27,1.48832964512446,0.275029481347707,13
SS11,Post,FLAT,28,1.52863302590026,0.284144726847133,13
SS11,Post,FLAT,29,1.56107096554531,0.292591397691066,13
SS11,Post,FLAT,30,1.58678874290461,0.299718343612139,13
SS11,Post,FLAT,31,1.60743957911311,0.306141286287294,13
SS11,Post,FLAT,32,1.62341366999495,0.311729029685833,13
SS11,Post,FLAT,33,1.63622741311328,0.316302021255857,13
SS11,Post,FLAT,34,1.64664409818744,0.32039374121178,13
SS11,Post,FLAT,35,1.65578650050372,0.323621960110878,13
SS11,Post,FLAT,36,1.66492701077263,0.326370934589127,13
SS11,Post,FLAT,37,1.67488811234893,0.328204294290466,13
SS11,Post,FLAT,38,1.68658115555284,0.329344268061247,13
SS11,Post,FLAT,39,1.70113236581499,0.329297024027952,13
SS11,Post,FLAT,40,1.71943848002219,0.328308005082479,13
SS11,Post,FLAT,41,1.74203559278257,0.326323032097889,13
SS11,Post,FLAT,42,1.76983293433706,0.323285703627708,13
SS11,Post,FLAT,43,1.80306306272893,0.319109808349615,13
SS11,Post,FLAT,44,1.84157937637527,0.313530177021313,13
SS11,Post,FLAT,45,1.88588314121736,0.307146619081613,13
SS11,Post,FLAT,46,1.93546574102457,0.299657868812157,13
SS11,Post,FLAT,47,1.99029349543741,0.291418620801982,13
SS11,Post,FLAT,48,2.04987979658686,0.282453140185632,13
SS11,Post,FLAT,49,2.11398128239724,0.273248950922898,13
SS11,Post,FLAT,50,2.18273326587371,0.264048409232142,13
SS11,Post,FLAT,51,2.25546378349124,0.255237478199366,13
SS11,Post,FLAT,52,2.33221729223727,0.246932966517453,13
SS11,Post,FLAT,53,2.4127047258903,0.239166611636504,13
SS11,Post,FLAT,54,2.49683394720687,0.232113105692697,13
SS11,Post,FLAT,55,2.58349774836673,0.225409777138041,13
SS11,Post,FLAT,56,2.67288263912992,0.218838885448985,13
SS11,Post,FLAT,57,2.76376522877748,0.212602541870086,13
SS11,Post,FLAT,58,2.85620581013484,0.206051268157762,13
SS11,Post,FLAT,59,2.94971952901675,0.198778125136631,13
SS11,Post,FLAT,60,3.04165286879669,0.190868482270501,13
SS11,Post,FLAT,61,3.13435333298367,0.182720580432659,13
SS11,Post,FLAT,62,3.22661036420514,0.172893877945092,13
SS11,Post,FLAT,63,3.31708586719782,0.161714371322603,13
SS11,Post,FLAT,64,3.40712915233518,0.150396264314393,13
SS11,Post,FLAT,65,3.49751062261407,0.138798561816772,13
SS11,Post,FLAT,66,3.5866778932002,0.126420151049872,13
SS11,Post,FLAT,67,3.67446417946207,0.114609728152522,13
SS11,Post,FLAT,68,3.76168298032188,0.104074719287699,13
SS11,Post,FLAT,69,3.84751616803018,0.0960468625566352,13
SS11,Post,FLAT,70,3.93053977878936,0.090109728975662,13
SS11,Post,FLAT,71,4.00953177049871,0.0869966769924306,13
SS11,Post,FLAT,72,4.08338753541646,0.0864866158009987,13
SS11,Post,FLAT,73,4.15052443377734,0.0875295422649545,13
SS11,Post,FLAT,74,4.20889157794,0.0907543123197492,13
SS11,Post,FLAT,75,4.25773724282652,0.094978751718961,13
SS11,Post,FLAT,76,4.29452511157692,0.0999312009307581,13
SS11,Post,FLAT,77,4.31752531762381,0.105363427057801,13
SS11,Post,FLAT,78,4.32591091347857,0.112166911642355,13
SS11,Post,FLAT,79,4.31601755081268,0.119040249852085,13
SS11,Post,FLAT,80,4.28767661257661,0.126695210935116,13
SS11,Post,FLAT,81,4.23669080272264,0.13408602054916,13
SS11,Post,FLAT,82,4.16187807346089,0.142040969388824,13
SS11,Post,FLAT,83,4.06038708166482,0.149218777149965,13
SS11,Post,FLAT,84,3.92941031130073,0.155390597367305,13
SS11,Post,FLAT,85,3.76636171998776,0.16024755675021,13
SS11,Post,FLAT,86,3.57007127016956,0.164027318928027,13
SS11,Post,FLAT,87,3.33866214623283,0.165381573134006,13
SS11,Post,FLAT,88,3.07729874083783,0.16455928798901,13
SS11,Post,FLAT,89,2.78975704866721,0.161287812623962,13
SS11,Post,FLAT,90,2.48469356195099,0.154362334171525,13
SS11,Post,FLAT,91,2.17348002594967,0.144316796348615,13
SS11,Post,FLAT,92,1.86811705436739,0.130372298336687,13
SS11,Post,FLAT,93,1.58140892049964,0.113509284494833,13
SS11,Post,FLAT,94,1.32286370709163,0.095114345538308,13
SS11,Post,FLAT,95,1.09863629578576,0.0788794167512359,13
SS11,Post,FLAT,96,0.909773952234777,0.0683547508187768,13
SS11,Post,FLAT,97,0.752158643297074,0.0647023201479736,13
SS11,Post,FLAT,98,0.618694846388495,0.0648086635673196,13
SS11,Post,FLAT,99,0.501138801728516,0.0641519246854252,13
SS11,Post,FLAT,100,0.392668808272451,0.06040214670371,13
BO11,Post,FLAT,0,0.0923098024114414,0.0445675995917763,12
BO11,Post,FLAT,1,0.101267404759192,0.0571571934802684,12
BO11,Post,FLAT,2,0.103984260454654,0.0667383303352035,12
BO11,Post,FLAT,3,0.100104399117594,0.0722757986093946,12
BO11,Post,FLAT,4,0.0913617244088464,0.0741352086307576,12
BO11,Post,FLAT,5,0.0814320692811111,0.0740917092593945,12
BO11,Post,FLAT,6,0.0752519150299033,0.0748775930943266,12
BO11,Post,FLAT,7,0.077880423669782,0.0790109938302982,12
BO11,Post,FLAT,8,0.0933510973191673,0.0875941540787854,12
BO11,Post,FLAT,9,0.124074695206376,0.100040041449643,12
BO11,Post,FLAT,10,0.170559319655606,0.114735140663625,12
BO11,Post,FLAT,11,0.231991437414766,0.129777301072551,12
BO11,Post,FLAT,12,0.306618675164756,0.143205853223048,12
BO11,Post,FLAT,13,0.392056904554807,0.153284231974614,12
BO11,Post,FLAT,14,0.485553967588017,0.158864524181825,12
BO11,Post,FLAT,15,0.583955397223521,0.159266665390594,12
BO11,Post,FLAT,16,0.683816444082863,0.154715904178953,12
BO11,Post,FLAT,17,0.78132206795963,0.145906155323241,12
BO11,Post,FLAT,18,0.872896661029688,0.134008511984104,12
BO11,Post,FLAT,19,0.955320597088141,0.120598320880728,12
BO11,Post,FLAT,20,1.02635020356526,0.10683293447763,12
BO11,Post,FLAT,21,1.08569460917305,0.0953872705860956,12
BO11,Post,FLAT,22,1.13300397500647,0.0874836621055612,12
BO11,Post,FLAT,23,1.17077192699841,0.0850112407820784,12
BO11,Post,FLAT,24,1.20070364098681,0.0870709985117035,12
BO11,Post,FLAT,25,1.22562971887733,0.0923627707756503,12
BO11,Post,FLAT,26,1.24766899379869,0.0987992190896563,12
BO11,Post,FLAT,27,1.26914627314399,0.105436159601013,12
BO11,Post,FLAT,28,1.29097508189275,0.111361397656483,12
BO11,Post,FLAT,29,1.31487744329434,0.116088716436873,12
BO11,Post,FLAT,30,1.34089276243368,0.120090402257609,12
BO11,Post,FLAT,31,1.36802316945341,0.122739782089802,12
BO11,Post,FLAT,32,1.39640382894523,0.124265006277882,12
BO11,Post,FLAT,33,1.42582331087799,0.124837709774971,12
BO11,Post,FLAT,34,1.45575099631037,0.124422092844463,12
BO11,Post,FLAT,35,1.48618221353098,0.122950985994313,12
BO11,Post,FLAT,36,1.51760867855455,0.121106639038665,12
BO11,Post,FLAT,37,1.55040317862463,0.119162662052039,12
BO11,Post,FLAT,38,1.58516625312967,0.117677247011706,12
BO11,Post,FLAT,39,1.62269866699318,0.117029205579943,12
BO11,Post,FLAT,40,1.66335601812348,0.117652777475318,12
BO11,Post,FLAT,41,1.70795591221292,0.119741529349401,12
BO11,Post,FLAT,42,1.7568384874125,0.122975610172743,12
BO11,Post,FLAT,43,1.81028851856761,0.127209169649198,12
BO11,Post,FLAT,44,1.86840450928892,0.131942808027898,12
BO11,Post,FLAT,45,1.93114315242322,0.136755036892991,12
BO11,Post,FLAT,46,1.99830946137567,0.141413498209293,12
BO11,Post,FLAT,47,2.06937572236411,0.145658319832805,12
BO11,Post,FLAT,48,2.14394913451724,0.149482112961431,12
BO11,Post,FLAT,49,2.22129490260652,0.152879926006965,12
BO11,Post,FLAT,50,2.30102056834667,0.155612068338968,12
BO11,Post,FLAT,51,2.38214791729754,0.157670162137724,12
BO11,Post,FLAT,52,2.46417798347653,0.159232176135612,12
BO11,Post,FLAT,53,2.54664110950193,0.160292603703578,12
BO11,Post,FLAT,54,2.62922839508068,0.160782138651536,12
BO11,Post,FLAT,55,2.71172869737545,0.160798292519577,12
BO11,Post,FLAT,56,2.79426732263217,0.160847541802058,12
BO11,Post,FLAT,57,2.87662990416417,0.160340016028579,12
BO11,Post,FLAT,58,2.95936784182725,0.159694494097203,12
BO11,Post,FLAT,59,3.04217505575325,0.158644595490571,12
BO11,Post,FLAT,60,3.12582189273075,0.157457840964699,12
BO11,Post,FLAT,61,3.2098863918731,0.156248751253665,12
BO11,Post,FLAT,62,3.29515234566953,0.154735209744258,12
BO11,Post,FLAT,63,3.3805982234154,0.153473681669655,12
BO11,Post,FLAT,64,3.46677081824878,0.152282903683352,12
BO11,Post,FLAT,65,3.55309333818534,0.15048617329054,12
BO11,Post,FLAT,66,3.63904075220961,0.148182084783795,12
BO11,Post,FLAT,67,3.72435906913208,0.144741077226861,12
BO11,Post,FLAT,68,3.80848599933846,0.140308258606633,12
BO11,Post,FLAT,69,3.89130869678736,0.135034847573659,12
BO11,Post,FLAT,70,3.97254542083059,0.129729857550991,12
BO11,Post,FLAT,71,4.05067608123337,0.12425099033079,12
BO11,Post,FLAT,72,4.12536636163592,0.118801357615635,12
BO11,Post,FLAT,73,4.19362186305288,0.113513294905077,12
BO11,Post,FLAT,74,4.25353327570366,0.10845665699951,12
BO11,Post,FLAT,75,4.30132752305341,0.104690042162636,12
BO11,Post,FLAT,76,4.33290861270664,0.101641086530117,12
BO11,Post,FLAT,77,4.34298058310738,0.102699083897531,12
BO11,Post,FLAT,78,4.32616621173439,0.111195375974835,12
BO11,Post,FLAT,79,4.27564702198255,0.129242768713835,12
BO11,Post,FLAT,80,4.18848564925421,0.155632195502362,12
BO11,Post,FLAT,81,4.06017862725837,0.186850750713759,12
BO11,Post,FLAT,82,3.89049160372102,0.22114153846418,12
BO11,Post,FLAT,83,3.67878034113253,0.254651377798479,12
BO11,Post,FLAT,84,3.4285283925959,0.284291454155183,12
BO11,Post,FLAT,85,3.14396425306781,0.307314378442551,12
BO11,Post,FLAT,86,2.83122260904457,0.323106454336508,12
BO11,Post,FLAT,87,2.49682438218758,0.329964339519224,12
BO11,Post,FLAT,88,2.15030920198359,0.326950009763159,12
BO11,Post,FLAT,89,1.80027196725056,0.314582718361646,12
BO11,Post,FLAT,90,1.45747540068467,0.292053385120168,12
BO11,Post,FLAT,91,1.13426789500548,0.260646381736512,12
BO11,Post,FLAT,92,0.842522064797922,0.221903065593978,12
BO11,Post,FLAT,93,0.592866664521882,0.177946112893083,12
BO11,Post,FLAT,94,0.392775181823979,0.132490167475455,12
BO11,Post,FLAT,95,0.24518690399879,0.0900008468058674,12
BO11,Post,FLAT,96,0.147070234917689,0.0551809836177378,12
BO11,Post,FLAT,97,0.0900094840466987,0.0331154527344169,12
BO11,Post,FLAT,98,0.061956895603678,0.0257413737075758,12
BO11,Post,FLAT,99,0.0497567227195325,0.0244966471689533,12
BO11,Post,FLAT,100,0.0420418531496735,0.0216820472178028,12
SE15,Post,FLAT,0,0.354642488958776,0.0417367559710205,13
SE15,Post,FLAT,1,0.438271020237485,0.0431830646509824,13
SE15,Post,FLAT,2,0.484313119743824,0.0489410315717315,13
SE15,Post,FLAT,3,0.47886799684032,0.0610565823071972,13
SE15,Post,FLAT,4,0.4168253600231,0.0762121245361189,13
SE15,Post,FLAT,5,0.304057176239624,0.0889262592170612,13
SE15,Post,FLAT,6,0.156985025429468,0.094897982800828,13
SE15,Post,FLAT,7,-0.000936840930268431,0.0920333140123593,13
SE15,Post,FLAT,8,-0.144234516308323,0.0815225393396763,13
SE15,Post,FLAT,9,-0.251077693158771,0.0686386510800464,13
SE15,Post,FLAT,10,-0.307471715743423,0.0633745300228719,13
SE15,Post,FLAT,11,-0.308832673050946,0.073104958920853,13
SE15,Post,FLAT,12,-0.259123472229763,0.0931309321071929,13
SE15,Post,FLAT,13,-0.168022321636944,0.11575939456521,13
SE15,Post,FLAT,14,-0.0474156199294809,0.137106530641252,13
SE15,Post,FLAT,15,0.0917030006422921,0.155761483587272,13
SE15,Post,FLAT,16,0.241047245108212,0.171781153148065,13
SE15,Post,FLAT,17,0.3952633874875,0.185852734534131,13
SE15,Post,FLAT,18,0.551348457897492,0.198762201937616,13
SE15,Post,FLAT,19,0.707593655968544,0.211679889678239,13
SE15,Post,FLAT,20,0.862297181165245,0.22534174569949,13
SE15,Post,FLAT,21,1.01303516141377,0.239486748527739,13
SE15,Post,FLAT,22,1.15648211199083,0.254028197811245,13
SE15,Post,FLAT,23,1.28952800572581,0.268172921436671,13
SE15,Post,FLAT,24,1.40868994386216,0.281284651094655,13
SE15,Post,FLAT,25,1.51090196296525,0.292323653203307,13
SE15,Post,FLAT,26,1.59508892114534,0.301793064882563,13
SE15,Post,FLAT,27,1.66059006398777,0.30862584520923,13
SE15,Post,FLAT,28,1.7087894940425,0.313965465905819,13
SE15,Post,FLAT,29,1.74036628566077,0.317230011651348,13
SE15,Post,FLAT,30,1.76019152780025,0.318977444307391,13
SE15,Post,FLAT,31,1.77049022795723,0.318535247546402,13
SE15,Post,FLAT,32,1.77462041788629,0.315931188572809,13
SE15,Post,FLAT,33,1.77659978425325,0.311048188741153,13
SE15,Post,FLAT,34,1.77926127584652,0.303751459156248,13
SE15,Post,FLAT,35,1.7851601253517,0.294054342090596,13
SE15,Post,FLAT,36,1.79647780900286,0.282376784699586,13
SE15,Post,FLAT,37,1.81462871463159,0.269149621317431,13
SE15,Post,FLAT,38,1.84036750540126,0.254904441906026,13
SE15,Post,FLAT,39,1.8738112128235,0.240121642071029,13
SE15,Post,FLAT,40,1.91486540998488,0.225703875540181,13
SE15,Post,FLAT,41,1.962593236068,0.211692035163365,13
SE15,Post,FLAT,42,2.01653779418448,0.198566696838477,13
SE15,Post,FLAT,43,2.07607786561445,0.187062585926259,13
SE15,Post,FLAT,44,2.1404935489405,0.177591832318197,13
SE15,Post,FLAT,45,2.21016081564954,0.171131485213976,13
SE15,Post,FLAT,46,2.28504159786542,0.167668152695108,13
SE15,Post,FLAT,47,2.36597042866664,0.168005637861796,13
SE15,Post,FLAT,48,2.45378669743294,0.171639799724387,13
SE15,Post,FLAT,49,2.54950899018255,0.178773856229591,13
SE15,Post,FLAT,50,2.65380873426941,0.18782542556052,13
SE15,Post,FLAT,51,2.76711752150035,0.198643009672531,13
SE15,Post,FLAT,52,2.88940528477648,0.209719125046222,13
SE15,Post,FLAT,53,3.01993442405232,0.221048931968086,13
SE15,Post,FLAT,54,3.15764416081011,0.232141989127094,13
SE15,Post,FLAT,55,3.30077871286062,0.242676299481517,13
SE15,Post,FLAT,56,3.44754580342541,0.252527336344242,13
SE15,Post,FLAT,57,3.59647849741488,0.261618415226805,13
SE15,Post,FLAT,58,3.74679602631075,0.269407953248027,13
SE15,Post,FLAT,59,3.89798735984941,0.276361212220521,13
SE15,Post,FLAT,60,4.05019823222853,0.281771889048003,13
SE15,Post,FLAT,61,4.20481750223128,0.285708772815035,13
SE15,Post,FLAT,62,4.36413106889122,0.287404531562079,13
SE15,Post,FLAT,63,4.53052140143739,0.28699284890449,13
SE15,Post,FLAT,64,4.70633405728004,0.285160558702954,13
SE15,Post,FLAT,65,4.89384575608906,0.282257167703893,13
SE15,Post,FLAT,66,5.09388231375903,0.279096158696652,13
SE15,Post,FLAT,67,5.30700752300925,0.276470046930965,13
SE15,Post,FLAT,68,5.53167121014416,0.273879143166719,13
SE15,Post,FLAT,69,5.76522497671428,0.272574120508625,13
SE15,Post,FLAT,70,6.00318982359859,0.270785576304872,13
SE15,Post,FLAT,71,6.23964305430367,0.268269770783861,13
SE15,Post,FLAT,72,6.46980401146748,0.264184775682735,13
SE15,Post,FLAT,73,6.68736201126551,0.258609089438977,13
SE15,Post,FLAT,74,6.88550294949223,0.250549808155302,13
SE15,Post,FLAT,75,7.05987913777227,0.239665787292423,13
SE15,Post,FLAT,76,7.20466915392708,0.227455171529908,13
SE15,Post,FLAT,77,7.31766846722526,0.213356351133499,13
SE15,Post,FLAT,78,7.39186959462147,0.197330417239381,13
SE15,Post,FLAT,79,7.43115018097609,0.183378318427005,13
SE15,Post,FLAT,80,7.43195795364015,0.170849564694664,13
SE15,Post,FLAT,81,7.38857402169771,0.162885574789469,13
SE15,Post,FLAT,82,7.30297506182847,0.16283945160847,13
SE15,Post,FLAT,83,7.17047640870367,0.172166830629404,13
SE15,Post,FLAT,84,6.98581796841845,0.192522872057437,13
SE15,Post,FLAT,85,6.74294339090854,0.218644919686728,13
SE15,Post,FLAT,86,6.43488700092872,0.249759672958046,13
SE15,Post,FLAT,87,6.05184080223615,0.280539750559112,13
SE15,Post,FLAT,88,5.59295581424731,0.309127953839644,13
SE15,Post,FLAT,89,5.05778007679957,0.330805496416876,13
SE15,Post,FLAT,90,4.45629454106895,0.344023231116353,13
SE15,Post,FLAT,91,3.80715103618935,0.3465623837052,13
SE15,Post,FLAT,92,3.13768340430981,0.336432080271996,13
SE15,Post,FLAT,93,2.48075340110406,0.313418140973371,13
SE15,Post,FLAT,94,1.87136548057584,0.277836073537043,13
SE15,Post,FLAT,95,1.33956477824657,0.232840585275175,13
SE15,Post,FLAT,96,0.905729212129769,0.182915034396609,13
SE15,Post,FLAT,97,0.577830686835922,0.134097673180063,13
SE15,Post,FLAT,98,0.350122853137416,0.0926059375228782,13
SE15,Post,FLAT,99,0.205862487356869,0.0638013034106054,13
SE15,Post,FLAT,100,0.121867520087698,0.0498866657319934,13
